personId,firstName,lastName,birthDate,school,country,heightInches,bodyWeightLbs,guard,forward,center,draftYear,draftRound,draftNumber
196294611,Olivinha,"",,,"",,,"","","","","",""
43217,Olivinha,"",,,"",,,"","","","","",""
196294534,Alberto,Abalde,,,"",,,"","","","","",""
76001,Alaa,Abdelnaby,,,USA,,,False,True,False,1990.0,1.0,25.0
76002,Zaid,Abdul-Aziz,,,USA,,,False,False,True,1968.0,1.0,5.0
76003,Kareem,Abdul-Jabbar,,,USA,,,False,False,True,1969.0,1.0,1.0
51,Mahmoud,Abdul-Rauf,,,USA,,,True,False,False,1990.0,1.0,3.0
1505,Tariq,Abdul-Wahad,,,France,,,True,True,False,1997.0,1.0,11.0
949,Shareef,Abdur-Rahim,,,USA,,,False,True,False,1996.0,1.0,3.0
1627114,Tom,Abercrombie,,,"",,,"","","","","",""
196294573,Tom,Abercrombie,,,"",,,False,True,False,"","",""
76005,Tom,Abernethy,,,USA,,,False,True,False,1976.0,3.0,43.0
582,Mustafa,Abi,,,"",,,"","","","","",""
76006,Forest,Able,,,USA,,,True,False,False,1956.0,"",""
1630546,Max,Abmas,,,,,,,,,,,
76007,John,Abramovic,,,USA,,,False,True,False,-1.0,-1.0,-1.0
203518,Alex,Abrines,,,Spain,,,True,False,False,2013.0,2.0,32.0
56017,Alex,Abrines,,,"",,,"","","","","",""
1630173,Precious,Achiuwa,,,,,,,,,,,
101165,Alex,Acker,,,USA,,,True,False,False,2005.0,2.0,60.0
76008,Donald,Ackerman,,,USA,,,True,False,False,1953.0,2.0,""
76009,Mark,Acres,,,USA,,,False,False,True,1985.0,2.0,40.0
76010,Charles,Acton,,,USA,,,False,True,False,-1.0,-1.0,-1.0
196294104,Deng,Acuoth,,,"",,,"","","","","",""
64058,Deng,Acuoth,,,"",,,"","","","","",""
203112,Quincy,Acy,,,USA,,,False,True,False,2012.0,2.0,37.0
76011,Alvan,Adams,,,USA,,,False,False,True,1975.0,1.0,4.0
76012,Don,Adams,,,USA,,,False,True,False,1970.0,8.0,120.0
200801,Hassan,Adams,,,USA,,,False,True,False,2006.0,2.0,54.0
1629824,Jalen,Adams,,,"",,,"","","","","",""
1629121,Jaylen,Adams,,,USA,,,True,False,False,-1.0,-1.0,-1.0
203919,Jordan,Adams,,,USA,,,True,False,False,2014.0,1.0,22.0
149,Michael,Adams,,,USA,,,True,False,False,1985.0,3.0,66.0
203500,Steven,Adams,,,,,,,,,,,
912,Rafael,Addison,,,USA,,,False,True,False,1986.0,2.0,39.0
1628389,Bam,Adebayo,,,,,,false,false,false,,,
1629061,Deng,Adel,,,South Sudan,,,False,True,False,2018.0,"",""
200846,Kenny,Adeleke,,,"",,,"","","","","",""
76015,Rick,Adelman,,,USA,,,True,False,False,1968.0,7.0,79.0
27025,Kyle,Adnam,,,"",,,"","","","","",""
64049,Kyle,Adnam,,,"",,,"","","","","",""
196294137,Jeff,Adrien,,,"",,,"","","","","",""
202399,Jeff,Adrien,,,USA,,,"","","",-1.0,-1.0,-1.0
201167,Arron,Afflalo,,,USA,,,True,False,False,2007.0,1.0,27.0
1630534,Ochai,Agbaji,,,,,,,,,,,
200772,Maurice,Ager,,,USA,,,True,True,False,2006.0,1.0,28.0
1962936108,Pablo,Aguilar,,,"",,,"","","","","",""
203196,Ronnie,Aguilar,,,"",,,"","","","","",""
1966938162,Gustavo,Aguirre,,,"",,,True,False,False,"","",""
76016,Mark,Aguirre,,,USA,,,False,True,False,1981.0,1.0,1.0
52600,Gustavo Nicolas,Agurre,,,"",,,False,False,False,"","",""
201336,Blake,Ahearn,,,USA,,,True,False,False,-1.0,-1.0,-1.0
76017,Danny,Ainge,,,USA,,,True,False,False,1981.0,2.0,31.0
201582,Alexis,Ajinca,,,France,,,False,False,True,2008.0,1.0,20.0
76018,Henry,Akin,,,USA,,,False,False,True,1966.0,2.0,11.0
101224,Deji,Akindele,,,"",,,"","","","","",""
200836,Akin,Akingbala,,,"",,,"","","","","",""
1631231,James,Akinjo,,,,,,,,,,,
1962937763,Josh,Akognon,,,"",,,False,False,False,"","",""
203006,Josh,Akognon,,,USA,,,True,False,False,-22.0,-22.0,-22.0
203191,Josh,Akognon,,,"",,,"","","","","",""
1629152,DeVaughn,Akoon-Purcell,,,Trinidad and Tobago,,,True,True,False,2016.0,"",""
574,Cenk,Akyol,,,"",,,"","","","","",""
202374,Solomon,Alabi,,,Nigeria,,,False,False,True,2010.0,2.0,50.0
76019,Mark,Alarie,,,USA,,,False,True,False,1986.0,1.0,18.0
196294581,Eidan,Alber,,,"",,,"","","","","",""
1966938138,Augusto,Alcassa,,,"",,,"","","","","",""
76020,Gary,Alcorn,,,USA,,,False,False,True,1959.0,3.0,16.0
1630583,Santi,Aldama,,,,,,false,false,false,,,
203128,Furkan,Aldemir,,,Turkey,,,False,True,True,2012.0,2.0,53.0
202332,Cole,Aldrich,,,USA,,,False,False,True,2010.0,1.0,11.0
200746,LaMarcus,Aldridge,,,USA,,,False,True,True,2006.0,1.0,2.0
76021,Chuck,Aleksinas,,,USA,,,False,False,True,1982.0,4.0,76.0
101243,Chris,Alexander,,,"",,,"","","","","",""
1626146,Cliff,Alexander,,,USA,,,False,True,False,-1.0,-1.0,-1.0
724,Cory,Alexander,,,USA,,,True,False,False,1995.0,1.0,29.0
2042,Courtney,Alexander,,,USA,,,True,False,False,2000.0,1.0,13.0
2650,Demetrius,Alexander,,,"",,,"","","","","",""
76022,Gary,Alexander,,,USA,,,False,True,False,-22.0,-22.0,-22.0
201570,Joe,Alexander,,,USA,,,False,True,False,2008.0,1.0,8.0
1629734,Kyle,Alexander,,,Canada,,,False,True,True,-1.0,-1.0,-1.0
1641725,Trey,Alexander,,,,,,,,,,,
1630234,Ty-Shon,Alexander,,,USA,,,True,False,False,-1.0,-1.0,-1.0
2349,Victor,Alexander,,,USA,,,False,True,False,1991.0,1.0,17.0
1629638,Nickeil,Alexander-Walker,,,,,,,,,,,
1962937930,Carlos,Alexandre,,,"",,,"","","","","",""
1628576,Bryce,Alford,,,USA,,,False,False,False,-22.0,-22.0,-22.0
76024,Steve,Alford,,,USA,,,True,False,False,1987.0,2.0,26.0
1628959,Rawle,Alkins,,,USA,,,True,False,False,-1.0,-1.0,-1.0
76028,Bob,Allen,,,USA,,,False,True,False,1968.0,6.0,71.0
1628960,Grayson,Allen,,,,,,false,false,false,,,
1628386,Jarrett,Allen,,,,,,false,false,false,,,
43229,Jeff,Allen,,,"",,,False,False,False,"","",""
706,Jerome,Allen,,,USA,,,True,False,False,1995.0,2.0,49.0
1628443,Kadeem,Allen,,,USA,,,True,False,False,2017.0,2.0,53.0
202730,Lavoy,Allen,,,USA,,,False,True,True,2011.0,2.0,50.0
76027,Lucius,Allen,,,USA,,,True,False,False,1969.0,1.0,3.0
2124,Malik,Allen,,,USA,,,False,True,False,-1.0,-1.0,-1.0
1629305,Marcus,Allen,,,"",,,"","","","","",""
76025,Randy,Allen,,,USA,,,False,True,False,-22.0,-22.0,-22.0
951,Ray,Allen,,,USA,,,True,False,False,1996.0,1.0,5.0
203206,Ryan,Allen,,,"",,,"","","","","",""
1641851,Timmy,Allen,,,USA,,,False,False,False,-22.0,-22.0,-22.0
2754,Tony,Allen,,,USA,,,True,True,False,2004.0,1.0,25.0
196295497,Akech,Allir,,,,,,,,,,,
76029,Odis,Allison,,,USA,,,False,True,False,1971.0,5.0,76.0
200984,Lance,Allred,,,USA,,,False,False,True,-1.0,-1.0,-1.0
76030,Darrell,Allums,,,USA,,,False,True,False,1980.0,5.0,103.0
201165,Morris,Almond,,,USA,,,True,False,False,2007.0,1.0,25.0
64001,Amit,Alon,,,"",,,"","","","","",""
196295494,Yonatan,Alon,,,,,,,,,,,
308,Derrick,Alston,,,USA,,,False,False,True,1994.0,2.0,33.0
1747,Rafer,Alston,,,USA,,,True,False,False,1998.0,2.0,39.0
1630247,Derrick,Alston Jr.,,,USA,,,False,False,False,-22.0,-22.0,-22.0
43309,Can,Altintig,,,"",,,"","","","","",""
43191,Ben,Altit,,,"",,,"","","","","",""
1824,Peter,Aluma,,,USA,,,False,False,True,-1.0,-1.0,-1.0
1630631,Jose,Alvarado,,,,,,,,,,,
680,John,Amaechi,,,United Kingdom,,,False,True,True,-1.0,-1.0,-1.0
732,Ashraf,Amaya,,,USA,,,False,False,False,-22.0,-22.0,-22.0
202329,Al-Farouq,Aminu,,,USA,,,False,True,False,2010.0,1.0,8.0
1966938153,Gil,Amitay,,,"",,,"","","","","",""
200811,Lou,Amundson,,,USA,,,False,True,False,-1.0,-1.0,-1.0
76034,Bob,Anderegg,,,USA,,,False,True,False,1959.0,3.0,20.0
525,Andersen,Andersen,,,"",,,"","","","","",""
2365,Chris,Andersen,,,USA,,,False,True,True,-1.0,-1.0,-1.0
2431,David,Andersen,,,Australia,,,"","","",2002.0,2.0,36.0
56004,David,Andersen,,,"",,,"","","","","",""
101187,Alan,Anderson,,,USA,,,True,True,False,-1.0,-1.0,-1.0
41628,Alan,Anderson,,,"",,,"","","","","",""
202079,Antonio,Anderson,,,USA,,,True,False,False,-1.0,-1.0,-1.0
1629190,C.J.,Anderson,,,"",,,"","","","","",""
76035,Cliff,Anderson,,,USA,,,True,False,False,1967.0,4.0,35.0
76036,Daniel,Anderson,,,USA,,,True,False,False,1974.0,6.0,92.0
1507,Derek,Anderson,,,USA,,,True,False,False,1997.0,1.0,13.0
76037,Dwight,Anderson,,,USA,,,True,False,False,1982.0,2.0,41.0
1966938154,Eric,Anderson,,,"",,,False,False,True,"","",""
944,Eric,Anderson,,,USA,,,False,True,False,-1.0,-1.0,-1.0
246,Greg,Anderson,,,USA,,,False,True,True,1987.0,1.0,23.0
202815,Jake,Anderson,,,"",,,"","","","","",""
202341,James,Anderson,,,USA,,,True,True,False,2010.0,1.0,20.0
76040,Jerome,Anderson,,,USA,,,True,False,False,1975.0,3.0,53.0
1626147,Justin,Anderson,,,USA,,,True,True,False,2015.0,1.0,21.0
72,Kenny,Anderson,,,USA,,,True,False,False,1991.0,1.0,2.0
203198,Kevin,Anderson,,,"",,,"","","","","",""
76041,Kim,Anderson,,,USA,,,False,True,False,1978.0,7.0,146.0
203937,Kyle,Anderson,,,,,,,,,,,
196294559,Lachlan,Anderson,,,"",,,"","","","","",""
76042,Michael,Anderson,,,USA,,,True,False,False,1988.0,3.0,73.0
76043,Mitchell,Anderson,,,USA,,,False,True,False,1982.0,2.0,36.0
98,Nick,Anderson,,,USA,,,True,True,False,1989.0,1.0,11.0
76045,Richard,Anderson,,,USA,,,False,True,False,1982.0,2.0,32.0
76046,Ron,Anderson,,,USA,,,False,True,False,1984.0,2.0,27.0
201583,Ryan,Anderson,,,USA,,,False,True,False,2008.0,1.0,21.0
1000,Shandon,Anderson,,,USA,,,True,True,False,1996.0,2.0,54.0
335,Willie,Anderson,,,USA,,,True,True,False,1988.0,1.0,10.0
76048,Wally,Anderzunas,,,USA,,,False,False,True,1969.0,2.0,25.0
1627882,Andrew,Andrews,,,"",,,"","","","","",""
1962937812,Zach,Andrews,,,"",,,"","","","","",""
101149,Martynas,Andriuskevicius,,,Lithuania,,,False,False,True,2005.0,2.0,44.0
43230,Brody,Angley,,,"",,,False,False,False,"","",""
1629132,Braian,Angola-Rodas,,,"",,,"","","","","",""
76049,Don,Anielak,,,USA,,,False,True,False,1954.0,3.0,26.0
196295097,Alec,Anigbata,,,"",,,"","","","","",""
1628387,Ike,Anigbogu,,,USA,,,False,False,True,2017.0,2.0,47.0
41005,Michailas,Anisimovas,,,"",,,"","","","","",""
76050,Michael,Ansley,,,USA,,,False,True,False,1989.0,2.0,37.0
1512,Chris,Anstey,,,Australia,,,False,False,True,1997.0,1.0,18.0
203507,Giannis,Antetokounmpo,,,,,,,,,,,
1628961,Kostas,Antetokounmpo,,,Greece,,,False,True,False,2018.0,2.0,60.0
203648,Thanasis,Antetokounmpo,,,,,,,,,,,
2546,Carmelo,Anthony,,,USA,,,False,True,False,2003.0,1.0,3.0
1630175,Cole,Anthony,,,,,,,,,,,
21,Greg,Anthony,,,USA,,,True,False,False,1991.0,1.0,12.0
201202,Joel,Anthony,,,Canada,,,False,False,True,-1.0,-1.0,-1.0
203544,Pero,Antic,,,Macedonia,,,False,True,True,-1.0,-1.0,-1.0
196295061,Grant,Anticevich,,,"",,,"","","","","",""
196294553,Jonah,Antonio,,,"",,,"","","","","",""
1628384,OG,Anunoby,,,,,,false,false,false,,,
2644,Rick,Apodaca,,,"",,,"","","","","",""
203951,Keith,Appling,,,USA,,,False,False,False,-22.0,-22.0,-22.0
2737,Rafael,Araujo,,,Brazil,,,False,False,True,2004.0,1.0,8.0
76053,Stacey,Arceneaux,,,USA,,,False,False,False,-22.0,-22.0,-22.0
76054,Nate,Archibald,,,USA,,,True,False,False,1970.0,2.0,19.0
2425,Robert,Archibald,,,Scotland,,,False,True,False,2002.0,2.0,31.0
196295064,Chris,Arcidiacono,,,"",,,"","","","","",""
1627853,Ryan,Arcidiacono,,,USA,,,True,False,False,-1.0,-1.0,-1.0
76055,Jim,Ard,,,USA,,,False,False,True,1970.0,1.0,6.0
2240,Gilbert,Arenas,,,USA,,,True,False,False,2001.0,2.0,30.0
43231,Liraz,Ariely,,,"",,,"","","","","",""
2772,Trevor,Ariza,,,USA,,,False,True,False,2004.0,2.0,43.0
76056,Paul,Arizin,,,USA,,,False,True,False,1950.0,"",""
76057,Joe,Arlauckas,,,USA,,,False,True,False,1987.0,4.0,74.0
1631317,Adonis,Arms,,,USA,,,False,False,False,-22.0,-22.0,-22.0
769,B.J.,Armstrong,,,USA,,,True,False,False,1989.0,1.0,18.0
76061,Bob,Armstrong,,,USA,,,False,False,True,-22.0,-22.0,-22.0
2220,Brandon,Armstrong,,,USA,,,True,False,False,2001.0,1.0,23.0
353,Darrell,Armstrong,,,USA,,,True,False,False,-1.0,-1.0,-1.0
200756,Hilton,Armstrong,,,USA,,,False,True,True,2006.0,1.0,12.0
76060,Paul,Armstrong,,,USA,,,True,False,False,-22.0,-22.0,-22.0
1642379,Taran,Armstrong,,,"",,,"","","","","",""
196294551,Taran,Armstrong,,,"",,,"","","","","",""
76059,Tate,Armstrong,,,USA,,,True,False,False,1977.0,1.0,13.0
76062,Jesse,Arnelle,,,USA,,,False,True,False,1955.0,2.0,13.0
76063,Jay,Arnette,,,USA,,,True,False,False,1960.0,2.0,9.0
547,Arnold,Arnold,,,"",,,"","","","","",""
76064,Bob,Arnzen,,,USA,,,False,True,False,1969.0,8.0,103.0
2306,Carlos,Arroyo,,,Puerto Rico,,,True,False,False,-1.0,-1.0,-1.0
590,Ender,Arslan,,,"",,,"","","","","",""
201589,Darrell,Arthur,,,USA,,,False,True,False,2008.0,1.0,27.0
76065,John,Arthurs,,,USA,,,True,False,False,1969.0,6.0,73.0
1628503,Jamel,Artis,,,USA,,,True,False,False,-1.0,-1.0,-1.0
1962937170,Netanel,Artzi,,,"",,,"","","","","",""
1626165,Brandon,Ashley,,,"",,,"","","","","",""
201600,Omer,Asik,,,Turkey,,,False,False,True,2008.0,2.0,36.0
355,Vincent,Askew,,,USA,,,True,False,False,1987.0,2.0,39.0
173,Keith,Askins,,,USA,,,True,True,False,-22.0,-22.0,-22.0
76068,Don,Asmonga,,,USA,,,True,False,False,-1.0,-1.0,-1.0
202213,Connor,Atchley,,,"",,,"","","","","",""
76069,Richard,Atha,,,USA,,,True,False,False,1953.0,"",""
196294582,Yonatan,Atias,,,"",,,"","","","","",""
1088,Chucky,Atkins,,,USA,,,True,False,False,-1.0,-1.0,-1.0
1626276,Darion,Atkins,,,"",,,"","","","","",""
76070,Alvin,Attles,,,USA,,,True,False,False,1960.0,5.0,39.0
76071,Chet,Aubuchon,,,USA,,,True,False,False,-1.0,-1.0,-1.0
1641914,Chase,Audige,,,USA,,,False,False,False,-22.0,-22.0,-22.0
278,Stacey,Augmon,,,USA,,,True,True,False,1991.0,1.0,9.0
1627811,Zach,Auguste,,,"",,,"","","","","",""
201571,D.J.,Augustin,,,USA,,,True,False,False,2008.0,1.0,9.0
200788,James,Augustine,,,USA,,,False,True,False,2006.0,2.0,41.0
558,"",Austin,,,"",,,"","","","","",""
1627649,Brandon,Austin,,,"",,,"","","","","",""
1134,Ike,Austin,,,USA,,,False,False,True,1991.0,2.0,48.0
76073,John,Austin,,,USA,,,True,False,False,1966.0,4.0,38.0
76074,Ken,Austin,,,USA,,,False,True,False,1983.0,5.0,101.0
1643113,Zack,Austin,,,,,,,,,,,
56070,Vule,Avdalovic,,,"",,,"","","","","",""
1630166,Deni,Avdija,,,,,,,,,,,
138,Anthony,Avent,,,USA,,,False,False,True,1991.0,1.0,15.0
76076,William,Averitt,,,USA,,,True,False,False,1973.0,4.0,55.0
1895,William,Avery,,,USA,,,True,False,False,1999.0,1.0,14.0
196294083,Niv,Avidan,,,"",,,"","","","","",""
1627938,J.J.,Avila,,,"",,,"","","","","",""
76078,Dennis,Awtrey,,,USA,,,False,False,True,1970.0,3.0,46.0
1630555,Joel,Ayayi,,,France,,,True,False,False,-1.0,-1.0,-1.0
202970,Gustavo,Ayon,,,Mexico,,,"","","",-1.0,-1.0,-1.0
2148,Mark,Ayotte,,,"",,,"","","","","",""
201965,Jeff,Ayres,,,USA,,,False,True,True,2009.0,2.0,31.0
1629028,Deandre,Ayton,,,,,,false,false,false,,,
101235,Kelenna,Azubuike,,,United Kingdom,,,True,False,False,-1.0,-1.0,-1.0
1628962,Udoka,Azubuike,,,Nigeria,,,False,True,True,2020.0,1.0,27.0
1629819,Yudai,Baba,,,"",,,"","","","","",""
203569,Chris,Babb,,,USA,,,True,False,False,-1.0,-1.0,-1.0
202337,Luke,Babbitt,,,USA,,,False,True,False,2010.0,1.0,16.0
76079,Milos,Babic,,,USA,,,False,False,True,1990.0,2.0,50.0
41002,Stepas,Babrauskas,,,"",,,"","","","","",""
76080,Johnny,Bach,,,USA,,,False,True,False,1948.0,"",""
203947,Jordan,Bachynski,,,"",,,"","","","","",""
1628407,Dwayne,Bacon,,,USA,,,True,True,False,2017.0,2.0,40.0
196294583,Dwayne,Bacon,,,"",,,False,True,False,"","",""
1630654,Armando,Bacot,,,USA,,,False,False,False,-22.0,-22.0,-22.0
2587,Malick,Badiane,,,"",,,"","","","","",""
1630641,Ibou,Badji,,,,,,,,,,,
76081,Jim,Baechtold,,,USA,,,False,True,False,1952.0,1.0,2.0
2053,Dalibor,Bagaric,,,Croatia,,,False,False,True,2000.0,1.0,24.0
76082,John,Bagley,,,USA,,,True,False,False,1982.0,1.0,12.0
1630542,Marcus,Bagley,,,"",,,False,True,False,"","",""
1628963,Marvin,Bagley III,,,,,,,,,,,
1642846,Ace,Bailey,,,,,,false,false,false,,,
1641735,Amari,Bailey,,,USA,,,True,False,False,2023.0,2.0,41.0
76084,Carl,Bailey,,,USA,,,False,False,True,1980.0,3.0,66.0
76083,Gus,Bailey,,,USA,,,True,False,False,1974.0,2.0,23.0
76085,James,Bailey,,,USA,,,False,True,False,1979.0,1.0,6.0
101228,Kyle,Bailey,,,"",,,"","","","","",""
1847,Thurl,Bailey,,,USA,,,False,True,False,1983.0,1.0,7.0
1753,Toby,Bailey,,,USA,,,True,False,False,1998.0,2.0,45.0
203946,Cameron,Bairstow,,,Australia,,,False,True,True,2014.0,2.0,49.0
196295055,Sean,Bairstow,,,"",,,"","","","","",""
1858,Mark,Baker,,,USA,,,True,False,False,-1.0,-1.0,-1.0
2486,Maurice,Baker,,,USA,,,True,False,False,-1.0,-1.0,-1.0
76089,Norm,Baker,,,Canada,,,True,False,False,-1.0,-1.0,-1.0
1627758,Ron,Baker,,,USA,,,True,False,False,-1.0,-1.0,-1.0
452,Vin,Baker,,,USA,,,False,True,False,1993.0,1.0,8.0
1627836,Gracin,Bakumanya,,,"",,,"","","","","",""
196294607,Franco,Balbi,,,"",,,True,False,False,"","",""
64143,Franco,Balbi,,,"",,,"","","","","",""
1627735,Wade,Baldwin IV,,,USA,,,True,False,False,2016.0,1.0,17.0
1631116,Patrick,Baldwin Jr.,,,,,,,,,,,
200764,Renaldo,Balkman,,,USA,,,False,True,False,2006.0,1.0,20.0
76090,Cedric,Ball,,,USA,,,False,True,False,-1.0,-1.0,-1.0
1630163,LaMelo,Ball,,,,,,false,false,false,,,
1629071,LiAngelo,Ball,,,USA,,,"","","",2018.0,"",""
1628366,Lonzo,Ball,,,,,,,,,,,
76091,Greg,Ballard,,,USA,,,False,True,False,1977.0,1.0,4.0
1630642,Mitch,Ballock,,,USA,,,False,False,False,-22.0,-22.0,-22.0
76092,Herschel,Baltimore,,,USA,,,False,True,False,-1.0,-1.0,-1.0
1628964,Mo,Bamba,,,,,,,,,,,
1631094,Paolo,Banchero,,,,,,false,false,false,,,
1630217,Desmond,Bane,,,,,,false,false,false,,,
43200,Marko,Banic,,,"",,,"","","","","",""
76093,Gene,Banks,,,USA,,,False,True,False,1981.0,2.0,28.0
2556,Marcus,Banks,,,USA,,,True,False,False,2003.0,1.0,13.0
101252,Sean,Banks,,,"",,,"","","","","",""
1630791,James,Banks III,,,USA,,,False,False,False,-22.0,-22.0,-22.0
76094,Ken,Bannister,,,USA,,,False,True,False,1984.0,7.0,156.0
76095,Mike,Bantom,,,USA,,,False,True,False,1973.0,1.0,8.0
1630625,Dalano,Banton,,,,,,,,,,,
43232,Tomer,Bar-Even,,,"",,,"","","","","",""
11257,Stanko,Barac,,,"",,,"","","","","",""
1627760,Cat,Barber,,,USA,,,True,False,False,2016.0,"",""
76096,John,Barber,,,USA,,,False,True,False,1956.0,"",""
2841,Steven,Barber,,,"",,,"","","","","",""
1962937929,Leandrinho,Barbosa,,,"",,,"","","","","",""
2571,Leandro,Barbosa,,,Brazil,,,True,False,False,2003.0,1.0,28.0
76097,Stephen,Bardo,,,USA,,,True,False,False,1990.0,2.0,41.0
200826,J.J.,Barea,,,Puerto Rico,,,True,False,False,-1.0,-1.0,-1.0
1628965,Jaylen,Barford,,,"",,,"","","","","",""
200745,Andrea,Bargnani,,,Italy,,,False,False,False,2006.0,1.0,1.0
76098,Cliff,Barker,,,USA,,,True,False,False,1949.0,5.0,""
76099,Tom,Barker,,,USA,,,False,False,True,1976.0,4.0,53.0
787,Charles,Barkley,,,USA,,,False,True,False,1984.0,1.0,5.0
2057,Erick,Barkley,,,USA,,,True,False,False,2000.0,1.0,28.0
76102,Don,Barksdale,,,USA,,,False,True,False,-1.0,-1.0,-1.0
201644,Omar,Barlett,,,"",,,"","","","","",""
64026,David,Barlow,,,"",,,"","","","","",""
6664001,David,Barlow,,,"",,,False,False,False,"","",""
1631230,Dominick,Barlow,,,,,,false,false,false,,,
203084,Harrison,Barnes,,,,,,false,false,false,,,
76103,Harry,Barnes,,,USA,,,False,True,False,1968.0,4.0,37.0
76105,Jim,Barnes,,,USA,,,False,False,True,1964.0,1.0,1.0
76104,Marvin,Barnes,,,USA,,,False,True,False,1974.0,1.0,2.0
2440,Matt,Barnes,,,USA,,,False,True,False,2002.0,2.0,45.0
1630567,Scottie,Barnes,,,,,,false,false,false,,,
76107,Dick,Barnett,,,USA,,,True,False,False,1959.0,1.0,4.0
76106,Jim,Barnett,,,USA,,,True,False,False,1966.0,1.0,8.0
76108,John,Barnhill,,,USA,,,True,False,False,1959.0,11.0,77.0
76109,Norton,Barnhill,,,USA,,,True,False,False,1976.0,8.0,134.0
1642964,Brooks,Barnhizer,,,,,,,,,,,
76110,Leo,Barnhorst,,,USA,,,False,True,False,1949.0,2.0,""
76111,John,Barr,,,USA,,,False,True,False,-1.0,-1.0,-1.0
76112,Mike,Barr,,,USA,,,True,False,False,1972.0,1.0,180.0
76113,Thomas,Barr,,,USA,,,True,False,False,-22.0,-22.0,-22.0
2857,Andre,Barrett,,,USA,,,False,False,False,-22.0,-22.0,-22.0
500,Barrett,Barrett,,,"",,,"","","","","",""
76114,Ernie,Barrett,,,USA,,,"","","",1951.0,1.0,7.0
1629628,RJ,Barrett,,,,,,false,false,false,,,
2853,Earl,Barron,,,USA,,,False,True,True,-1.0,-1.0,-1.0
344,Dana,Barros,,,USA,,,True,False,False,1989.0,1.0,16.0
699,Brent,Barry,,,USA,,,True,False,False,1995.0,1.0,15.0
1003,Drew,Barry,,,USA,,,True,False,False,1996.0,2.0,57.0
468,Jon,Barry,,,USA,,,True,False,False,1992.0,1.0,21.0
600013,Rick,Barry,,,USA,,,False,True,False,1965.0,1.0,2.0
76117,Ed,Bartels,,,USA,,,False,True,False,-1.0,-1.0,-1.0
56036,Lorenzo,Bartoli,,,"",,,"","","","","",""
76118,Vic,Bartolome,,,USA,,,False,False,True,1970.0,6.0,87.0
44051,Lubos,Barton,,,"",,,"","","","","",""
203115,Will,Barton,,,USA,,,True,False,False,2012.0,2.0,40.0
27032,Gal,Baruch,,,"",,,"","","","","",""
101188,Eddie,Basden,,,USA,,,True,False,False,-1.0,-1.0,-1.0
559,Basile,Basile,,,"",,,"","","","","",""
56045,Gianluca,Basile,,,"",,,"","","","","",""
76119,Jerry,Baskerville,,,USA,,,False,True,False,-22.0,-22.0,-22.0
101138,Brandon,Bass,,,USA,,,False,True,False,2005.0,2.0,33.0
1628238,Paris,Bass,,,USA,,,False,True,False,-1.0,-1.0,-1.0
76120,Tim,Bassett,,,USA,,,False,True,False,1973.0,7.0,106.0
1629646,Charles,Bassey,,,,,,,,,,,
1766,Maceo,Baston,,,USA,,,False,True,False,1998.0,2.0,58.0
2370,Mengke,Bateer,,,China,,,False,False,True,-1.0,-1.0,-1.0
76121,Billyray,Bates,,,USA,,,True,False,False,1978.0,3.0,47.0
1641734,Emoni,Bates,,,,,,,,,,,
1642926,Tamar,Bates,,,,,,,,,,,
1628966,Keita,Bates-Diop,,,"",,,"","","","","",""
101212,Esteban,Batista,,,Uruguay,,,False,True,True,-22.0,-22.0,-22.0
1966938163,Esteban,Batista,,,"",,,"","","","","",""
1966938140,Lucas,Batista,,,"",,,"","","","","",""
56008,Michael,Batiste,,,"",,,"","","","","",""
2471,Mike,Batiste,,,USA,,,False,False,False,-22.0,-22.0,-22.0
1499,Tony,Battie,,,USA,,,False,False,True,1997.0,1.0,5.0
2203,Shane,Battier,,,USA,,,False,True,False,2001.0,1.0,6.0
1642419,Jamison,Battle,,,,,,,,,,,
174,John,Battle,,,USA,,,True,False,False,1985.0,4.0,84.0
76123,Kenny,Battle,,,USA,,,True,False,False,1989.0,1.0,27.0
1628967,Tyus,Battle,,,"",,,"","","","","",""
76124,Dave,Batton,,,USA,,,False,False,True,1978.0,3.0,62.0
204063,Kadeem,Batts,,,"",,,"","","","","",""
201587,Nicolas,Batum,,,,,,,,,,,
1641878,Damion,Baugh,,,,,,,,,,,
76125,Johnny,Baum,,,USA,,,False,True,False,1969.0,2.0,23.0
76126,Frankie,Baumholtz,,,USA,,,True,False,False,-1.0,-1.0,-1.0
2437,Lonny,Baxter,,,USA,,,False,True,False,2002.0,2.0,43.0
201573,Jerryd,Bayless,,,USA,,,True,False,False,2008.0,1.0,11.0
76127,Elgin,Baylor,,,USA,,,False,True,False,1958.0,1.0,1.0
203382,Aron,Baynes,,,Australia,,,False,True,True,-1.0,-1.0,-1.0
76128,Sergei,Bazarevich,,,Russia,,,True,False,False,-1.0,-1.0,-1.0
203145,Kent,Bazemore,,,USA,,,True,True,False,-1.0,-1.0,-1.0
1629647,Darius,Bazley,,,USA,,,False,True,False,2019.0,1.0,23.0
76129,Ed,Beach,,,USA,,,False,True,False,1950.0,5.0,""
1628431,V.J.,Beachem,,,"",,,"","","","","",""
203078,Bradley,Beal,,,,,,,,,,,
1631368,Justin,Bean,,,USA,,,False,False,False,-22.0,-22.0,-22.0
76130,Butch,Beard,,,USA,,,True,False,False,1969.0,1.0,10.0
76131,Ralph,Beard,,,USA,,,True,False,False,1949.0,2.0,""
40080,Tanoka,Beard,,,"",,,"","","","","",""
2602,Jerome,Beasley,,,USA,,,False,True,False,2003.0,2.0,33.0
1627736,Malik,Beasley,,,"",,,True,False,False,"","",""
201563,Michael,Beasley,,,USA,,,False,False,False,2008.0,1.0,2.0
76133,Zelmo,Beaty,,,USA,,,False,False,True,1962.0,1.0,3.0
201958,Rodrigue,Beaubois,,,France,,,True,False,False,2009.0,1.0,25.0
1630699,MarJon,Beauchamp,,,,,,,,,,,
2589,Sani,Becirovic,,,"",,,"","","","","",""
76134,Byron,Beck,,,USA,,,False,False,True,1967.0,2.0,15.0
1133,Corey,Beck,,,USA,,,True,False,False,-1.0,-1.0,-1.0
76136,Ernie,Beck,,,USA,,,True,False,False,1953.0,"",""
200575,Romel,Beck,,,"",,,"","","","","",""
76137,Moe,Becker,,,USA,,,True,False,False,-1.0,-1.0,-1.0
76138,William,Bedford,,,USA,,,False,False,True,1986.0,1.0,6.0
1641777,Charles,Bediako,,,,,,,,,,,
1627862,Beau,Beech,,,"",,,"","","","","",""
1641736,Reece,Beekman,,,,,,,,,,,
76139,Hank,Beenders,,,USA,,,False,False,True,-22.0,-22.0,-22.0
56054,Mirza,Begic,,,"",,,"","","","","",""
76140,Ron,Behagen,,,USA,,,False,True,False,1973.0,1.0,7.0
76141,Elmer,Behnke,,,USA,,,False,False,True,1951.0,4.0,37.0
40026,Javier,Beiran,,,"",,,"","","","","",""
201158,Marco,Belinelli,,,Italy,,,True,False,False,2007.0,1.0,18.0
2294,Charlie,Bell,,,USA,,,True,False,False,-22.0,-22.0,-22.0
76142,Dennis,Bell,,,USA,,,False,True,False,1973.0,5.0,83.0
1628395,Jordan,Bell,,,USA,,,False,True,False,2017.0,2.0,38.0
1952,Raja,Bell,,,US Virgin Islands,,,True,False,False,-1.0,-1.0,-1.0
2559,Troy,Bell,,,USA,,,True,False,False,2003.0,1.0,16.0
76143,William,Bell,,,USA,,,True,False,False,-1.0,-1.0,-1.0
203568,Damen,Bell-Holter,,,"",,,"","","","","",""
76144,Walt,Bellamy,,,USA,,,False,False,True,1961.0,1.0,1.0
203155,Oscar,Bellfield,,,"",,,"","","","","",""
1627761,DeAndre',Bembry,,,USA,,,True,True,False,2016.0,1.0,21.0
76145,Irv,Bemoras,,,USA,,,False,True,False,1953.0,"",""
7000,Avi,Ben-Chimol,,,"",,,"","","","","",""
76146,Leon,Benbow,,,USA,,,True,False,False,1974.0,2.0,27.0
1627733,Dragan,Bender,,,Croatia,,,False,True,False,2016.0,1.0,4.0
1886,Jonathan,Bender,,,USA,,,False,True,False,1999.0,1.0,5.0
203968,Jerrelle,Benimon,,,USA,,,"","","",-1.0,-1.0,-1.0
43214,Vitor,Benite,,,"",,,"","","","","",""
104,Benoit,Benjamin,,,USA,,,False,False,True,1985.0,1.0,3.0
1736,Corey,Benjamin,,,USA,,,True,False,False,1998.0,1.0,28.0
203461,Anthony,Bennett,,,Canada,,,False,True,False,2013.0,1.0,1.0
1120,Elmer,Bennett,,,USA,,,True,False,False,1992.0,2.0,38.0
712,Mario,Bennett,,,USA,,,False,True,True,1995.0,1.0,27.0
76151,Mel,Bennett,,,USA,,,False,True,False,-22.0,-22.0,-22.0
76148,Tony,Bennett,,,USA,,,True,False,False,1992.0,2.0,35.0
76152,Winston,Bennett,,,USA,,,True,False,False,1988.0,3.0,64.0
128,David,Benoit,,,USA,,,False,True,False,-1.0,-1.0,-1.0
202728,Keith,Benson,,,USA,,,False,True,True,2011.0,2.0,48.0
76154,Kent,Benson,,,USA,,,False,False,True,1977.0,1.0,1.0
200918,Rod,Benson,,,"",,,"","","","","",""
1627791,Ben,Bentil,,,Ghana,,,False,True,False,2016.0,2.0,51.0
76155,Gene,Berce,,,USA,,,True,False,False,1948.0,"",""
64002,Juan Carlos,Bergel,,,"",,,"","","","","",""
76156,Gary,Bergen,,,USA,,,False,False,True,1956.0,"",""
1642866,Joan,Beringer,,,,,,,,,,,
196294584,Yoav,Berman,,,"",,,"","","","","",""
1631262,Jules,Bernard,,,,,,,,,,,
204310,Davion,Berry,,,"",,,"","","","","",""
1629137,Joel,Berry,,,"",,,"","","","","",""
76157,Ricky,Berry,,,USA,,,False,True,False,1988.0,1.0,18.0
76158,Walter,Berry,,,USA,,,False,True,False,1986.0,1.0,14.0
1629541,Dairis,Bertans,,,Latvia,,,True,False,False,-1.0,-1.0,-1.0
42551,Dairis,Bertans,,,"",,,"","","","","",""
202722,Davis,Bertans,,,Latvia,,,False,True,False,2011.0,2.0,42.0
76159,Del,Beshore,,,USA,,,True,False,False,-22.0,-22.0,-22.0
41214,Nemanja,Besovic,,,"",,,"","","","","",""
1629715,Javon,Bess,,,"",,,"","","","","",""
696,Travis,Best,,,USA,,,True,False,False,1995.0,1.0,23.0
201976,Patrick,Beverley,,,USA,,,True,False,False,2009.0,2.0,42.0
267633,Patrick,Beverley,,,"",,,"","","","","",""
1630180,Saddiq,Bey,,,,,,false,false,false,,,
1630189,Tyler,Bey,,,USA,,,False,True,False,2020.0,2.0,36.0
1630793,Giorgi,Bezhanishvili,,,Georgia,,,False,False,False,-22.0,-22.0,-22.0
204021,Sim,Bhullar,,,Canada,,,False,False,True,-1.0,-1.0,-1.0
76160,Al,Bianchi,,,USA,,,True,False,False,1954.0,2.0,18.0
76161,Hank,Biasatti,,,Canada,,,False,False,False,-22.0,-22.0,-22.0
1629167,Justin,Bibbs,,,"",,,"","","","","",""
76162,Henry,Bibby,,,USA,,,True,False,False,1972.0,4.0,58.0
1710,Mike,Bibby,,,USA,,,True,False,False,1998.0,1.0,2.0
813,Bernie,Bickerstaff,,,"",,,"","","","","",""
76163,Ed,Biedenbach,,,USA,,,True,False,False,1968.0,4.0,45.0
2740,Andris,Biedrins,,,Latvia,,,False,False,True,2004.0,1.0,11.0
76164,Don,Bielke,,,USA,,,False,False,True,1954.0,8.0,67.0
1628448,Kavell,Bigby-Williams,,,"",,,"","","","","",""
76165,Bob,Bigelow,,,USA,,,False,True,False,1975.0,1.0,13.0
196295495,Ellis,Biggar,,,,,,,,,,,
1966938164,Christian,Bihurriet,,,"",,,"","","","","",""
1497,Chauncey,Billups,,,USA,,,True,False,False,1997.0,1.0,3.0
76166,Dave,Bing,,,USA,,,True,False,False,1966.0,1.0,2.0
1631234,Marcus,Bingham Jr.,,,USA,,,"","","",-1.0,-1.0,-1.0
76167,Joe,Binion,,,USA,,,False,True,False,1984.0,3.0,57.0
203920,Khem,Birch,,,Canada,,,False,False,True,-1.0,-1.0,-1.0
1628444,Jabari,Bird,,,USA,,,True,False,False,2017.0,2.0,56.0
76168,Jerry,Bird,,,USA,,,False,True,False,1956.0,"",""
1449,Larry,Bird,,,USA,,,False,True,False,1978.0,1.0,6.0
76170,Otis,Birdsong,,,USA,,,True,False,False,1977.0,1.0,2.0
42541,James,Birsen,,,"",,,"","","","","",""
76171,Gale,Bishop,,,USA,,,False,True,False,-1.0,-1.0,-1.0
1629048,Goga,Bitadze,,,,,,,,,,,
1641931,Onuralp,Bitim,,,Turkey,,,False,True,False,-22.0,-22.0,-22.0
202687,Bismack,Biyombo,,,,,,,,,,,
41004,Milko,Bjelica,,,"",,,"","","","","",""
11505,Nemanja,Bjelica,,,"",,,"","","","","",""
202357,Nemanja,Bjelica,,,Serbia,,,False,True,False,2010.0,2.0,35.0
43302,Nemanja,Bjelica,,,"",,,"","","","","",""
76172,Uwe,Blab,,,USA,,,False,False,True,1985.0,1.0,17.0
1641710,Anthony,Black,,,,,,,,,,,
76173,Charlie,Black,,,USA,,,False,True,False,-1.0,-1.0,-1.0
1641778,Leaky,Black,,,,,,,,,,,
76174,Norman,Black,,,USA,,,True,False,False,-1.0,-1.0,-1.0
204028,Tarik,Black,,,USA,,,False,True,True,-1.0,-1.0,-1.0
76175,Tom,Black,,,USA,,,False,False,True,1964.0,9.0,72.0
76176,Rolando,Blackman,,,USA,,,True,False,False,1981.0,1.0,9.0
1628511,James,Blackmon Jr.,,,"",,,"","","","","",""
2672,Ronald,Blackshear,,,"",,,"","","","","",""
76180,Alex,Blackwell,,,USA,,,False,True,False,-1.0,-1.0,-1.0
76177,Cory,Blackwell,,,USA,,,False,True,False,1984.0,2.0,28.0
1806,James,Blackwell,,,USA,,,True,False,False,-1.0,-1.0,-1.0
76179,Nate,Blackwell,,,USA,,,True,False,False,1987.0,2.0,27.0
201971,DeJuan,Blair,,,USA,,,False,True,True,2009.0,2.0,37.0
974,Joseph,Blair,,,"",,,"","","","","",""
2581,Steve,Blake,,,USA,,,True,False,False,2003.0,2.0,38.0
202392,Marqus,Blakely,,,USA,,,False,True,False,-1.0,-1.0,-1.0
1628469,Antonio,Blakeney,,,USA,,,True,False,False,-1.0,-1.0,-1.0
200807,Will,Blalock,,,USA,,,True,False,False,2006.0,2.0,60.0
200843,LaVell,Blanchard,,,"",,,"","","","","",""
1962937736,Todd,Blanchfield,,,"",,,False,False,False,"","",""
2849,Tony,Bland,,,"",,,"","","","","",""
76182,George,Blaney,,,USA,,,True,False,False,1961.0,4.0,33.0
76183,Lance,Blanks,,,USA,,,True,False,False,1990.0,1.0,26.0
76184,Ricky,Blanton,,,USA,,,False,True,False,1989.0,2.0,46.0
101154,Andray,Blatche,,,USA,,,False,True,True,2005.0,2.0,49.0
302,Mookie,Blaylock,,,USA,,,True,False,False,1989.0,1.0,12.0
1962937156,Oz,Blayzer,,,"",,,False,False,False,"","",""
202339,Eric,Bledsoe,,,USA,,,True,False,False,2010.0,1.0,18.0
1629833,Keljin,Blevins,,,USA,,,True,False,False,2019.0,"",""
76186,Leon,Blevins,,,USA,,,True,False,False,1950.0,7.0,""
76187,John,Block,,,USA,,,False,True,False,1966.0,3.0,27.0
76188,Mike,Bloom,,,USA,,,False,False,True,-1.0,-1.0,-1.0
1628417,Jaron,Blossomgame,,,USA,,,False,True,False,2017.0,2.0,59.0
916,Corie,Blount,,,USA,,,False,True,True,1993.0,1.0,25.0
1548,Mark,Blount,,,USA,,,False,True,True,1997.0,2.0,54.0
203505,Vander,Blue,,,USA,,,True,False,False,-1.0,-1.0,-1.0
1629129,Trevon,Bluiett,,,USA,,,True,True,False,2018.0,"",""
76189,Ray,Blume,,,USA,,,True,False,False,1981.0,2.0,36.0
41632,David,Blumenthal,,,"",,,"","","","","",""
2802,David,Bluthenthal,,,"",,,"","","","","",""
202420,Eric,Boateng,,,"",,,"","","","","",""
1626207,Ryan,Boatright,,,"",,,"","","","","",""
1629594,Bennie,Boatwright,,,USA,,,False,False,False,-22.0,-22.0,-22.0
76190,Nelson,Bobb,,,USA,,,True,False,False,1949.0,3.0,""
2800,Tony,Bobbitt,,,USA,,,True,False,False,-1.0,-1.0,-1.0
76191,Arlen,Bockhorn,,,USA,,,True,False,False,1958.0,3.0,17.0
537,Bodiroga,Bodiroga,,,"",,,"","","","","",""
1631205,Buddy,Boeheim,,,USA,,,False,True,False,-1.0,-1.0,-1.0
76192,Tom,Boerwinkle,,,USA,,,False,False,True,1968.0,1.0,4.0
2586,Keith,Bogans,,,USA,,,True,True,False,2003.0,2.0,43.0
1962937117,Bogdan,Bogdanovic,,,"",,,False,False,False,"","",""
203992,Bogdan,Bogdanovic,,,,,,false,false,false,,,
43306,Bogdan,Bogdanovic,,,"",,,"","","","","",""
1962936107,Bojan,Bogdanovic,,,"",,,"","","","","",""
1962936525,Bojan,Bogdanovic,,,"",,,"","","","","",""
202711,Bojan,Bogdanovic,,,Croatia,,,False,True,False,2011.0,2.0,31.0
42544,Bojan,Bogdanovic,,,"",,,"","","","","",""
177,Muggsy,Bogues,,,USA,,,True,False,False,1987.0,1.0,12.0
101106,Andrew,Bogut,,,Australia,,,False,False,True,2005.0,1.0,1.0
1564,Etdrick,Bohannon,,,USA,,,False,True,False,-1.0,-1.0,-1.0
1629626,Bol,Bol,,,"",,,False,True,False,"","",""
76195,Manute,Bol,,,USA,,,False,False,True,1985.0,2.0,31.0
1628413,Jonah,Bolden,,,Australia,,,False,True,False,2017.0,2.0,36.0
196295068,Jonah,Bolden,,,"",,,False,False,False,"","",""
1629716,Marques,Bolden,,,,,,,,,,,
76196,Bill,Bolger,,,USA,,,False,True,False,1953.0,"",""
1630195,Leandro,Bolmaro,,,Argentina,,,False,True,False,2020.0,1.0,23.0
1627762,Joel,Bolomboy,,,Ukraine,,,False,False,False,2016.0,2.0,52.0
76197,Doug,Bolstorff,,,USA,,,True,False,False,1957.0,8.0,57.0
76203,George H.,Bon Salle,,,USA,,,False,True,False,1957.0,1.0,7.0
1641737,Adem,Bona,,,,,,false,false,false,,,
76198,Phil,Bond,,,USA,,,True,False,False,1977.0,3.0,62.0
1629260,Tim,Bond,,,"",,,"","","","","",""
1603,Walter,Bond,,,USA,,,True,False,False,-1.0,-1.0,-1.0
1629648,Jordan,Bone,,,USA,,,True,False,False,2019.0,2.0,57.0
1121,Dexter,Boney,,,USA,,,True,False,False,-1.0,-1.0,-1.0
1629067,Isaac,Bonga,,,Germany,,,True,False,False,2018.0,2.0,39.0
76201,Ron,Bonham,,,USA,,,False,True,False,1964.0,2.0,16.0
41,Anthony,Bonner,,,USA,,,False,True,False,1990.0,1.0,23.0
2588,Matt,Bonner,,,USA,,,False,True,True,2003.0,2.0,45.0
1626164,Devin,Booker,,,,,,false,false,false,,,
511,Melvin,Booker,,,USA,,,True,False,False,-22.0,-22.0,-22.0
202344,Trevor,Booker,,,USA,,,False,True,False,2010.0,1.0,23.0
200767,Josh,Boone,,,USA,,,False,True,True,2006.0,1.0,23.0
51956,Josh,Boone,,,"",,,False,False,False,"","",""
76204,Ron,Boone,,,USA,,,True,False,False,1968.0,11.0,147.0
1916,Calvin,Booth,,,USA,,,False,False,True,1999.0,2.0,35.0
1522,Keith,Booth,,,USA,,,False,True,False,1997.0,1.0,28.0
1629595,Phil,Booth,,,"",,,"","","","","",""
76206,Bob,Boozer,,,USA,,,False,True,False,1959.0,1.0,1.0
2430,Carlos,Boozer,,,USA,,,False,True,False,2002.0,2.0,34.0
2414,Curtis,Borchardt,,,USA,,,False,False,True,2002.0,1.0,18.0
76207,Jake,Bornheimer,,,USA,,,False,True,False,-1.0,-1.0,-1.0
1953,Lazaro,Borrell,,,Cuba,,,False,True,False,-1.0,-1.0,-1.0
76209,Costic,Borsavage,,,USA,,,False,False,True,1950.0,5.0,""
76210,Vince,Boryla,,,USA,,,False,True,False,-1.0,-1.0,-1.0
2547,Chris,Bosh,,,USA,,,False,True,False,2003.0,1.0,4.0
196294535,Mitar,Bosnjakovic,,,"",,,"","","","","",""
203551,Dee,Bost,,,"",,,"","","","","",""
76211,Jim,Bostic,,,USA,,,False,True,False,1975.0,8.0,139.0
202550,Josh,Bostic,,,"",,,"","","","","",""
76212,Lawrence,Boston,,,USA,,,False,True,False,1978.0,4.0,81.0
1630527,Brandon,Boston Jr.,,,USA,,,True,False,False,2021.0,2.0,51.0
76213,Tom,Boswell,,,USA,,,False,True,False,1975.0,1.0,17.0
1628449,Chris,Boucher,,,,,,false,false,false,,,
1630547,James,Bouknight,,,USA,,,False,False,False,2021.0,1.0,11.0
1641859,Souley,Boum,,,USA,,,False,False,False,-22.0,-22.0,-22.0
2257,Ruben,Boumtje-Boumtje,,,USA,,,False,False,True,2001.0,2.0,49.0
27033,Frederic,Bourdillon,,,"",,,"","","","","",""
267620,Ioannis,Bourousis,,,"",,,"","","","","",""
56038,Ioannis,Bourousis,,,"",,,"","","","","",""
1631123,Jamaree,Bouyea,,,,,,,,,,,
76214,Don,Boven,,,USA,,,False,True,False,1949.0,6.0,""
1630275,Jordan,Bowden,,,USA,,,False,False,False,-22.0,-22.0,-22.0
1898,Cal,Bowdler,,,USA,,,False,True,False,1999.0,1.0,17.0
1477,Bruce,Bowen,,,USA,,,False,True,False,-1.0,-1.0,-1.0
196295486,Kyle,Bowen,,,,,,,,,,,
1763,Ryan,Bowen,,,USA,,,False,True,False,1998.0,2.0,55.0
1628968,Brian,Bowen II,,,USA,,,True,True,False,-1.0,-1.0,-1.0
194,Anthony,Bowie,,,USA,,,True,False,False,1986.0,3.0,66.0
76217,Sam,Bowie,,,USA,,,False,False,True,1984.0,1.0,2.0
200847,Brandon,Bowman,,,"",,,False,False,False,"","",""
1085,Ira,Bowman,,,USA,,,False,True,False,-1.0,-1.0,-1.0
1629065,Ky,Bowman,,,USA,,,True,False,False,-1.0,-1.0,-1.0
76219,Nate,Bowman,,,USA,,,False,False,True,1965.0,1.0,7.0
671,Donnie,Boyce,,,USA,,,True,False,False,1995.0,2.0,42.0
76221,Dennis,Boyd,,,USA,,,True,False,False,1977.0,4.0,72.0
76222,Fred,Boyd,,,USA,,,True,False,False,1972.0,1.0,5.0
76223,Ken,Boyd,,,USA,,,False,True,False,1974.0,9.0,154.0
2651,Jermaine,Boyette,,,"",,,"","","","","",""
1863,Earl,Boykins,,,USA,,,True,False,False,-1.0,-1.0,-1.0
76224,Harry,Boykoff,,,USA,,,False,False,True,-1.0,-1.0,-1.0
76225,Winford,Boynes,,,USA,,,True,False,False,1978.0,1.0,13.0
200841,Cedric,Bozeman,,,USA,,,True,False,False,-1.0,-1.0,-1.0
41209,Petar,Bozic,,,"",,,"","","","","",""
76226,Steve,Bracey,,,USA,,,True,False,False,1972.0,2.0,21.0
202342,Craig,Brackins,,,USA,,,False,True,False,2010.0,1.0,21.0
76227,Gary,Bradds,,,USA,,,False,True,False,1964.0,1.0,3.0
76228,Alex,Bradley,,,USA,,,False,True,False,1981.0,4.0,86.0
76229,Alonzo,Bradley,,,USA,,,False,True,False,1977.0,2.0,29.0
202340,Avery,Bradley,,,USA,,,True,False,False,2010.0,1.0,19.0
76233,Bill,Bradley,,,USA,,,False,True,False,1965.0,"",""
76230,Charles,Bradley,,,USA,,,True,False,False,1981.0,1.0,23.0
76231,Dudley,Bradley,,,USA,,,True,False,False,1979.0,1.0,13.0
76232,Joe,Bradley,,,USA,,,True,False,False,-1.0,-1.0,-1.0
2214,Michael,Bradley,,,USA,,,False,True,False,2001.0,1.0,17.0
762,Shawn,Bradley,,,USA,,,False,False,True,1993.0,1.0,2.0
1628396,Tony,Bradley,,,,,,,,,,,
1630817,Pedro,Bradshaw,,,,,,,,,,,
1361,Mark,Bradtke,,,Australia,,,False,False,True,-1.0,-1.0,-1.0
1966938142,Guilherme,Braga,,,"",,,"","","","","",""
66,Marques,Bragg,,,USA,,,False,True,False,-1.0,-1.0,-1.0
1765,Torraye,Braggs,,,USA,,,False,True,False,1998.0,2.0,57.0
1920,A.J.,Bramlett,,,USA,,,False,False,True,1999.0,2.0,39.0
76237,Adrian,Branch,,,USA,,,False,True,False,1985.0,2.0,46.0
1882,Elton,Brand,,,USA,,,False,True,False,1999.0,1.0,1.0
196294615,Caio,Brandao,,,"",,,"","","","","",""
210,Terrell,Brandon,,,USA,,,True,False,False,1991.0,1.0,11.0
64038,Angus,Brandt,,,"",,,"","","","","",""
1631103,Malaki,Branham,,,,,,,,,,,
76238,Bob,Brannum,,,USA,,,False,True,False,-1.0,-1.0,-1.0
76239,Brad,Branson,,,USA,,,False,True,False,1980.0,2.0,45.0
76240,Jesse,Branson,,,USA,,,False,True,False,1965.0,2.0,13.0
1629714,Jarrell,Brantley,,,USA,,,False,True,False,2019.0,2.0,50.0
76241,Jim,Brasco,,,USA,,,True,False,False,1952.0,"",""
101240,Kevin,Braswell,,,"",,,"","","","","",""
76242,Mike,Bratz,,,USA,,,True,False,False,1977.0,3.0,66.0
76243,Carl,Braun,,,USA,,,True,False,False,-1.0,-1.0,-1.0
1631128,Christian,Braun,,,,,,false,false,false,,,
1628579,Taylor,Braun,,,"",,,"","","","","",""
1629649,Ignas,Brazdeikis,,,Canada,,,False,True,False,2019.0,2.0,47.0
1642886,Koby,Brea,,,,,,,,,,,
160,Tim,Breaux,,,USA,,,False,True,False,-1.0,-1.0,-1.0
2452,J.R.,Bremer,,,USA,,,True,False,False,-1.0,-1.0,-1.0
76245,Pete,Brennan,,,USA,,,False,True,False,1958.0,1.0,4.0
76246,Tom,Brennan,,,USA,,,False,True,False,-22.0,-22.0,-22.0
196295094,Nicolas,Bretzel,,,"",,,"","","","","",""
76247,Randy,Breuer,,,USA,,,False,False,True,1983.0,1.0,18.0
201147,Corey,Brewer,,,USA,,,True,True,False,2007.0,1.0,7.0
266266,Corey,Brewer,,,"",,,"","","","","",""
2249,Jamison,Brewer,,,USA,,,True,False,False,2001.0,2.0,40.0
76248,Jim,Brewer,,,USA,,,False,True,False,1973.0,1.0,2.0
76249,Ron,Brewer,,,USA,,,True,False,False,1978.0,1.0,7.0
200758,Ronnie,Brewer,,,USA,,,False,True,False,2006.0,1.0,14.0
2056,Primoz,Brezec,,,Slovenia,,,False,False,True,2000.0,1.0,27.0
76250,Frank,Brian,,,USA,,,True,False,False,-1.0,-1.0,-1.0
783,Frank,Brickowski,,,USA,,,False,True,False,1981.0,3.0,57.0
76252,Junior,Bridgeman,,,USA,,,False,True,False,1975.0,1.0,8.0
76253,Bill,Bridges,,,USA,,,False,True,False,1961.0,3.0,32.0
1641779,Jalen,Bridges,,,,,,,,,,,
1628969,Mikal,Bridges,,,,,,false,false,false,,,
1628970,Miles,Bridges,,,,,,false,false,false,,,
76254,Al,Brightman,,,USA,,,False,True,False,-1.0,-1.0,-1.0
1628578,Amida,Brimah,,,USA,,,False,False,True,-1.0,-1.0,-1.0
1962937826,Amida,Brimah,,,"",,,"","","","","",""
76255,Audley,Brindley,,,USA,,,False,True,False,-1.0,-1.0,-1.0
1628515,Isaiah,Briscoe,,,USA,,,True,False,False,-1.0,-1.0,-1.0
76256,John,Brisker,,,USA,,,False,True,False,-1.0,-1.0,-1.0
1629052,Oshae,Brissett,,,Canada,,,True,True,False,-1.0,-1.0,-1.0
76257,Allan,Bristow,,,USA,,,False,True,False,1973.0,2.0,21.0
76258,Tyrone,Britt,,,USA,,,True,False,False,-1.0,-1.0,-1.0
76259,Wayman,Britt,,,USA,,,True,False,False,1976.0,4.0,60.0
76260,Mike,Brittain,,,USA,,,False,False,True,1985.0,2.0,29.0
76261,David,Britton,,,USA,,,True,False,False,1980.0,3.0,57.0
202410,Evan,Brock,,,"",,,"","","","","",""
1631167,Izaiah,Brockington,,,USA,,,False,False,False,-22.0,-22.0,-22.0
201972,Jon,Brockman,,,USA,,,False,True,False,2009.0,2.0,38.0
1629151,Ryan,Broekhoff,,,Australia,,,True,True,False,-1.0,-1.0,-1.0
76262,Jim,Brogan,,,USA,,,True,False,False,-1.0,-1.0,-1.0
1627763,Malcolm,Brogdon,,,,,,,,,,,
76263,Gary,Brokaw,,,USA,,,True,False,False,1974.0,1.0,18.0
76264,Price,Brookfield,,,USA,,,False,True,False,-1.0,-1.0,-1.0
201166,Aaron,Brooks,,,USA,,,True,False,False,2007.0,1.0,26.0
1629717,Armoni,Brooks,,,USA,,,True,False,False,2019.0,"",""
1628415,Dillon,Brooks,,,,,,false,false,false,,,
1631365,Garrison,Brooks,,,,,,,,,,,
76265,Kevin,Brooks,,,USA,,,False,True,False,1991.0,1.0,18.0
202705,MarShon,Brooks,,,USA,,,True,False,False,2011.0,1.0,25.0
76266,Michael,Brooks,,,USA,,,False,True,False,1980.0,1.0,9.0
418,Scott,Brooks,,,USA,,,True,False,False,-1.0,-1.0,-1.0
1631232,Keion,Brooks Jr.,,,USA,,,False,False,False,-22.0,-22.0,-22.0
1641780,Johni,Broome,,,,,,,,,,,
201005,Andre,Brown,,,"",,,"","","","","",""
2810,Andre,Brown,,,USA,,,False,False,False,-22.0,-22.0,-22.0
1626148,Anthony,Brown,,,USA,,,True,True,False,2015.0,2.0,34.0
76284,Bob,Brown,,,USA,,,False,False,False,-22.0,-22.0,-22.0
201628,Bobby,Brown,,,USA,,,True,False,False,-1.0,-1.0,-1.0
56061,Bobby,Brown,,,"",,,"","","","","",""
1628971,Bruce,Brown,,,,,,,,,,,
1629596,Bryce,Brown,,,USA,,,False,False,False,-22.0,-22.0,-22.0
203185,Carlon,Brown,,,"",,,"","","","","",""
1630602,Chaundee,Brown,,,USA,,,False,True,False,-1.0,-1.0,-1.0
359,Chucky,Brown,,,USA,,,False,True,False,1989.0,2.0,43.0
2245,Damone,Brown,,,USA,,,False,False,False,2001.0,2.0,36.0
1642468,Darius,Brown,,,,,,,,,,,
76270,Darrell,Brown,,,USA,,,False,True,False,1948.0,"",""
200793,Dee,Brown,,,USA,,,True,False,False,2006.0,2.0,46.0
244,Dee,Brown,,,USA,,,True,False,False,1990.0,1.0,19.0
200787,Denham,Brown,,,"",,,"","","","","",""
201974,Derrick,Brown,,,USA,,,False,True,False,2009.0,2.0,40.0
2484,Devin,Brown,,,USA,,,True,False,False,-1.0,-1.0,-1.0
200857,Elton,Brown,,,"",,,"","","","","",""
2081,Ernest,Brown,,,USA,,,False,False,True,2000.0,2.0,52.0
76272,Fred,Brown,,,USA,,,True,False,False,1971.0,1.0,6.0
1631122,Gabe,Brown,,,USA,,,"","","",-1.0,-1.0,-1.0
76273,George,Brown,,,USA,,,False,True,False,1957.0,4.0,27.0
1871,Gerald,Brown,,,USA,,,True,False,False,-1.0,-1.0,-1.0
202904,Gilbert,Brown,,,"",,,"","","","","",""
76275,Harold,Brown,,,USA,,,True,False,False,-1.0,-1.0,-1.0
203913,Jabari,Brown,,,USA,,,True,False,False,2014.0,"",""
1627759,Jaylen,Brown,,,,,,false,false,false,,,
196295492,John,Brown,,,,,,false,false,false,,,
76276,John,Brown,,,USA,,,False,True,False,1973.0,1.0,10.0
2208,Kedrick,Brown,,,USA,,,False,False,False,2001.0,1.0,11.0
1631112,Kendall,Brown,,,,,,,,,,,
1641738,Kobe,Brown,,,,,,,,,,,
2198,Kwame,Brown,,,USA,,,False,False,True,2001.0,1.0,1.0
76278,Leon,Brown,,,USA,,,False,True,False,-1.0,-1.0,-1.0
76279,Lewis,Brown,,,USA,,,False,False,True,1977.0,4.0,69.0
203485,Lorenzo,Brown,,,USA,,,True,False,False,2013.0,2.0,52.0
992,Marcus,Brown,,,USA,,,"","","",1996.0,2.0,46.0
203900,Markel,Brown,,,USA,,,True,False,False,2014.0,2.0,44.0
1479,Mike,Brown,,,USA,,,False,True,True,1985.0,3.0,69.0
1629650,Moses,Brown,,,,,,,,,,,
76277,Myron,Brown,,,USA,,,False,True,False,1991.0,2.0,34.0
136,P.J.,Brown,,,USA,,,False,True,True,1992.0,2.0,29.0
753,Randy,Brown,,,USA,,,True,False,False,1991.0,2.0,31.0
76282,Raymond,Brown,,,USA,,,False,True,False,-1.0,-1.0,-1.0
76283,Rickey,Brown,,,USA,,,False,False,True,1980.0,1.0,13.0
76286,Roger,Brown,,,USA,,,False,False,True,1971.0,4.0,64.0
200769,Shannon,Brown,,,USA,,,True,False,False,2006.0,1.0,25.0
42563,Sherwood,Brown,,,"",,,"","","","","",""
76285,Stan,Brown,,,USA,,,False,True,False,-1.0,-1.0,-1.0
1628425,Sterling,Brown,,,USA,,,True,True,False,2017.0,2.0,46.0
2357,Tierre,Brown,,,USA,,,True,False,False,-1.0,-1.0,-1.0
76268,Tony,Brown,,,USA,,,False,True,False,1982.0,4.0,82.0
1630535,Greg,Brown III,,,USA,,,False,True,False,2021.0,2.0,43.0
1629956,Barry,Brown Jr.,,,"",,,"","","","","",""
1629718,Charlie,Brown Jr.,,,,,,,,,,,
1628972,Troy,Brown Jr.,,,USA,,,True,True,False,2018.0,1.0,15.0
76287,Jim,Browne,,,USA,,,False,False,True,-1.0,-1.0,-1.0
27020,Shaun,Bruce,,,"",,,"","","","","",""
76288,Stanley,Brundy,,,USA,,,False,True,False,1989.0,2.0,32.0
1628973,Jalen,Brunson,,,,,,false,false,false,,,
1594,Rick,Brunson,,,USA,,,True,False,False,-1.0,-1.0,-1.0
1627852,Nicolas,Brussino,,,Argentina,,,False,True,False,-1.0,-1.0,-1.0
1642868,Carter,Bryant,,,,,,,,,,,
1629091,Elijah,Bryant,,,USA,,,True,False,False,-1.0,-1.0,-1.0
76289,Emmette,Bryant,,,USA,,,True,False,False,1964.0,7.0,53.0
76290,Joe,Bryant,,,USA,,,False,True,False,1975.0,1.0,14.0
977,Kobe,Bryant,,,USA,,,True,True,False,1996.0,1.0,13.0
95,Mark,Bryant,,,USA,,,False,True,False,1988.0,1.0,21.0
1628418,Thomas,Bryant,,,,,,,,,,,
76291,Wallace,Bryant,,,USA,,,False,False,True,1982.0,2.0,30.0
76292,Torgeir,Bryn,,,Norway,,,False,True,False,-1.0,-1.0,-1.0
1629783,Shaq,Buchanan,,,USA,,,True,False,False,-1.0,-1.0,-1.0
76293,Joe,Buckhalter,,,USA,,,False,True,False,1958.0,12.0,81.0
76294,Steve,Bucknall,,,USA,,,False,True,False,-1.0,-1.0,-1.0
76295,Cleveland,Buckner,,,USA,,,False,True,False,1961.0,6.0,51.0
1761,Greg,Buckner,,,USA,,,True,False,False,1998.0,2.0,53.0
76296,Quinn,Buckner,,,USA,,,True,False,False,1976.0,1.0,7.0
76297,Dave,Budd,,,USA,,,False,True,False,1960.0,2.0,10.0
201978,Chase,Budinger,,,USA,,,False,True,False,2009.0,2.0,44.0
76298,Walter,Budko,,,USA,,,False,True,False,1948.0,1.0,6.0
146,Jud,Buechler,,,USA,,,True,True,False,1990.0,2.0,38.0
11509,Martin,Buesa,,,"",,,"","","","","",""
1641723,Kobe,Bufkin,,,,,,,,,,,
548,Buford,Buford,,,"",,,"","","","","",""
57237,Perrin,Buford,,,"",,,False,False,False,"","",""
1934,Rodney,Buford,,,USA,,,True,True,False,1999.0,2.0,53.0
1642486,Boo,Buie III,,,USA,,,False,False,False,-22.0,-22.0,-22.0
672,Matt,Bullard,,,USA,,,False,True,False,-1.0,-1.0,-1.0
40050,Louis,Bullock,,,"",,,"","","","","",""
41531,Louis,Bullock,,,"",,,"","","","","",""
203493,Reggie,Bullock,,,USA,,,True,True,False,2013.0,1.0,25.0
76300,Greg,Bunch,,,USA,,,False,True,False,1978.0,2.0,34.0
76301,Dick,Bunt,,,USA,,,True,False,False,1952.0,"",""
76302,Bill,Buntin,,,USA,,,False,False,True,1965.0,"",""
76303,Luther,Burden,,,USA,,,True,False,False,1975.0,2.0,26.0
2469,Pat,Burke,,,Ireland,,,False,True,True,-1.0,-1.0,-1.0
203504,Trey,Burke,,,USA,,,True,False,False,2013.0,1.0,9.0
76304,Roger,Burkman,,,USA,,,True,False,False,1981.0,6.0,130.0
202692,Alec,Burks,,,"",,,True,False,False,"","",""
2766,Antonio,Burks,,,USA,,,True,False,False,2004.0,2.0,36.0
101207,Kevin,Burleson,,,USA,,,True,False,False,-1.0,-1.0,-1.0
76305,Tom,Burleson,,,USA,,,False,False,True,1974.0,1.0,3.0
76306,Jack,Burmaster,,,USA,,,False,False,False,-22.0,-22.0,-22.0
76307,David,Burns,,,USA,,,True,False,False,1981.0,3.0,49.0
76308,Evers,Burns,,,USA,,,False,True,False,1993.0,2.0,31.0
76309,Jim,Burns,,,USA,,,True,False,False,1967.0,4.0,34.0
197,Scott,Burrell,,,USA,,,True,False,False,1993.0,1.0,20.0
76311,Art,Burris,,,USA,,,False,True,False,1950.0,3.0,""
675,Junior,Burrough,,,USA,,,False,True,False,1995.0,2.0,33.0
76313,Bob,Burrow,,,USA,,,False,False,True,1956.0,"",""
1629126,Deonte,Burton,,,,,,,,,,,
203907,Deonte,Burton,,,"",,,"","","","","",""
76314,Ed,Burton,,,USA,,,False,True,False,-22.0,-22.0,-22.0
1631174,Tyler,Burton,,,,,,,,,,,
416,Willie,Burton,,,USA,,,False,True,False,1990.0,1.0,9.0
76316,Steve,Burtt,,,USA,,,True,False,False,1984.0,2.0,30.0
76317,Don,Buse,,,USA,,,True,False,False,1972.0,3.0,34.0
202221,Brian,Butch,,,USA,,,False,False,True,-1.0,-1.0,-1.0
76318,Donnie,Butcher,,,USA,,,True,False,False,1961.0,7.0,60.0
76319,Al,Butler,,,USA,,,True,False,False,1961.0,2.0,17.0
2406,Caron,Butler,,,USA,,,False,True,False,2002.0,1.0,10.0
202364,Da'Sean,Butler,,,USA,,,False,True,False,2010.0,2.0,42.0
76320,Greg,Butler,,,USA,,,False,False,True,1988.0,2.0,37.0
2866,Jackie,Butler,,,USA,,,False,False,True,-1.0,-1.0,-1.0
1630215,Jared,Butler,,,,,,,,,,,
1642966,Lamont,Butler,,,,,,,,,,,
348,Mitchell,Butler,,,USA,,,True,False,False,-1.0,-1.0,-1.0
2446,Rasual,Butler,,,USA,,,False,True,False,2002.0,2.0,52.0
202710,Jimmy,Butler III,,,,,,false,false,false,,,
1631219,John,Butler Jr.,,,USA,,,False,True,False,-22.0,-22.0,-22.0
202779,Dwight,Buycks,,,USA,,,True,False,False,-1.0,-1.0,-1.0
1641824,Matas,Buzelis,,,,,,false,false,false,,,
201182,Derrick,Byars,,,USA,,,True,True,False,2007.0,2.0,42.0
9000,Sergey,Bykov,,,"",,,"","","","","",""
101115,Andrew,Bynum,,,USA,,,False,False,True,2005.0,1.0,10.0
101198,Will,Bynum,,,USA,,,True,False,False,-1.0,-1.0,-1.0
550,Will,Bynum,,,"",,,"","","","","",""
201239,Rashid,Byrd,,,"",,,"","","","","",""
76321,Marty,Byrnes,,,USA,,,False,True,False,1978.0,1.0,19.0
76322,Tommy,Byrnes,,,USA,,,True,False,False,-1.0,-1.0,-1.0
76323,Mike,Bytzura,,,USA,,,False,True,False,-1.0,-1.0,-1.0
2560,Zarko,Cabarkapa,,,Serbia,,,False,True,True,2003.0,1.0,17.0
40059,Carlos,Cabezas,,,"",,,"","","","","",""
76324,Barney,Cable,,,USA,,,False,True,False,1958.0,2.0,10.0
196294585,Bruno,Caboclo,,,"",,,False,False,True,"","",""
203998,Bruno,Caboclo,,,Brazil,,,False,True,False,2014.0,1.0,20.0
1629719,Devontae,Cacok,,,USA,,,False,True,False,-1.0,-1.0,-1.0
1962937737,Jason,Cadee,,,"",,,"","","","","",""
1966938165,Agustin,Caffaro,,,"",,,"","","","","",""
679,Jason,Caffey,,,USA,,,False,True,False,1995.0,1.0,20.0
262,Michael,Cage,,,USA,,,False,False,True,1984.0,1.0,14.0
1631288,Jamal,Cain,,,,,,,,,,,
501,Cakarevic,Cakarevic,,,"",,,"","","","","",""
76326,Gerry,Calabrese,,,USA,,,True,False,False,1950.0,2.0,""
201979,Nick,Calathes,,,USA,,,True,False,False,2009.0,2.0,45.0
56084,Pat,Calathes,,,"",,,"","","","","",""
101181,Jose,Calderon,,,Spain,,,True,False,False,-1.0,-1.0,-1.0
154,Adrian,Caldwell,,,USA,,,False,False,False,-22.0,-22.0,-22.0
76328,Jim,Caldwell,,,USA,,,False,False,True,1965.0,3.0,25.0
76329,Joe,Caldwell,,,USA,,,False,True,False,1964.0,1.0,2.0
203484,Kentavious,Caldwell-Pope,,,,,,false,false,false,,,
52608,Mathias,Calfani,,,"",,,"","","","","",""
76331,Bill,Calhoun,,,USA,,,False,True,False,-1.0,-1.0,-1.0
76330,Corky,Calhoun,,,USA,,,False,True,False,1972.0,1.0,4.0
76332,Demetrius,Calip,,,USA,,,True,False,False,-1.0,-1.0,-1.0
76333,Tom,Callahan,,,USA,,,True,False,False,-1.0,-1.0,-1.0
1629825,Perrion,Callandret,,,"",,,"","","","","",""
76334,Rick,Calloway,,,USA,,,True,False,False,-1.0,-1.0,-1.0
76335,Ernie,Calverley,,,USA,,,False,False,False,-22.0,-22.0,-22.0
76336,Mack,Calvin,,,USA,,,True,False,False,1969.0,14.0,187.0
1641739,Toumani,Camara,,,,,,false,false,false,,,
76337,Dexter,Cambridge,,,USA,,,False,True,False,-22.0,-22.0,-22.0
948,Marcus,Camby,,,USA,,,False,True,True,1996.0,1.0,2.0
1630267,Facundo,Campazzo,,,Argentina,,,True,False,False,-1.0,-1.0,-1.0
922,Elden,Campbell,,,USA,,,False,True,True,1990.0,1.0,27.0
101216,Marcus,Campbell,,,"",,,"","","","","",""
76338,Tony,Campbell,,,USA,,,False,True,False,1984.0,1.0,20.0
203477,Isaiah,Canaan,,,USA,,,True,False,False,2013.0,2.0,34.0
1628427,Vlatko,Cancar,,,"",,,"","","","","",""
201231,Nik,Caner-Medley,,,"",,,"","","","","",""
1629962,Devin,Cannady,,,USA,,,True,False,False,2019.0,"",""
76339,Larry,Cannon,,,USA,,,True,False,False,1969.0,1.0,5.0
101242,Jason,Capel,,,"",,,"","","","","",""
203991,Clint,Capela,,,,,,,,,,,
202382,Derrick,Caracter,,,USA,,,False,True,False,2010.0,2.0,58.0
43220,Derrick,Caracter,,,"",,,"","","","","",""
2073,Brian,Cardinal,,,USA,,,False,True,False,2000.0,2.0,44.0
1642928,Dylan,Cardwell,,,,,,,,,,,
1630176,Vernon,Carey Jr.,,,USA,,,False,False,True,2020.0,2.0,32.0
76340,Howie,Carl,,,USA,,,True,False,False,1961.0,5.0,50.0
76341,Chet,Carlisle,,,USA,,,False,True,False,-1.0,-1.0,-1.0
2367,Geno,Carlisle,,,USA,,,True,False,False,-1.0,-1.0,-1.0
76342,Rick,Carlisle,,,USA,,,True,False,False,1984.0,3.0,70.0
76343,Al,Carlson,,,USA,,,False,False,True,-22.0,-22.0,-22.0
1642382,Branden,Carlson,,,,,,,,,,,
76344,Don,Carlson,,,USA,,,True,False,False,-1.0,-1.0,-1.0
42558,Jackie,Carmichael,,,"",,,"","","","","",""
76345,Bob,Carney,,,USA,,,False,False,True,1954.0,6.0,47.0
200760,Rodney,Carney,,,USA,,,False,True,False,2006.0,1.0,16.0
76346,Bob,Carpenter,,,USA,,,False,True,False,-1.0,-1.0,-1.0
156,Antoine,Carr,,,USA,,,False,True,False,1983.0,1.0,8.0
76348,Austin,Carr,,,USA,,,True,False,False,1971.0,1.0,1.0
713,Chris,Carr,,,USA,,,True,False,False,1995.0,2.0,56.0
1757,Cory,Carr,,,USA,,,True,False,False,1998.0,2.0,49.0
56085,Cory,Carr,,,"",,,"","","","","",""
76350,Kenny,Carr,,,USA,,,False,True,False,1977.0,1.0,6.0
76351,M.L.,Carr,,,USA,,,False,True,False,1973.0,5.0,76.0
1628974,Tony,Carr,,,USA,,,False,False,False,2018.0,2.0,51.0
56063,Marco,Carraretto,,,"",,,"","","","","",""
76352,Bob,Carrington,,,USA,,,True,False,False,1976.0,2.0,28.0
1642267,Bub,Carrington,,,,,,false,false,false,,,
201960,DeMarre,Carroll,,,USA,,,False,True,False,2009.0,1.0,27.0
56055,Jaycee,Carroll,,,"",,,"","","","","",""
1629050,Jeffrey,Carroll,,,"",,,"","","","","",""
76353,Joe Barry,Carroll,,,USA,,,False,False,True,1980.0,1.0,1.0
2679,Matt,Carroll,,,USA,,,False,False,False,-22.0,-22.0,-22.0
200828,Pat,Carroll,,,"",,,"","","","","",""
1131,Jimmy,Carruth,,,USA,,,False,True,False,-1.0,-1.0,-1.0
1853,Anthony,Carter,,,USA,,,False,False,False,-22.0,-22.0,-22.0
76355,Butch,Carter,,,USA,,,True,False,False,1980.0,2.0,37.0
1642269,Devin,Carter,,,,,,,,,,,
76356,Fred,Carter,,,USA,,,True,False,False,1969.0,3.0,43.0
76357,George,Carter,,,USA,,,False,True,False,1967.0,8.0,81.0
76358,Howard,Carter,,,USA,,,True,False,False,1983.0,1.0,15.0
76359,Jake,Carter,,,USA,,,False,True,False,1948.0,"",""
1628975,Jevon,Carter,,,,,,,,,,,
2466,Maurice,Carter,,,USA,,,True,False,False,-1.0,-1.0,-1.0
76360,Reggie,Carter,,,USA,,,True,False,False,1979.0,2.0,27.0
76361,Ron,Carter,,,USA,,,True,False,False,1978.0,2.0,26.0
1627258,Sampson,Carter,,,"",,,"","","","","",""
202405,Tweety,Carter,,,"",,,"","","","","",""
1713,Vince,Carter,,,USA,,,True,True,False,1998.0,1.0,5.0
201999,Warren,Carter,,,"",,,"","","","","",""
1628976,Wendell,Carter Jr.,,,,,,false,false,false,,,
203487,Michael,Carter-Williams,,,USA,,,True,False,False,2013.0,1.0,11.0
1630618,D.J.,Carton,,,USA,,,False,False,False,-22.0,-22.0,-22.0
76362,Bill,Cartwright,,,USA,,,False,False,True,1979.0,1.0,3.0
76363,Jay,Carty,,,USA,,,False,True,False,1962.0,6.0,46.0
1627936,Alex,Caruso,,,,,,false,false,false,,,
1626271,Kyle,Casey,,,"",,,"","","","","",""
76364,Cornelius,Cash,,,USA,,,False,True,False,1975.0,2.0,24.0
208,Sam,Cassell,,,USA,,,True,False,False,1993.0,1.0,24.0
201956,Omri,Casspi,,,Israel,,,False,True,False,2009.0,1.0,23.0
551,Omri,Casspi,,,"",,,"","","","","",""
1642264,Stephon,Castle,,,,,,false,false,false,,,
101255,Steve,Castleberry,,,"",,,"","","","","",""
1630658,Colin,Castleton,,,,,,,,,,,
76365,Harvey,Catchings,,,USA,,,False,False,True,1974.0,3.0,42.0
767,Terry,Catledge,,,USA,,,False,True,False,1985.0,1.0,21.0
76367,Sid,Catlett,,,USA,,,False,True,False,1971.0,4.0,55.0
1509,Kelvin,Cato,,,USA,,,False,False,True,1997.0,1.0,15.0
76368,Bobby,Cattage,,,USA,,,False,True,False,1981.0,8.0,165.0
1626161,Willie,Cauley-Stein,,,USA,,,False,False,True,2015.0,1.0,6.0
1628505,Troy,Caupain,,,USA,,,True,False,False,-1.0,-1.0,-1.0
196294530,Fabien,Causeur,,,"",,,"","","","","",""
190,Duane,Causwell,,,USA,,,False,False,True,1990.0,1.0,18.0
1628463,Tyler,Cavanaugh,,,USA,,,False,True,False,-1.0,-1.0,-1.0
76370,Ron,Cavenall,,,USA,,,False,False,True,-1.0,-1.0,-1.0
1629958,Ahmad,Caver,,,USA,,,True,False,False,2019.0,"",""
1630608,Malcolm,Cazalon,,,France,,,False,False,False,-22.0,-22.0,-22.0
76,Cedric,Ceballos,,,USA,,,False,True,False,1990.0,2.0,48.0
1911,John,Celestand,,,USA,,,True,False,False,1999.0,2.0,30.0
52609,Leandro,Cerminato,,,"",,,"","","","","",""
76373,Al,Cervi,,,USA,,,True,False,False,-1.0,-1.0,-1.0
43308,Serhat,Cetin,,,"",,,"","","","","",""
43218,Gege,Chaia,,,"",,,"","","","","",""
2763,Lionel,Chalmers,,,USA,,,True,False,False,2004.0,2.0,33.0
201596,Mario,Chalmers,,,USA,,,True,False,False,2008.0,2.0,34.0
76374,Bill,Chamberlain,,,USA,,,False,True,False,1972.0,3.0,43.0
76375,Wilt,Chamberlain,,,USA,,,False,False,True,1959.0,"",""
76376,Jerry,Chambers,,,USA,,,False,True,False,1966.0,1.0,7.0
1472,Tom,Chambers,,,USA,,,False,True,False,1981.0,1.0,8.0
1630577,Julian,Champagnie,,,,,,false,false,false,,,
1630551,Justin,Champagnie,,,,,,,,,,,
76378,Mike,Champion,,,USA,,,False,True,False,-1.0,-1.0,-1.0
1631113,Kennedy,Chandler,,,,,,,,,,,
2199,Tyson,Chandler,,,USA,,,False,False,True,2001.0,1.0,2.0
201163,Wilson,Chandler,,,USA,,,False,True,False,2007.0,1.0,23.0
76379,Don,Chaney,,,USA,,,True,False,False,1968.0,1.0,12.0
76380,John,Chaney,,,USA,,,False,True,False,-1.0,-1.0,-1.0
64115,Lin,Chang,,,"",,,"","","","","",""
364,Rex,Chapman,,,USA,,,True,False,False,1988.0,1.0,8.0
76382,Len,Chappell,,,USA,,,False,True,False,1962.0,1.0,4.0
76383,Ken,Charles,,,USA,,,True,False,False,1973.0,3.0,38.0
76384,Lorenzo,Charles,,,USA,,,False,True,False,1985.0,2.0,41.0
200856,Brian,Chase,,,"",,,"","","","","",""
1629147,Joe,Chealey,,,USA,,,True,False,False,2018.0,"",""
384,Calbert,Cheaney,,,USA,,,True,True,False,1993.0,1.0,6.0
1629597,Zylan,Cheatham,,,USA,,,False,True,False,-1.0,-1.0,-1.0
196294578,Zylan,Cheatham,,,"",,,False,True,False,"","",""
76385,Maurice,Cheeks,,,USA,,,True,False,False,1978.0,2.0,36.0
64140,Ying-Chun,Chen,,,"",,,True,False,False,"","",""
27008,Yingjun,Chen,,,"",,,"","","","","",""
64127,Zanyu,Chen,,,"",,,"","","","","",""
76386,Phil,Chenier,,,USA,,,True,False,False,-22.0,-22.0,-22.0
2251,Eric,Chenowith,,,"",,,"","","","","",""
203805,Will,Cherry,,,USA,,,"","","",-1.0,-1.0,-1.0
76387,Derrick,Chievous,,,USA,,,False,True,False,1988.0,1.0,16.0
432,Pete,Chilcutt,,,USA,,,False,True,False,1991.0,1.0,27.0
267618,Josh,Childress,,,"",,,"","","","","",""
2735,Josh,Childress,,,USA,,,True,True,False,2004.0,1.0,6.0
719,Randolph,Childress,,,USA,,,True,False,False,1995.0,1.0,19.0
164,Chris,Childs,,,USA,,,True,False,False,-1.0,-1.0,-1.0
1630213,Yoeli,Childs,,,USA,,,False,False,False,-22.0,-22.0,-22.0
56037,David,Chiotti,,,"",,,"","","","","",""
1629185,Chris,Chiozza,,,USA,,,True,False,False,-1.0,-1.0,-1.0
76391,Leroy,Chollet,,,USA,,,False,True,False,-1.0,-1.0,-1.0
1642279,Ulrich,Chomche,,,,,,,,,,,
76392,Jim,Chones,,,USA,,,False,False,True,1973.0,2.0,31.0
1627737,Marquese,Chriss,,,USA,,,False,True,False,2016.0,1.0,8.0
76393,Fred,Christ,,,USA,,,True,False,False,-1.0,-1.0,-1.0
76394,Cal,Christensen,,,USA,,,False,True,False,1950.0,5.0,""
76395,Bob,Christian,,,USA,,,False,False,True,1969.0,8.0,109.0
1642353,Cam,Christie,,,,,,,,,,,
57,Doug,Christie,,,USA,,,True,True,False,1992.0,1.0,17.0
1631108,Max,Christie,,,,,,,,,,,
1962936270,Dionte,Christmas,,,"",,,"","","","","",""
202091,Dionte,Christmas,,,USA,,,"","","",-1.0,-1.0,-1.0
1626176,Rakeem,Christmas,,,USA,,,False,True,False,2015.0,2.0,36.0
203902,Semaj,Christon,,,USA,,,True,False,False,2014.0,2.0,55.0
1630528,Josh,Christopher,,,"",,,"","","","","",""
203565,Patrick,Christopher,,,USA,,,"","","",-1.0,-1.0,-1.0
101250,Adam,Chubb,,,"",,,"","","","","",""
42564,Alex,Chubrevich,,,"",,,"","","","","",""
43233,Alex,Chubrevich,,,"",,,False,False,False,"","",""
56086,Alex,Chubrevich,,,"",,,"","","","","",""
43215,Luis,Chupeta,,,"",,,"","","","","",""
928,Robert,Churchwell,,,USA,,,False,True,False,-1.0,-1.0,-1.0
538,Cinciarini,Cinciarini,,,"",,,"","","","","",""
1966938134,Lucas,Cipolini,,,"",,,"","","","","",""
1630619,Moussa,Cisse,,,,,,,,,,,
1631321,Sidy,Cissoko,,,,,,,,,,,
2439,Sam,Clancy,,,"",,,"","","","","",""
76397,Archie,Clark,,,USA,,,True,False,False,1966.0,4.0,37.0
76398,Carlos,Clark,,,USA,,,True,False,False,1983.0,4.0,91.0
40016,Daniel Mark,Clark,,,"",,,"","","","","",""
201947,Earl,Clark,,,USA,,,False,True,False,2009.0,1.0,14.0
1629109,Gary,Clark,,,USA,,,False,True,False,-22.0,-22.0,-22.0
203546,Ian,Clark,,,USA,,,True,False,False,-1.0,-1.0,-1.0
1641740,Jaylen,Clark,,,,,,,,,,,
1721,Keon,Clark,,,USA,,,False,True,True,1998.0,1.0,13.0
200858,Milone,Clark,,,"",,,"","","","","",""
1629634,Brandon,Clarke,,,,,,,,,,,
1626262,Coty,Clarke,,,USA,,,False,True,False,-1.0,-1.0,-1.0
203903,Jordan,Clarkson,,,,,,,,,,,
1628492,Gian,Clavell,,,Puerto Rico,,,True,False,False,-1.0,-1.0,-1.0
201964,Victor,Claver,,,Spain,,,False,False,False,2009.0,1.0,22.0
1127,Charles,Claxton,,,USA,,,False,False,True,1994.0,2.0,50.0
1629651,Nic,Claxton,,,,,,false,false,false,,,
2049,Speedy,Claxton,,,USA,,,True,False,False,2000.0,1.0,20.0
1642383,Walter,Clayton Jr.,,,,,,,,,,,
76402,Jim,Cleamons,,,USA,,,True,False,False,1971.0,1.0,13.0
2043,Mateen,Cleaves,,,USA,,,True,False,False,2000.0,1.0,14.0
76403,John,Clemens,,,USA,,,False,True,False,1965.0,3.0,19.0
1629598,Chris,Clemons,,,USA,,,True,False,False,-1.0,-1.0,-1.0
1628499,Antonius,Cleveland,,,USA,,,True,False,False,-22.0,-22.0,-22.0
196294102,Antonius,Cleveland,,,"",,,False,False,False,"","",""
1642888,Matthew,Cleveland,,,,,,,,,,,
1642363,Nique,Clifford,,,,,,,,,,,
76404,Nat,Clifton,,,USA,,,False,False,True,-1.0,-1.0,-1.0
1642270,Donovan,Clingan,,,,,,false,false,false,,,
76406,Bill,Closs,,,USA,,,False,True,False,-1.0,-1.0,-1.0
1569,Keith,Closs,,,USA,,,False,False,True,-1.0,-1.0,-1.0
1641730,Noah,Clowney,,,,,,,,,,,
76407,Paul,Cloyd,,,USA,,,True,False,False,1947.0,"",""
76408,Marion,Cluggish,,,USA,,,False,False,True,-1.0,-1.0,-1.0
76409,Ben,Clyde,,,USA,,,False,True,False,1974.0,5.0,89.0
203965,Justin,Cobbs,,,"",,,"","","","","",""
1629352,Jeffrey,Coby,,,"",,,"","","","","",""
1629599,Amir,Coffey,,,,,,,,,,,
76410,Richard,Coffey,,,USA,,,True,False,False,-1.0,-1.0,-1.0
76411,Fred,Cofield,,,USA,,,True,False,False,1985.0,4.0,73.0
56087,Bryan,Cohen,,,"",,,"","","","","",""
43188,Jake,Cohen,,,"",,,"","","","","",""
1966938155,David,Cohn,,,"",,,"","","","","",""
715,John,Coker,,,USA,,,"","","",-1.0,-1.0,-1.0
78655,John,Coker,,,"",,,"","","","","",""
196294141,Norris,Cole,,,"",,,False,False,False,"","",""
202708,Norris,Cole,,,USA,,,True,False,False,2011.0,1.0,28.0
76412,Ben,Coleman,,,USA,,,False,True,False,1984.0,2.0,37.0
934,Derrick,Coleman,,,USA,,,False,True,False,1990.0,1.0,1.0
76413,E.C.,Coleman,,,USA,,,False,True,False,1973.0,3.0,51.0
76414,Jack,Coleman,,,USA,,,False,True,False,1949.0,2.0,""
76415,Norris,Coleman,,,USA,,,False,True,False,1987.0,2.0,38.0
1630645,Matt,Coleman III,,,USA,,,False,False,False,-22.0,-22.0,-22.0
902,Bimbo,Coles,,,USA,,,True,False,False,1990.0,2.0,40.0
1642268,Isaiah,Collier,,,,,,,,,,,
2044,Jason,Collier,,,USA,,,False,False,True,2000.0,1.0,15.0
76416,Art,Collins,,,USA,,,True,False,False,1976.0,6.0,103.0
201653,Coleman,Collins,,,"",,,"","","","","",""
40089,DeJuan,Collins,,,"",,,"","","","","",""
76418,Don,Collins,,,USA,,,True,False,False,1980.0,1.0,18.0
76421,Doug,Collins,,,USA,,,True,False,False,1973.0,1.0,1.0
1530,James,Collins,,,USA,,,True,False,False,1997.0,2.0,36.0
2260,Jarron,Collins,,,USA,,,False,False,True,2001.0,2.0,52.0
2215,Jason,Collins,,,USA,,,False,False,True,2001.0,1.0,18.0
76419,Jimmy,Collins,,,USA,,,True,False,False,1970.0,1.0,11.0
1628381,John,Collins,,,,,,,,,,,
200776,Mardy,Collins,,,USA,,,True,False,False,2006.0,1.0,29.0
202395,Sherron,Collins,,,USA,,,True,False,False,-1.0,-1.0,-1.0
1641879,Yuri,Collins,,,"",,,"","","","","",""
1628380,Zach,Collins,,,,,,,,,,,
1627858,Kyle,Collinsworth,,,USA,,,True,False,False,2016.0,"",""
201954,Darren,Collison,,,USA,,,True,False,False,2009.0,1.0,21.0
2555,Nick,Collison,,,USA,,,False,True,True,2003.0,1.0,12.0
76422,Joe,Colone,,,USA,,,False,True,False,-1.0,-1.0,-1.0
1629045,Bonzie,Colson,,,USA,,,False,True,False,-1.0,-1.0,-1.0
2173,Sean,Colson,,,USA,,,True,False,False,-1.0,-1.0,-1.0
306,Steve,Colter,,,USA,,,True,False,False,1984.0,2.0,33.0
1628435,Chance,Comanche,,,USA,,,False,False,False,-22.0,-22.0,-22.0
76425,Leroy,Combs,,,USA,,,False,True,False,1983.0,2.0,26.0
76426,Dallas,Comegys,,,USA,,,False,False,True,1987.0,1.0,21.0
76427,Larry,Comley,,,USA,,,True,False,False,1961.0,10.0,91.0
1642022,George,Conditt IV,,,Puerto Rico,,,False,False,False,-22.0,-22.0,-22.0
76428,Gene,Conley,,,USA,,,False,False,True,1952.0,10.0,""
201144,Mike,Conley,,,,,,false,false,false,,,
76429,Ed,Conlin,,,USA,,,False,True,False,1955.0,1.0,5.0
55,Marty,Conlon,,,USA,,,False,False,True,-1.0,-1.0,-1.0
1626192,Pat,Connaughton,,,,,,,,,,,
76431,Lester,Conner,,,USA,,,True,False,False,1982.0,1.0,14.0
76432,Chuck,Connors,,,USA,,,False,True,False,-1.0,-1.0,-1.0
101215,Will,Conroy,,,USA,,,True,False,False,-1.0,-1.0,-1.0
76433,Anthony,Cook,,,USA,,,False,True,False,1989.0,1.0,24.0
76434,Bert,Cook,,,USA,,,True,False,False,-22.0,-22.0,-22.0
76438,Bobby,Cook,,,USA,,,True,False,False,1948.0,"",""
2567,Brian,Cook,,,USA,,,False,True,True,2003.0,1.0,24.0
201161,Daequan,Cook,,,USA,,,True,False,False,2007.0,1.0,21.0
76435,Darwin,Cook,,,USA,,,True,False,False,1980.0,4.0,70.0
1627765,Elgin,Cook,,,"",,,"","","","","",""
76436,Jeff,Cook,,,USA,,,False,True,False,1978.0,3.0,49.0
1630269,Keandre,Cook,,,USA,,,False,False,False,-22.0,-22.0,-22.0
76437,Norm,Cook,,,USA,,,False,True,False,1976.0,1.0,16.0
2241,Omar,Cook,,,USA,,,True,False,False,2001.0,2.0,31.0
56034,Omar,Cook,,,"",,,"","","","","",""
1626188,Quinn,Cook,,,USA,,,True,False,False,-1.0,-1.0,-1.0
1629076,Tyler,Cook,,,USA,,,False,True,False,-22.0,-22.0,-22.0
1628429,Charles,Cooke,,,USA,,,True,False,False,-1.0,-1.0,-1.0
76439,David,Cooke,,,USA,,,False,True,False,-1.0,-1.0,-1.0
1631451,Javonte,Cooke,,,,,,,,,,,
76440,Joe,Cooke,,,USA,,,True,False,False,1970.0,6.0,94.0
1627496,Derek,Cooke Jr.,,,"",,,"","","","","",""
1641645,Xavier,Cooks,,,Australia,,,False,True,False,-22.0,-22.0,-22.0
204022,Jack,Cooley,,,USA,,,False,True,True,-1.0,-1.0,-1.0
76442,Chuck,Cooper,,,USA,,,False,True,False,1950.0,2.0,""
1030,Duane,Cooper,,,USA,,,True,False,False,1992.0,2.0,36.0
76443,Joe,Cooper,,,USA,,,False,False,True,1981.0,5.0,95.0
76444,Michael,Cooper,,,USA,,,True,False,False,1978.0,3.0,60.0
1630536,Sharife,Cooper,,,,,,,,,,,
76441,Wayne,Cooper,,,USA,,,False,False,True,1978.0,2.0,40.0
76446,Tom,Copa,,,USA,,,False,True,False,-1.0,-1.0,-1.0
203142,Chris,Copeland,,,USA,,,False,True,False,-1.0,-1.0,-1.0
76447,Hollis,Copeland,,,USA,,,False,True,False,1978.0,3.0,46.0
76448,Lanard,Copeland,,,USA,,,False,True,False,-1.0,-1.0,-1.0
895,Tyrone,Corbin,,,USA,,,False,True,False,1985.0,2.0,35.0
76450,Chris,Corchiani,,,USA,,,True,False,False,1991.0,2.0,36.0
76451,Ken,Corley,,,USA,,,False,False,False,-22.0,-22.0,-22.0
76452,Ray,Corley,,,USA,,,True,False,False,1949.0,5.0,""
1627822,Petr,Cornelie,,,France,,,False,False,False,2016.0,2.0,53.0
1969,Peter,Cornell,,,"",,,"","","","","",""
76453,Dave,Corzine,,,USA,,,False,False,True,1978.0,1.0,18.0
76454,Larry,Costello,,,USA,,,True,False,False,1954.0,2.0,12.0
1627856,Matt,Costello,,,USA,,,False,True,True,-1.0,-1.0,-1.0
203955,Bryce,Cotton,,,USA,,,True,False,False,-1.0,-1.0,-1.0
76456,Jack,Cotton,,,USA,,,False,True,False,-1.0,-1.0,-1.0
1526,James,Cotton,,,USA,,,True,False,False,1997.0,2.0,32.0
76457,John,Coughran,,,USA,,,False,True,False,1973.0,5.0,74.0
1641731,Bilal,Coulibaly,,,,,,,,,,,
1641741,Ricky,Council IV,,,"",,,False,True,False,"","",""
76458,Mel,Counts,,,USA,,,False,False,True,1964.0,1.0,7.0
76459,Steve,Courtin,,,USA,,,True,False,False,1964.0,3.0,24.0
1432,Joe,Courtney,,,USA,,,False,True,False,-1.0,-1.0,-1.0
202408,Marcus,Cousin,,,USA,,,False,True,False,-1.0,-1.0,-1.0
202326,DeMarcus,Cousins,,,USA,,,False,False,True,2010.0,1.0,5.0
1627766,Isaiah,Cousins,,,"",,,"","","","","",""
1627902,Jaleel,Cousins,,,"",,,"","","","","",""
600003,Bob,Cousy,,,USA,,,True,False,False,1950.0,1.0,3.0
203496,Robert,Covington,,,USA,,,False,True,False,-1.0,-1.0,-1.0
1642907,Cedric,Coward,,,,,,,,,,,
76462,Dave,Cowens,,,USA,,,False,False,True,1970.0,1.0,4.0
76463,John,Cox,,,USA,,,True,False,False,1978.0,8.0,159.0
76464,Johnny,Cox,,,USA,,,True,False,False,1959.0,4.0,28.0
76465,Wesley,Cox,,,USA,,,False,True,False,1977.0,1.0,18.0
203459,Allen,Crabbe,,,USA,,,True,True,False,2013.0,2.0,31.0
203905,Aaron,Craft,,,"",,,"","","","","",""
1628470,Torrey,Craig,,,USA,,,False,True,False,-1.0,-1.0,-1.0
1544,Chris,Crawford,,,USA,,,False,True,False,1997.0,2.0,50.0
204039,Chris,Crawford,,,"",,,"","","","","",""
203990,Drew,Crawford,,,"",,,"","","","","",""
76466,Freddie,Crawford,,,USA,,,True,False,False,1964.0,4.0,26.0
1642384,Isaiah,Crawford,,,,,,,,,,,
2037,Jamal,Crawford,,,USA,,,True,False,False,2000.0,1.0,8.0
201621,Joe,Crawford,,,USA,,,True,False,False,2008.0,2.0,58.0
202348,Jordan,Crawford,,,USA,,,True,False,False,2010.0,1.0,27.0
1629156,Markel,Crawford,,,"",,,"","","","","",""
1628249,Mitchell,Creek,,,Australia,,,True,True,False,-1.0,-1.0,-1.0
76468,Jim,Creighton,,,USA,,,False,True,False,1972.0,3.0,40.0
64145,Kevin,Crescenzi,,,"",,,"","","","","",""
76469,Ron,Crevier,,,USA,,,False,False,True,1983.0,4.0,75.0
76470,Hal,Crisler,,,USA,,,False,True,False,-1.0,-1.0,-1.0
2343,Joe,Crispin,,,USA,,,True,False,False,-1.0,-1.0,-1.0
76471,Charlie,Criss,,,USA,,,True,False,False,-1.0,-1.0,-1.0
76472,Winston,Crite,,,USA,,,False,True,False,1987.0,3.0,53.0
201159,Javaris,Crittenton,,,USA,,,True,False,False,2007.0,1.0,19.0
76473,Dillard,Crocker,,,USA,,,False,True,False,-1.0,-1.0,-1.0
76474,Jeffrey,Crompton,,,USA,,,False,False,True,1978.0,4.0,70.0
76475,Terry,Crosby,,,USA,,,True,False,False,1979.0,3.0,62.0
1506,Austin,Croshere,,,USA,,,False,True,False,1997.0,1.0,12.0
76476,Jeff,Cross,,,USA,,,False,True,False,1984.0,3.0,61.0
76477,Pete,Cross,,,USA,,,False,False,True,1970.0,2.0,23.0
76478,Russell,Cross,,,USA,,,False,False,True,1983.0,1.0,6.0
76479,Francis,Crossin,,,USA,,,True,False,False,1947.0,1.0,6.0
180,John,Crotty,,,USA,,,True,False,False,-1.0,-1.0,-1.0
76481,Mark,Crow,,,USA,,,False,True,False,1977.0,6.0,111.0
76482,Corey,Crowder,,,USA,,,False,True,False,-1.0,-1.0,-1.0
203109,Jae,Crowder,,,"",,,"","","","","",""
1630622,Jalen,Crutcher,,,,,,,,,,,
1643018,LJ,Cryer,,,,,,,,,,,
42565,David,Cubillan,,,"",,,"","","","","",""
196294614,Martin,Cuello,,,"",,,"","","","","",""
1629633,Jarrett,Culver,,,USA,,,True,True,False,2019.0,1.0,6.0
1629600,Jarron,Cumberland,,,USA,,,True,False,False,-1.0,-1.0,-1.0
1962937920,Lochlan,Cummings,,,"",,,"","","","","",""
76483,Pat,Cummings,,,USA,,,False,False,True,1978.0,3.0,59.0
200555,TJ,Cummings,,,"",,,"","","","","",""
187,Terry,Cummings,,,USA,,,False,True,False,1982.0,1.0,2.0
1907,Vonteego,Cummings,,,USA,,,False,False,False,1999.0,1.0,26.0
1626270,Will,Cummings,,,"",,,"","","","","",""
76487,Billy,Cunningham,,,USA,,,False,True,False,1965.0,1.0,5.0
1630595,Cade,Cunningham,,,,,,false,false,false,,,
201967,Dante,Cunningham,,,USA,,,False,True,False,2009.0,2.0,33.0
76485,Dick,Cunningham,,,USA,,,False,False,True,1968.0,2.0,21.0
203099,Jared,Cunningham,,,USA,,,True,False,False,2012.0,1.0,24.0
1061,William,Cunningham,,,USA,,,False,False,True,-1.0,-1.0,-1.0
76488,Radisav,Curcic,,,Serbia,,,False,False,True,-1.0,-1.0,-1.0
76489,Armand,Cure,,,USA,,,False,True,False,-1.0,-1.0,-1.0
940,Earl,Cureton,,,USA,,,False,False,False,1979.0,3.0,58.0
223,Bill,Curley,,,USA,,,False,True,False,1994.0,1.0,22.0
76492,Fran,Curran,,,USA,,,True,False,False,-1.0,-1.0,-1.0
209,Dell,Curry,,,USA,,,True,True,False,1986.0,1.0,15.0
2201,Eddy,Curry,,,USA,,,False,False,True,2001.0,1.0,4.0
201191,JamesOn,Curry,,,USA,,,True,False,False,2007.0,2.0,51.0
688,Michael,Curry,,,USA,,,True,True,False,-1.0,-1.0,-1.0
203552,Seth,Curry,,,,,,,,,,,
201939,Stephen,Curry,,,,,,false,false,false,,,
687,Rastko,Cvetkovic,,,Serbia,,,False,False,True,-1.0,-1.0,-1.0
203589,Olek,Czyz,,,"",,,"","","","","",""
76505,Mike,D'Antoni,,,USA,,,True,False,False,1973.0,2.0,20.0
1642359,Pacome,Dadiet,,,,,,false,false,false,,,
76496,Ed,Dahler,,,USA,,,False,True,False,1950.0,2.0,""
76497,Quintin,Dailey,,,USA,,,True,False,False,1982.0,1.0,7.0
1643120,Dain,Dainja,,,,,,,,,,,
2223,Samuel,Dalembert,,,Haiti,,,False,False,True,2001.0,1.0,26.0
76498,Howie,Dallmar,,,USA,,,False,True,False,-1.0,-1.0,-1.0
1962937738,Sam,Daly,,,"",,,"","","","","",""
956,Erick,Dampier,,,USA,,,False,False,True,1996.0,1.0,10.0
76499,Lou,Dampier,,,USA,,,False,False,False,1967.0,4.0,38.0
76500,Bob,Dandridge,,,USA,,,False,True,False,1969.0,4.0,45.0
1966938204,Koperberg,Daniel,,,"",,,"","","","","",""
1498,Antonio,Daniels,,,USA,,,True,False,False,1997.0,1.0,4.0
1641915,Caleb,Daniels,,,USA,,,False,False,False,-22.0,-22.0,-22.0
202808,Chris,Daniels,,,"",,,"","","","","",""
196295307,Dash,Daniels,,,,,,,,,,,
1630700,Dyson,Daniels,,,,,,false,false,false,,,
2845,Erik,Daniels,,,USA,,,False,False,False,-22.0,-22.0,-22.0
1380,Lloyd,Daniels,,,USA,,,True,False,False,-1.0,-1.0,-1.0
2605,Marquis,Daniels,,,USA,,,False,True,False,-22.0,-22.0,-22.0
76502,Mel,Daniels,,,USA,,,False,False,True,1967.0,1.0,9.0
203584,Troy,Daniels,,,USA,,,True,False,False,-1.0,-1.0,-1.0
390,Sasha,Danilovic,,,Serbia,,,True,False,False,1992.0,2.0,43.0
1642368,N'Faly,Dante,,,,,,,,,,,
76504,Adrian,Dantley,,,USA,,,False,True,False,1976.0,1.0,6.0
76506,Henry,Darcey,,,USA,,,False,False,True,-1.0,-1.0,-1.0
76507,Jimmy,Darden,,,USA,,,True,False,False,1947.0,"",""
212,Yinka,Dare,,,USA,,,False,False,True,1994.0,1.0,14.0
76509,Jesse,Dark,,,USA,,,True,False,False,1974.0,2.0,32.0
196295062,Max,Darling,,,"",,,False,False,False,"","",""
1630268,Nate,Darling,,,"",,,"","","","","",""
76511,Jimmy,Darrow,,,USA,,,False,False,False,1960.0,5.0,38.0
41532,Vladimir,Dasic,,,"",,,"","","","","",""
203540,Gigi,Datome,,,Italy,,,False,True,False,-1.0,-1.0,-1.0
921,Brad,Daugherty,,,USA,,,False,False,True,1986.0,1.0,1.0
1600,Kornel,David,,,USA,,,False,True,False,-1.0,-1.0,-1.0
201176,Jermareo,Davidson,,,USA,,,False,True,False,2007.0,2.0,36.0
76514,Bob,Davies,,,USA,,,True,False,False,-1.0,-1.0,-1.0
203561,Brandon,Davies,,,USA,,,False,True,False,-1.0,-1.0,-1.0
203076,Anthony,Davis,,,,,,false,false,false,,,
213,Antonio,Davis,,,USA,,,False,True,True,1990.0,2.0,45.0
76515,Aubrey,Davis,,,USA,,,True,False,False,-1.0,-1.0,-1.0
1884,Baron,Davis,,,USA,,,True,False,False,1999.0,1.0,3.0
989,Ben,Davis,,,USA,,,False,True,False,1996.0,2.0,43.0
201834,Bennet,Davis,,,"",,,"","","","","",""
76538,Bill,Davis,,,USA,,,False,True,False,1968.0,12.0,160.0
76533,Bob,Davis,,,USA,,,False,True,False,1972.0,2.0,14.0
76516,Brad,Davis,,,USA,,,True,False,False,1977.0,1.0,15.0
76517,Brian,Davis,,,USA,,,False,True,False,1992.0,2.0,48.0
76518,Charlie,Davis,,,USA,,,False,True,False,1981.0,2.0,35.0
76519,Charlie,Davis,,,USA,,,True,False,False,1971.0,8.0,120.0
905,Dale,Davis,,,USA,,,False,True,True,1991.0,1.0,13.0
1627738,Deyonta,Davis,,,USA,,,False,False,False,2016.0,2.0,31.0
76521,Double D,Davis,,,USA,,,False,True,False,1972.0,1.0,3.0
202334,Ed,Davis,,,USA,,,False,True,True,2010.0,1.0,13.0
76522,Edward,Davis,,,USA,,,False,True,False,1972.0,7.0,113.0
1023,Emanual,Davis,,,USA,,,True,False,False,-1.0,-1.0,-1.0
201175,Glen,Davis,,,USA,,,False,True,True,2007.0,2.0,35.0
76523,Harry,Davis,,,USA,,,False,True,False,1978.0,2.0,33.0
93,Hubert,Davis,,,USA,,,True,False,False,1992.0,1.0,20.0
76524,James,Davis,,,USA,,,False,False,True,1954.0,6.0,52.0
76525,Jim,Davis,,,USA,,,False,False,True,1964.0,4.0,27.0
1631098,Johnny,Davis,,,"",,,"","","","","",""
76526,Johnny,Davis,,,USA,,,True,False,False,1976.0,2.0,22.0
1629860,Jon,Davis,,,"",,,"","","","","",""
201820,Josh,Davis,,,"",,,"","","","","",""
204027,Josh,Davis,,,"",,,"","","","","",""
2668,Josh,Davis,,,USA,,,False,True,False,-1.0,-1.0,-1.0
101225,Justin,Davis,,,"",,,"","","","","",""
1630660,Kendric,Davis,,,USA,,,False,False,False,-22.0,-22.0,-22.0
707,Mark,Davis,,,USA,,,True,True,False,1995.0,2.0,48.0
76528,Mark,Davis,,,USA,,,False,True,False,1985.0,4.0,79.0
76529,Mel,Davis,,,USA,,,False,True,False,1973.0,1.0,14.0
76530,Michael,Davis,,,USA,,,False,True,False,-1.0,-1.0,-1.0
76531,Mike,Davis,,,USA,,,True,False,False,1969.0,1.0,14.0
76520,Monti,Davis,,,USA,,,False,True,False,1980.0,1.0,21.0
200781,Paul,Davis,,,USA,,,False,False,True,2006.0,2.0,34.0
1642930,R.J.,Davis,,,,,,,,,,,
76532,Ralph,Davis,,,USA,,,True,False,False,1960.0,3.0,17.0
1729,Ricky,Davis,,,USA,,,True,False,False,1998.0,1.0,21.0
76534,Ron,Davis,,,USA,,,True,False,False,1976.0,5.0,70.0
1629056,Terence,Davis,,,,,,,,,,,
426,Terry,Davis,,,USA,,,False,True,True,-1.0,-1.0,-1.0
1629093,Tyler,Davis,,,USA,,,False,False,True,-1.0,-1.0,-1.0
76536,Walt,Davis,,,USA,,,False,False,True,1952.0,2.0,""
1453,Walter,Davis,,,USA,,,True,False,False,1977.0,1.0,5.0
196295065,Carlin,Davison,,,"",,,"","","","","",""
1631120,JD,Davison,,,,,,,,,,,
203958,Andre,Dawkins,,,USA,,,True,False,False,-1.0,-1.0,-1.0
76539,Darryl,Dawkins,,,USA,,,False,False,True,1975.0,1.0,5.0
1008,Johnny,Dawkins,,,USA,,,True,False,False,1986.0,1.0,10.0
76541,Paul,Dawkins,,,USA,,,False,True,False,1979.0,1.0,185.0
1626183,Branden,Dawson,,,USA,,,False,True,False,2015.0,2.0,56.0
201286,Eric,Dawson,,,USA,,,False,True,False,-1.0,-1.0,-1.0
1627873,Shawn,Dawson,,,"",,,"","","","","",""
76542,Tony,Dawson,,,USA,,,False,True,False,-22.0,-22.0,-22.0
103,Todd,Day,,,USA,,,"","","",1992.0,1.0,8.0
201948,Austin,Daye,,,USA,,,False,True,False,2009.0,1.0,15.0
76543,Darren,Daye,,,USA,,,False,True,False,1983.0,3.0,57.0
1630620,Darius,Days,,,USA,,,False,True,False,-1.0,-1.0,-1.0
201986,Nando,De Colo,,,France,,,True,False,False,2009.0,2.0,53.0
64062,Adris,De Leon,,,"",,,"","","","","",""
41548,Ignacio,De Miguel,,,"",,,"","","","","",""
1966938135,Jimmy,De Oliveira,,,"",,,False,True,False,"","",""
76545,Dave,DeBusschere,,,USA,,,False,True,False,1962.0,"",""
692,Andrew,DeClercq,,,USA,,,False,False,True,1995.0,2.0,34.0
1629602,Javin,DeLaurier,,,USA,,,False,False,True,-1.0,-1.0,-1.0
76551,Nate,DeLong,,,USA,,,False,False,True,1950.0,9.0,""
201942,DeMar,DeRozan,,,,,,false,false,false,,,
64004,Keron,DeShields,,,"",,,True,False,False,"","",""
76562,Hank,DeZonie,,,USA,,,False,True,False,-1.0,-1.0,-1.0
76544,Greg,Deane,,,USA,,,True,False,False,1979.0,4.0,67.0
201252,Willie,Deane,,,"",,,"","","","","",""
1962937922,Sunday,Dech,,,"",,,"","","","","",""
1962937933,Sunday,Dech,,,"",,,"","","","","",""
196294114,Sunday,Dech,,,"",,,False,False,False,"","",""
1630466,Gabriel,Deck,,,Argentina,,,False,True,False,-1.0,-1.0,-1.0
52607,Gabriel,Deck,,,"",,,False,False,False,"","",""
203473,Dewayne,Dedmon,,,USA,,,False,False,True,-1.0,-1.0,-1.0
76546,Archie,Dees,,,USA,,,False,True,False,1958.0,1.0,2.0
143,Terry,Dehere,,,USA,,,True,False,False,1993.0,1.0,13.0
76548,Red,Dehnert,,,USA,,,False,False,False,-22.0,-22.0,-22.0
1626214,Bryce,Dejean-Jones,,,USA,,,True,False,False,-1.0,-1.0,-1.0
1626155,Sam,Dekker,,,USA,,,False,True,False,2015.0,1.0,18.0
219,Vinny,Del Negro,,,USA,,,False,False,False,1988.0,2.0,29.0
196295482,Finn,Delaney,,,,,,false,false,false,,,
1966938181,Finn,Delaney,,,"",,,"","","","","",""
1627098,Malcolm,Delaney,,,USA,,,True,False,False,-1.0,-1.0,-1.0
196294603,Finn,Delany,,,"",,,"","","","","",""
64076,Finn,Delany,,,"",,,"","","","","",""
183,Bison,Dele,,,USA,,,False,True,True,1991.0,1.0,10.0
2568,Carlos,Delfino,,,Argentina,,,True,True,False,2003.0,1.0,25.0
1629116,Angel,Delgado,,,Dominican Republic,,,False,False,True,2018.0,"",""
202411,Richard,Delk,,,"",,,"","","","","",""
960,Tony,Delk,,,USA,,,True,False,False,1996.0,1.0,16.0
203521,Matthew,Dellavedova,,,Australia,,,True,False,False,-1.0,-1.0,-1.0
76552,Fennis,Dembo,,,USA,,,False,True,False,1988.0,2.0,30.0
76553,Larry,Demic,,,USA,,,False,True,False,1979.0,1.0,9.0
1642856,Egor,Demin,,,,,,,,,,,
196294531,Egor,Demin,,,"",,,"","","","","",""
1628610,Cody,Demps,,,"",,,"","","","","",""
725,Dell,Demps,,,USA,,,True,False,False,-1.0,-1.0,-1.0
76555,George,Dempsey,,,USA,,,True,False,False,1951.0,7.0,68.0
1627641,Deng,Deng,,,"",,,"","","","","",""
2736,Luol,Deng,,,United Kingdom,,,False,True,False,2004.0,1.0,7.0
64067,Majok,Deng,,,"",,,"","","","","",""
1966938128,Qunfei,Deng,,,"",,,"","","","","",""
76556,Kenny,Dennard,,,USA,,,False,True,False,1981.0,4.0,78.0
76557,Blaine,Denning,,,USA,,,True,False,False,1952.0,"",""
1641926,Dexter,Dennis,,,,,,,,,,,
1642484,RayJ,Dennis,,,,,,,,,,,
202417,Stephen,Dennis,,,"",,,"","","","","",""
202458,Justin,Dentmon,,,USA,,,True,False,False,-1.0,-1.0,-1.0
76558,Randy,Denton,,,USA,,,False,False,True,1971.0,4.0,61.0
196294604,Gui,Deodato,,,"",,,True,False,False,"","",""
76559,Rod,Derline,,,USA,,,True,False,False,1974.0,10.0,169.0
1629094,Marcus,Derrickson,,,USA,,,False,True,False,-1.0,-1.0,-1.0
76560,Dave,Deutsch,,,USA,,,True,False,False,1966.0,12.0,98.0
76561,Walter,Devlin,,,USA,,,True,False,False,1955.0,2.0,9.0
1631238,Michael,Devoe,,,USA,,,False,False,False,-22.0,-22.0,-22.0
76568,Ernie,DiGregorio,,,USA,,,True,False,False,1973.0,1.0,3.0
1628978,Donte,DiVincenzo,,,,,,false,false,false,,,
1631217,Moussa,Diabate,,,,,,false,false,false,,,
512,Vladimir,Diachok,,,"",,,"","","","","",""
196294532,Ismaila,Diagne,,,"",,,"","","","","",""
502,Diakite,Diakite,,,"",,,"","","","","",""
1629603,Mamadi,Diakite,,,Guinea,,,False,True,False,-1.0,-1.0,-1.0
196294586,Mamadi,Diakite,,,"",,,"","","","","",""
1760,Derrick,Dial,,,USA,,,True,False,False,1998.0,2.0,52.0
1627767,Cheick,Diallo,,,Mali,,,False,True,True,2016.0,2.0,33.0
1628977,Hamidou,Diallo,,,USA,,,True,False,False,2018.0,2.0,45.0
40072,Dimitrios,Diamantidis,,,"",,,"","","","","",""
1966938133,Lucas,Dias,,,"",,,False,True,False,"","",""
2564,Boris,Diaw,,,France,,,False,True,True,2003.0,1.0,21.0
1642885,Mohamed,Diawara,,,,,,,,,,,
200821,Yakhouba,Diawara,,,USA,,,True,True,False,-1.0,-1.0,-1.0
200799,Guillermo,Diaz,,,USA,,,False,False,False,2006.0,2.0,52.0
1641711,Gradey,Dick,,,,,,,,,,,
2424,Dan,Dickau,,,USA,,,True,False,False,2002.0,1.0,28.0
2079,Kaniel,Dickens,,,USA,,,False,False,False,2000.0,2.0,50.0
76563,Henry,Dickerson,,,USA,,,True,False,False,-1.0,-1.0,-1.0
1722,Michael,Dickerson,,,USA,,,True,False,False,1998.0,1.0,14.0
76564,Derrek,Dickey,,,USA,,,False,True,False,1973.0,2.0,29.0
76565,Dick,Dickey,,,USA,,,True,False,False,1950.0,3.0,""
1630621,Hunter,Dickinson,,,,,,,,,,,
101143,Travis,Diener,,,USA,,,True,False,False,2005.0,2.0,38.0
203476,Gorgui,Dieng,,,Senegal,,,False,False,True,2013.0,1.0,21.0
1631172,Ousmane,Dieng,,,,,,false,false,false,,,
76566,Connie,Dierking,,,USA,,,False,False,True,1958.0,1.0,5.0
76567,Coby,Dietrick,,,USA,,,False,False,True,1970.0,1.0,155.0
40070,Demos,Dikoudis,,,"",,,"","","","","",""
76569,Mickey,Dillard,,,USA,,,True,False,False,1981.0,3.0,55.0
76570,Bob,Dille,,,USA,,,False,True,False,-1.0,-1.0,-1.0
1642265,Rob,Dillingham,,,,,,false,false,false,,,
1966938148,Daniel,Dillon,,,"",,,"","","","","",""
76571,John,Dillon,,,USA,,,False,True,False,1948.0,"",""
40087,Vilmantas,Dilys,,,"",,,"","","","","",""
21005,Jinhui,Ding,,,"",,,"","","","","",""
1629142,Yanyuhang,Ding,,,"",,,"","","","","",""
76574,Byron,Dinkins,,,USA,,,True,False,False,-1.0,-1.0,-1.0
76575,Jackie,Dinkins,,,USA,,,False,True,False,1971.0,9.0,150.0
76576,Bill,Dinwiddie,,,USA,,,False,True,False,-1.0,-1.0,-1.0
203915,Spencer,Dinwiddie,,,,,,,,,,,
101113,Ike,Diogu,,,USA,,,False,True,False,2005.0,1.0,9.0
2205,DeSagana,Diop,,,Senegal,,,False,False,True,2001.0,1.0,8.0
76577,Terry,Dischinger,,,USA,,,False,True,False,1962.0,2.0,8.0
76578,Fred,Diute,,,USA,,,True,False,False,1951.0,3.0,27.0
124,Vlade,Divac,,,Serbia,,,False,False,True,1989.0,1.0,26.0
1628679,Daniel,Dixon,,,"",,,"","","","","",""
1642915,Eric,Dixon,,,,,,,,,,,
2413,Juan,Dixon,,,USA,,,True,False,False,2002.0,1.0,17.0
2833,Nigel,Dixon,,,"",,,"","","","","",""
56077,Nihad,Djedovic,,,"",,,"","","","","",""
41208,Branislav,Djekic,,,"",,,"","","","","",""
1059,Aleksandar,Djordjevic,,,Serbia,,,True,False,False,-1.0,-1.0,-1.0
76580,Earl,Dodd,,,USA,,,False,True,False,1949.0,5.0,""
1720,Michael,Doleac,,,USA,,,False,False,True,1998.0,1.0,12.0
76581,Joe,Dolhon,,,USA,,,True,False,False,-1.0,-1.0,-1.0
76582,Bob,Doll,,,USA,,,False,True,False,-1.0,-1.0,-1.0
76583,James,Donaldson,,,USA,,,False,False,True,1979.0,4.0,73.0
1629029,Luka,Doncic,,,,,,,,,,,
1962937071,Luka,Doncic,,,"",,,"","","","","",""
1962937441,Luka,Doncic,,,"",,,"","","","","",""
76584,Bob,Donham,,,USA,,,True,False,False,1950.0,3.0,""
76586,Billy,Donovan,,,USA,,,True,False,False,1987.0,3.0,68.0
76585,Harry,Donovan,,,USA,,,True,False,False,1949.0,2.0,""
2039,Keyon,Dooling,,,USA,,,True,False,False,2000.0,1.0,10.0
76587,Jacky,Dorsey,,,USA,,,False,True,False,1976.0,2.0,26.0
201595,Joey,Dorsey,,,USA,,,False,False,False,2008.0,2.0,33.0
1628416,Tyler,Dorsey,,,USA,,,True,False,False,2017.0,2.0,41.0
1629652,Luguentz,Dort,,,,,,,,,,,
1630245,Ayo,Dosunmu,,,,,,,,,,,
1628422,Damyean,Dotson,,,USA,,,True,False,False,2017.0,2.0,44.0
1629653,Devon,Dotson,,,USA,,,True,False,False,-1.0,-1.0,-1.0
200763,Quincy,Douby,,,USA,,,True,False,False,2006.0,1.0,19.0
76588,Bruce,Douglas,,,USA,,,True,False,False,1986.0,3.0,57.0
76589,John,Douglas,,,USA,,,True,False,False,1978.0,6.0,118.0
76590,Leon,Douglas,,,USA,,,False,False,True,1976.0,1.0,4.0
428,Sherman,Douglas,,,USA,,,True,False,False,1989.0,2.0,28.0
201962,Toney,Douglas,,,USA,,,True,False,False,2009.0,1.0,29.0
201604,Chris,Douglas-Roberts,,,USA,,,True,False,False,2008.0,2.0,40.0
1629635,Sekou,Doumbouya,,,France,,,False,True,False,2019.0,1.0,15.0
76592,Lloyd,Dove,,,USA,,,False,True,False,1967.0,1.0,4.0
202220,Zabian,Dowdell,,,USA,,,True,False,False,-1.0,-1.0,-1.0
201630,Dion,Dowell,,,"",,,"","","","","",""
76593,Bill,Downey,,,USA,,,False,False,True,-1.0,-1.0,-1.0
76594,Steve,Downing,,,USA,,,False,False,True,1973.0,1.0,17.0
203190,Micah,Downs,,,"",,,"","","","","",""
1630288,Jeff,Dowtin Jr.,,,"",,,True,False,False,"","",""
64068,Adam,Doyle,,,"",,,"","","","","",""
76595,Danny,Doyle,,,USA,,,False,True,False,1961.0,5.0,44.0
1628495,Milton,Doyle,,,,,,false,false,false,,,
1628408,PJ,Dozier,,,"",,,"","","","","",""
201993,Robert,Dozier,,,"",,,"","","","","",""
76596,Terry,Dozier,,,USA,,,False,True,False,-1.0,-1.0,-1.0
201609,Goran,Dragic,,,Slovenia,,,True,False,False,2008.0,2.0,45.0
204054,Zoran,Dragic,,,Slovenia,,,True,True,False,-22.0,-22.0,-22.0
202069,Dontaye,Draper,,,"",,,"","","","","",""
56046,Dontaye,Draper,,,"",,,"","","","","",""
1068,Greg,Dreiling,,,USA,,,False,False,True,1986.0,2.0,26.0
40036,Christian,Drejer,,,"",,,"","","","","",""
1630929,Henri,Drell,,,Estonia,,,False,True,False,-22.0,-22.0,-22.0
1724,Bryce,Drew,,,USA,,,True,False,False,1998.0,1.0,16.0
76598,John,Drew,,,USA,,,False,True,False,1974.0,2.0,25.0
76599,Larry,Drew,,,USA,,,True,False,False,1980.0,1.0,17.0
203580,Larry,Drew II,,,USA,,,True,False,False,-1.0,-1.0,-1.0
17,Clyde,Drexler,,,USA,,,True,False,False,1983.0,1.0,14.0
1962936104,Yannik,Driesen,,,"",,,"","","","","",""
1041,Nate,Driggers,,,USA,,,True,True,False,-22.0,-22.0,-22.0
76603,Terry,Driscoll,,,USA,,,False,True,False,1969.0,1.0,4.0
196294103,Anthony,Drmic,,,"",,,"","","","","",""
64071,Anthony,Drmic,,,"",,,"","","","","",""
1542,Predrag,Drobnjak,,,Serbia,,,False,False,True,1997.0,2.0,48.0
76604,Ralph,Drollinger,,,USA,,,False,False,True,1978.0,5.0,105.0
203083,Andre,Drummond,,,,,,,,,,,
2271,Robb,Dryden,,,"",,,"","","","","",""
76623,Dennis,DuVal,,,USA,,,True,False,False,1974.0,2.0,30.0
64122,Hongrui,Duan,,,"",,,"","","","","",""
64118,Jiangpeng,Duan,,,"",,,"","","","","",""
1630537,Chris,Duarte,,,Dominican Republic,,,True,False,False,2021.0,1.0,13.0
1642505,Alex,Ducas,,,"",,,"","","","","",""
76605,Dick,Duckett,,,USA,,,True,False,False,1957.0,2.0,9.0
404,Kevin,Duckworth,,,USA,,,False,False,True,1986.0,2.0,33.0
196294587,Julien,Ducree,,,"",,,"","","","","",""
76607,Charles,Dudley,,,USA,,,True,False,False,1972.0,5.0,76.0
201,Chris,Dudley,,,USA,,,False,False,True,1987.0,4.0,75.0
201162,Jared,Dudley,,,USA,,,False,True,False,2007.0,1.0,22.0
76608,Terry,Duerod,,,USA,,,True,False,False,1979.0,3.0,48.0
76609,Bob,Duffy,,,USA,,,False,True,False,1962.0,2.0,10.0
76610,Bob,Duffy,,,USA,,,True,False,False,1962.0,2.0,10.0
2768,Chris,Duhon,,,USA,,,True,False,False,2004.0,2.0,38.0
1626251,Duje,Dukan,,,Croatia,,,False,True,False,-1.0,-1.0,-1.0
1630561,David,Duke Jr.,,,,,,,,,,,
76611,Walter,Dukes,,,USA,,,False,False,True,1953.0,"",""
247,Joe,Dumars,,,USA,,,True,False,False,1985.0,1.0,18.0
30,Richard,Dumas,,,USA,,,False,True,False,1991.0,2.0,46.0
434,Tony,Dumas,,,USA,,,True,False,False,1994.0,1.0,19.0
76615,Andy,Duncan,,,USA,,,False,True,False,1947.0,"",""
1495,Tim,Duncan,,,US Virgin Islands,,,False,True,True,1997.0,1.0,1.0
203195,Michael,Dunigan,,,"",,,"","","","","",""
2399,Mike,Dunleavy,,,USA,,,True,True,False,2002.0,1.0,3.0
76616,Mike,Dunleavy,,,USA,,,True,False,False,1976.0,6.0,99.0
1627739,Kris,Dunn,,,,,,,,,,,
76617,Pat,Dunn,,,USA,,,True,False,False,-22.0,-22.0,-22.0
1642346,Ryan,Dunn,,,,,,false,false,false,,,
76618,T.R.,Dunn,,,USA,,,True,False,False,1977.0,2.0,41.0
2859,Jerry,Dupree,,,"",,,"","","","","",""
2648,Ronald,Dupree,,,USA,,,False,False,False,-22.0,-22.0,-22.0
201142,Kevin,Durant,,,,,,,,,,,
1631105,Jalen,Duren,,,,,,,,,,,
76619,John,Duren,,,USA,,,True,False,False,1980.0,1.0,19.0
1090,Pat,Durham,,,USA,,,False,True,False,1989.0,2.0,35.0
76621,Devin,Durrant,,,USA,,,False,True,False,1984.0,2.0,25.0
76622,Ken,Durrett,,,USA,,,False,True,False,1971.0,1.0,4.0
1631347,Anthony,Duruji,,,USA,,,"","","",-1.0,-1.0,-1.0
1628979,Trevon,Duval,,,USA,,,True,False,False,-1.0,-1.0,-1.0
76624,Jack,Dwan,,,USA,,,False,True,False,-22.0,-22.0,-22.0
76625,Craig,Dykema,,,USA,,,False,True,False,1981.0,3.0,66.0
76626,Gene,Dyker,,,USA,,,False,True,False,1953.0,"",""
202406,Jerome,Dyson,,,USA,,,True,False,False,-22.0,-22.0,-22.0
289,Ledell,Eackles,,,USA,,,True,False,False,1988.0,2.0,36.0
76628,Jim,Eakins,,,USA,,,False,False,True,1968.0,5.0,57.0
768,Acie,Earl,,,USA,,,False,True,True,1993.0,1.0,19.0
76630,Ed,Earle,,,USA,,,False,True,False,-1.0,-1.0,-1.0
203921,Cleanthony,Early,,,USA,,,False,True,False,2014.0,2.0,34.0
1631106,Tari,Eason,,,,,,false,false,false,,,
1642398,Sean,East II,,,,,,,,,,,
76631,Mark,Eaton,,,USA,,,False,False,True,1982.0,4.0,72.0
76632,Jerry,Eaves,,,USA,,,True,False,False,1982.0,3.0,55.0
202365,Devin,Ebanks,,,USA,,,False,True,False,2010.0,2.0,43.0
76633,Bill,Ebben,,,USA,,,True,False,False,1957.0,3.0,18.0
76634,Al,Eberhard,,,USA,,,False,True,False,1974.0,1.0,15.0
2569,Ndudi,Ebi,,,USA,,,False,True,False,2003.0,1.0,26.0
1630220,Paul,Eboua,,,Cameroon,,,False,False,False,-22.0,-22.0,-22.0
1630693,Jaime,Echenique,,,Colombia,,,False,False,True,-1.0,-1.0,-1.0
204067,Jarell,Eddie,,,USA,,,True,True,False,-22.0,-22.0,-22.0
76635,Patrick,Eddie,,,USA,,,False,False,True,-1.0,-1.0,-1.0
76636,Thomas,Eddleman,,,USA,,,False,True,False,1949.0,3.0,""
76637,Kent,Edelin,,,USA,,,False,True,False,1984.0,7.0,140.0
1641744,Zach,Edey,,,,,,,,,,,
1642845,VJ,Edgecombe,,,,,,false,false,false,,,
76638,Keith,Edmonson,,,USA,,,True,False,False,1982.0,1.0,10.0
721,Tyus,Edney,,,USA,,,True,False,False,1995.0,2.0,47.0
1630162,Anthony,Edwards,,,,,,false,false,false,,,
76646,Bill,Edwards,,,USA,,,False,True,False,-1.0,-1.0,-1.0
898,Blue,Edwards,,,USA,,,False,True,False,1989.0,1.0,21.0
1629035,Carsen,Edwards,,,USA,,,True,False,False,2019.0,2.0,33.0
2451,Corsley,Edwards,,,USA,,,False,True,False,2002.0,2.0,57.0
346,Doug,Edwards,,,USA,,,False,True,False,1993.0,1.0,15.0
76641,Franklin,Edwards,,,USA,,,True,False,False,1981.0,1.0,22.0
229,James,Edwards,,,USA,,,False,False,True,1977.0,3.0,46.0
76643,Jay,Edwards,,,USA,,,False,True,False,1989.0,2.0,33.0
1642399,Jesse,Edwards,,,,,,false,false,false,,,
2823,John,Edwards,,,USA,,,False,False,True,-1.0,-1.0,-1.0
1642348,Justin,Edwards,,,,,,,,,,,
1630556,Kessler,Edwards,,,,,,,,,,,
236,Kevin,Edwards,,,USA,,,True,False,False,1988.0,1.0,20.0
1630306,Rob,Edwards,,,USA,,,True,False,False,-1.0,-1.0,-1.0
202197,Shane,Edwards,,,USA,,,False,False,False,-22.0,-22.0,-22.0
1629053,Vincent,Edwards,,,USA,,,False,True,False,2018.0,2.0,52.0
76647,Johnny,Egan,,,USA,,,True,False,False,1961.0,2.0,12.0
1629786,John,Egbunu,,,"",,,"","","","","",""
76648,Lonnie,Eggleston,,,USA,,,True,False,False,-1.0,-1.0,-1.0
1626295,Nnanna,Egwu,,,"",,,"","","","","",""
201792,Moses,Ehambe,,,"",,,"","","","","",""
76649,Eddie,Ehlers,,,USA,,,True,False,False,1947.0,1.0,3.0
378,Craig,Ehlo,,,USA,,,True,False,False,1983.0,3.0,48.0
76651,Dick,Eichhorst,,,USA,,,False,False,False,-22.0,-22.0,-22.0
2676,Chuck,Eidson,,,"",,,"","","","","",""
41630,Chuck,Eidson,,,"",,,"","","","","",""
458,Howard,Eisley,,,USA,,,True,False,False,1994.0,2.0,30.0
587,Antoine,Eito,,,"",,,"","","","","",""
203929,Melvin,Ejim,,,"",,,"","","","","",""
1918,Obinna,Ekezie,,,Nigeria,,,False,False,True,1999.0,2.0,37.0
2064,Khalid,El-Amin,,,USA,,,True,False,False,2000.0,2.0,34.0
76653,Don,Eliason,,,USA,,,False,True,False,-1.0,-1.0,-1.0
53,Mario,Elie,,,USA,,,True,True,False,1985.0,7.0,160.0
40077,Lior,Eliyahu,,,"",,,"","","","","",""
1629604,CJ,Elleby,,,USA,,,True,True,False,2020.0,2.0,46.0
76655,Ray,Ellefson,,,USA,,,False,False,True,-1.0,-1.0,-1.0
1627740,Henry,Ellenson,,,USA,,,False,True,True,2016.0,1.0,18.0
201961,Wayne,Ellington,,,USA,,,True,False,False,2009.0,1.0,28.0
76656,Bob,Elliott,,,USA,,,False,False,True,1977.0,2.0,42.0
251,Sean,Elliott,,,USA,,,False,True,False,1989.0,1.0,3.0
76658,Alexander,Ellis,,,USA,,,False,True,False,1958.0,3.0,16.0
76664,Bo,Ellis,,,USA,,,False,True,False,1977.0,1.0,17.0
1642407,Boogie,Ellis,,,USA,,,False,False,False,-22.0,-22.0,-22.0
200951,Chris,Ellis,,,"",,,"","","","","",""
107,Dale,Ellis,,,USA,,,True,False,False,1983.0,1.0,9.0
1677,Harold,Ellis,,,USA,,,True,True,False,-1.0,-1.0,-1.0
76661,Joe,Ellis,,,USA,,,False,True,False,1966.0,2.0,13.0
1631165,Keon,Ellis,,,,,,,,,,,
111,LaPhonso,Ellis,,,USA,,,False,True,False,1992.0,1.0,5.0
1034,LeRon,Ellis,,,USA,,,False,False,True,1991.0,1.0,22.0
76663,Leroy,Ellis,,,USA,,,False,True,False,1962.0,1.0,6.0
101145,Monta,Ellis,,,USA,,,True,False,False,2005.0,2.0,40.0
1627768,Perry,Ellis,,,"",,,"","","","","",""
200863,Tyrone,Ellis,,,"",,,"","","","","",""
1630707,Malik,Ellison,,,USA,,,False,False,False,-22.0,-22.0,-22.0
442,Pervis,Ellison,,,USA,,,False,False,True,1989.0,1.0,1.0
600010,Len,Elmore,,,USA,,,False,False,True,1974.0,1.0,13.0
1922,Francisco,Elson,,,Netherlands,,,False,False,False,1999.0,2.0,41.0
76667,Darrell,Elston,,,USA,,,True,False,False,1974.0,3.0,43.0
2408,Melvin,Ely,,,USA,,,False,True,True,2002.0,1.0,12.0
552,Elyahu,Elyahu,,,"",,,"","","","","",""
203954,Joel,Embiid,,,,,,false,false,false,,,
76668,Wayne,Embry,,,USA,,,False,False,True,1958.0,3.0,22.0
2765,Andre,Emmett,,,USA,,,True,False,False,2004.0,2.0,35.0
1642400,Tristan,Enaruna,,,,,,,,,,,
76669,Ned,Endress,,,USA,,,False,True,False,-1.0,-1.0,-1.0
76670,Chris,Engler,,,USA,,,False,False,True,1982.0,3.0,60.0
76671,Wayne,Englestad,,,USA,,,False,True,False,-1.0,-1.0,-1.0
76672,A.J.,English,,,USA,,,True,False,False,1990.0,2.0,37.0
76673,Alex,English,,,USA,,,False,True,False,1976.0,2.0,23.0
2606,Carl,English,,,"",,,"","","","","",""
76674,Claude,English,,,USA,,,True,False,False,1970.0,7.0,110.0
76676,Jojo,English,,,USA,,,True,False,False,-1.0,-1.0,-1.0
203119,Kim,English,,,USA,,,True,False,False,2012.0,2.0,44.0
76675,Scott,English,,,USA,,,False,True,False,1972.0,3.0,33.0
76677,Gene,Englund,,,USA,,,False,True,False,-1.0,-1.0,-1.0
203898,Tyler,Ennis,,,Canada,,,True,False,False,2014.0,1.0,18.0
203516,James,Ennis III,,,USA,,,False,True,False,2013.0,2.0,50.0
76678,Ray,Epps,,,USA,,,False,True,False,1977.0,5.0,104.0
583,Cuneyt,Erden,,,"",,,"","","","","",""
201623,Semih,Erden,,,Turkey,,,False,False,True,2008.0,2.0,60.0
43303,Semih,Erden,,,"",,,"","","","","",""
40014,Serkan,Erdogan,,,"",,,"","","","","",""
76679,Bo,Erias,,,USA,,,False,True,False,1954.0,5.0,43.0
203149,Micheal,Eric,,,"",,,"","","","","",""
76680,Keith,Erickson,,,USA,,,False,True,False,1965.0,3.0,18.0
42534,Baris,Ermis,,,"",,,"","","","","",""
56002,Baris,Ermis,,,"",,,"","","","","",""
76681,Julius,Erving,,,USA,,,False,True,False,1972.0,1.0,12.0
1915,Evan,Eschmeyer,,,USA,,,False,False,True,1999.0,2.0,34.0
76682,Jack,Eskridge,,,USA,,,False,False,True,-1.0,-1.0,-1.0
64005,Ariel,Eslava,,,"",,,"","","","","",""
76683,Vincenzo,Esposito,,,Italy,,,True,False,False,-1.0,-1.0,-1.0
1642855,Noa,Essengue,,,,,,,,,,,
196295093,Noa,Essengue,,,"",,,False,False,False,"","",""
1642401,Aaron,Estrada,,,USA,,,False,False,False,-22.0,-22.0,-22.0
1630623,Tyson,Etienne,,,,,,,,,,,
1629234,Drew,Eubanks,,,,,,,,,,,
76687,Bob,Evans,,,USA,,,True,False,False,1949.0,4.0,""
967,Brian,Evans,,,USA,,,False,False,False,1996.0,1.0,27.0
76685,Earl,Evans,,,USA,,,False,True,False,1978.0,8.0,157.0
1628980,Jacob,Evans,,,USA,,,True,True,False,2018.0,1.0,28.0
1628393,Jawun,Evans,,,USA,,,True,False,False,2017.0,2.0,39.0
202379,Jeremy,Evans,,,USA,,,False,True,False,2010.0,2.0,55.0
1629037,Keenan,Evans,,,"",,,"","","","","",""
2230,Maurice,Evans,,,USA,,,True,True,False,-1.0,-1.0,-1.0
76686,Mike,Evans,,,USA,,,True,False,False,1978.0,1.0,21.0
2501,Reggie,Evans,,,USA,,,False,True,True,-1.0,-1.0,-1.0
201936,Tyreke,Evans,,,USA,,,True,False,False,2009.0,1.0,4.0
1641787,Tosan,Evbuomwan,,,,,,,,,,,
101137,Daniel,Ewing,,,USA,,,True,False,False,2005.0,2.0,32.0
121,Patrick,Ewing,,,Jamaica,,,False,False,True,1985.0,1.0,1.0
201607,Patrick,Ewing,,,USA,,,False,True,False,2008.0,2.0,43.0
203957,Dante,Exum,,,Australia,,,True,False,False,2014.0,1.0,5.0
201963,Christian,Eyenga,,,Congo,,,False,True,False,2009.0,1.0,30.0
56062,Benjamin,Eze,,,"",,,"","","","","",""
203105,Festus,Ezeli,,,Nigeria,,,False,False,True,2012.0,1.0,30.0
76689,Johnny,Ezersky,,,USA,,,"","","",1947.0,"",""
76690,Joe,Fabel,,,USA,,,False,True,False,-1.0,-1.0,-1.0
203927,CJ,Fair,,,"",,,"","","","","",""
76691,John,Fairchild,,,USA,,,False,True,False,1965.0,2.0,16.0
1629605,Tacko,Fall,,,Senegal,,,False,False,True,-1.0,-1.0,-1.0
196295070,Tacko,Fall,,,"",,,"","","","","",""
202820,Jarrid,Famous,,,"",,,"","","","","",""
101253,Olu,Famutimi,,,"",,,"","","","","",""
27009,Ziming,Fan,,,"",,,"","","","","",""
64112,Shuo,Fang,,,"",,,"","","","","",""
76692,Phil,Farbman,,,USA,,,False,True,False,-1.0,-1.0,-1.0
202702,Kenneth,Faried,,,USA,,,False,True,True,2011.0,1.0,22.0
76693,Dick,Farley,,,USA,,,True,False,False,1954.0,2.0,15.0
200770,Jordan,Farmar,,,USA,,,True,False,False,2006.0,1.0,26.0
2824,Desmon,Farmer,,,USA,,,True,False,False,-1.0,-1.0,-1.0
76695,Jim,Farmer,,,USA,,,False,True,False,1987.0,1.0,20.0
76694,Mike,Farmer,,,USA,,,False,True,False,1958.0,1.0,3.0
1108,Tony,Farmer,,,USA,,,False,True,False,-1.0,-1.0,-1.0
203201,Mustapha,Farrakhan,,,"",,,"","","","","",""
76696,Bob,Faught,,,USA,,,False,False,False,-22.0,-22.0,-22.0
203543,Vitor,Faverani,,,Brazil,,,False,False,True,-1.0,-1.0,-1.0
202324,Derrick,Favors,,,USA,,,False,True,False,2010.0,1.0,3.0
201174,Nick,Fazekas,,,USA,,,False,True,False,2007.0,2.0,34.0
1642847,Jeremiah,Fears,,,,,,,,,,,
76697,Dave,Fedor,,,USA,,,False,True,False,1962.0,3.0,23.0
76698,Bob,Feerick,,,USA,,,False,False,False,-22.0,-22.0,-22.0
76699,Butch,Feher,,,USA,,,True,False,False,1976.0,2.0,33.0
994,Jamie,Feick,,,USA,,,False,True,False,1996.0,2.0,48.0
76701,Ron,Feiereisel,,,USA,,,True,False,False,1953.0,"",""
76702,George,Feigenbaum,,,USA,,,False,False,False,-22.0,-22.0,-22.0
76703,Dave,Feitl,,,USA,,,False,False,True,1986.0,2.0,43.0
1627770,Kay,Felder,,,USA,,,True,False,False,2016.0,2.0,54.0
1626245,Cristiano,Felicio,,,Brazil,,,False,True,True,-1.0,-1.0,-1.0
43219,Cristiano,Felicio,,,"",,,"","","","","",""
203467,Carrick,Felix,,,USA,,,True,True,False,2013.0,2.0,33.0
101230,Noel,Felix,,,USA,,,False,True,False,-1.0,-1.0,-1.0
76704,Ray,Felix,,,USA,,,False,False,True,1953.0,1.0,1.0
203587,Courtney,Fells,,,"",,,"","","","","",""
101109,Raymond,Felton,,,USA,,,True,False,False,2005.0,1.0,5.0
76705,Jake,Fendley,,,USA,,,True,False,False,1951.0,3.0,23.0
76706,Bill,Fenley,,,USA,,,False,True,False,-1.0,-1.0,-1.0
2850,Anwar,Ferguson,,,"",,,"","","","","",""
2724,Desmond,Ferguson,,,USA,,,False,True,False,-1.0,-1.0,-1.0
1628390,Terrance,Ferguson,,,USA,,,True,False,False,2017.0,1.0,21.0
52605,Lisandro,Fernandez,,,"",,,"","","","","",""
196294533,Rodolfo,Fernandez,,,"",,,"","","","","",""
201164,Rudy,Fernandez,,,Spain,,,"","","",2007.0,1.0,24.0
56047,Rudy,Fernandez,,,"",,,"","","","","",""
1628041,Vashil,Fernandez,,,"",,,"","","","","",""
1628981,Bruno,Fernando,,,Anla,,,False,True,True,2019.0,2.0,34.0
76707,Eric,Fernsten,,,USA,,,False,False,True,1975.0,4.0,62.0
76708,Al,Ferrari,,,USA,,,True,False,False,1955.0,3.0,15.0
76709,Rolando,Ferreira,,,USA,,,False,True,False,1988.0,2.0,26.0
273,Duane,Ferrell,,,USA,,,False,True,False,-1.0,-1.0,-1.0
1627812,Yogi,Ferrell,,,USA,,,True,False,False,-1.0,-1.0,-1.0
76711,Arnie,Ferrin,,,USA,,,False,True,False,1948.0,"",""
76712,Bob,Ferry,,,USA,,,False,False,True,1959.0,"",""
198,Danny,Ferry,,,USA,,,False,True,False,1989.0,1.0,2.0
201178,Kyrylo,Fesenko,,,Ukraine,,,False,False,True,2007.0,2.0,38.0
202071,Michael,Fey,,,"",,,"","","","","",""
2386,Kimani,Ffriend,,,"",,,"","","","","",""
1642499,Max,Fiedler,,,USA,,,False,False,False,-22.0,-22.0,-22.0
76713,Kenny,Fields,,,USA,,,False,True,False,1984.0,1.0,21.0
202361,Landry,Fields,,,USA,,,True,True,False,2010.0,2.0,39.0
1630835,LJ,Figueroa,,,USA,,,False,False,False,-22.0,-22.0,-22.0
76714,Ron,Filipek,,,USA,,,False,True,False,1967.0,9.0,100.0
196294613,Marko,Filipovity,,,"",,,False,True,False,"","",""
1642271,Kyle,Filipowski,,,,,,,,,,,
76715,Greg,Fillmore,,,USA,,,False,False,True,1970.0,8.0,136.0
76716,Hank,Finkel,,,USA,,,False,False,True,1966.0,2.0,17.0
714,Michael,Finley,,,USA,,,True,True,False,1995.0,1.0,21.0
76717,Danny,Finn,,,USA,,,True,False,False,-1.0,-1.0,-1.0
1627827,Dorian,Finney-Smith,,,,,,,,,,,
101217,D'or,Fischer,,,"",,,"","","","","",""
900,Matt,Fish,,,USA,,,False,False,False,1992.0,2.0,50.0
64006,Anthony,Fisher,,,"",,,"","","","","",""
41633,D'or,Fisher,,,"",,,"","","","","",""
965,Derek,Fisher,,,USA,,,True,False,False,1996.0,1.0,24.0
2809,Gerald,Fitch,,,USA,,,True,False,False,-1.0,-1.0,-1.0
1630238,Malik,Fitts,,,USA,,,False,True,False,-1.0,-1.0,-1.0
76720,Bob,Fitzgerald,,,USA,,,False,True,False,-22.0,-22.0,-22.0
76719,Dick,Fitzgerald,,,USA,,,False,True,False,-1.0,-1.0,-1.0
2033,Marcus,Fizer,,,USA,,,"","","",2000.0,1.0,4.0
1966938166,Maximo,Fjelurup,,,"",,,"","","","","",""
1642843,Cooper,Flagg,,,,,,false,false,false,,,
1641745,Adam,Flagler,,,,,,,,,,,
1629967,Skyler,Flatten,,,"",,,"","","","","",""
76721,Jerry,Fleishman,,,USA,,,True,False,False,-1.0,-1.0,-1.0
76722,Al,Fleming,,,USA,,,False,True,False,1976.0,2.0,30.0
76723,Ed,Fleming,,,USA,,,True,False,False,1955.0,3.0,16.0
1642853,Rasheer,Fleming,,,,,,,,,,,
313,Vern,Fleming,,,USA,,,True,False,False,1984.0,1.0,18.0
2784,Luis,Flores,,,USA,,,True,False,False,2004.0,2.0,55.0
76725,Bruce,Flowers,,,USA,,,False,True,False,1979.0,2.0,26.0
202956,Gary,Flowers,,,"",,,"","","","","",""
1642280,Trentyn,Flowers,,,,,,,,,,,
196295069,Jordan,Floyd,,,"",,,"","","","","",""
76726,Sleepy,Floyd,,,USA,,,True,False,False,1982.0,1.0,13.0
201938,Jonny,Flynn,,,USA,,,True,False,False,2009.0,1.0,6.0
1630201,Malachi,Flynn,,,USA,,,True,False,False,2020.0,1.0,29.0
76727,Mike,Flynn,,,USA,,,True,False,False,1975.0,7.0,113.0
203176,Kyle,Fogg,,,"",,,"","","","","",""
76728,Larry,Fogle,,,USA,,,True,False,False,1975.0,2.0,34.0
504,Foirest,Foirest,,,"",,,"","","","","",""
76729,Jack,Foley,,,USA,,,False,True,False,1962.0,2.0,16.0
1829,Ike,Fontaine,,,USA,,,"","","",-1.0,-1.0,-1.0
76731,Levi,Fontaine,,,USA,,,True,False,False,1970.0,5.0,70.0
1631323,Simone,Fontecchio,,,,,,,,,,,
202880,Jeff,Foote,,,USA,,,False,True,True,-1.0,-1.0,-1.0
1627854,Bryn,Forbes,,,USA,,,True,False,False,-1.0,-1.0,-1.0
201814,Gary,Forbes,,,Panama,,,False,True,False,-1.0,-1.0,-1.0
1630758,Aleem,Ford,,,USA,,,False,True,False,-1.0,-1.0,-1.0
76732,Alphonso,Ford,,,USA,,,False,True,False,1993.0,2.0,32.0
2228,Alton,Ford,,,USA,,,False,True,False,2001.0,2.0,50.0
76733,Chris,Ford,,,USA,,,True,False,False,1972.0,2.0,17.0
76734,Don,Ford,,,USA,,,False,True,False,1975.0,6.0,92.0
76735,Jake,Ford,,,USA,,,True,False,False,1970.0,2.0,20.0
1630259,Jordan,Ford,,,USA,,,True,False,False,-22.0,-22.0,-22.0
76736,Phil,Ford,,,USA,,,True,False,False,1978.0,1.0,2.0
1627880,Quincy,Ford,,,"",,,"","","","","",""
101213,Sharrod,Ford,,,USA,,,False,False,False,-22.0,-22.0,-22.0
726,Sherell,Ford,,,USA,,,False,True,False,1995.0,1.0,26.0
2551,T.J.,Ford,,,USA,,,True,False,False,2003.0,1.0,8.0
76738,Donnie,Forman,,,USA,,,True,False,False,-1.0,-1.0,-1.0
76739,Bayard,Forrest,,,USA,,,False,False,True,1976.0,2.0,19.0
1630235,Trent,Forrest,,,USA,,,True,False,False,-1.0,-1.0,-1.0
2218,Joseph,Forte,,,USA,,,True,False,False,2001.0,1.0,21.0
202622,Courtney,Fortson,,,USA,,,True,False,False,-1.0,-1.0,-1.0
1504,Danny,Fortson,,,USA,,,False,True,True,1997.0,1.0,10.0
76740,Fred,Foster,,,USA,,,False,True,False,1968.0,3.0,28.0
323,Greg,Foster,,,USA,,,False,False,True,1990.0,2.0,35.0
1902,Jeff,Foster,,,USA,,,False,True,True,1999.0,1.0,21.0
76742,Rod,Foster,,,USA,,,True,False,False,1983.0,2.0,28.0
1630701,Michael,Foster Jr.,,,USA,,,False,True,False,-1.0,-1.0,-1.0
56033,Antonios,Fotsis,,,"",,,"","","","","",""
2238,Antonis,Fotsis,,,Greece,,,False,True,False,2001.0,2.0,47.0
196294576,Dan,Fotu,,,"",,,"","","","","",""
203095,Evan,Fournier,,,France,,,True,True,False,2012.0,1.0,20.0
76744,Larry,Foust,,,USA,,,False,False,True,1950.0,1.0,5.0
76745,Jerry,Fowler,,,USA,,,False,False,True,-1.0,-1.0,-1.0
1762,Tremaine,Fowlkes,,,USA,,,False,True,False,1998.0,2.0,54.0
1628368,De'Aaron,Fox,,,,,,false,false,false,,,
76746,Harold,Fox,,,USA,,,True,False,False,1972.0,2.0,15.0
76747,Jim,Fox,,,USA,,,False,False,True,1965.0,8.0,67.0
296,Rick,Fox,,,Canada,,,False,True,False,1991.0,1.0,24.0
196295504,Austin,Foxwell,,,,,,,,,,,
196295502,Owen,Foxwell,,,,,,false,false,false,,,
200751,Randy,Foye,,,USA,,,True,False,False,2006.0,1.0,7.0
1502,Adonal,Foyle,,,St. Vincent & Grenadines,,,False,False,True,1997.0,1.0,8.0
2499,Richie,Frahm,,,USA,,,False,False,False,-22.0,-22.0,-22.0
1883,Steve,Francis,,,USA,,,True,False,False,1999.0,1.0,2.0
76748,Tellis,Frank,,,USA,,,False,True,False,1987.0,1.0,14.0
76749,Nat,Frankel,,,USA,,,False,True,False,-1.0,-1.0,-1.0
1641848,Armaan,Franklin,,,USA,,,False,False,False,-22.0,-22.0,-22.0
203479,Jamaal,Franklin,,,USA,,,True,False,False,2013.0,2.0,41.0
1629606,Robert,Franks,,,USA,,,False,False,False,-22.0,-22.0,-22.0
196294101,Robert,Franks,,,"",,,False,False,False,"","",""
204025,Tim,Frazier,,,,,,false,false,false,,,
76750,Walt,Frazier,,,USA,,,True,False,False,1967.0,1.0,5.0
76751,Will,Frazier,,,USA,,,False,True,False,1965.0,2.0,9.0
1626187,Michael,Frazier II,,,USA,,,True,False,False,-1.0,-1.0,-1.0
1628982,Melvin,Frazier Jr.,,,USA,,,True,True,False,2018.0,2.0,35.0
76752,Anthony,Frederick,,,USA,,,False,True,False,1986.0,6.0,133.0
1962937431,Jimmer,Fredette,,,"",,,False,False,False,"","",""
1962937769,Jimmer,Fredette,,,"",,,"","","","","",""
202690,Jimmer,Fredette,,,USA,,,True,False,False,2011.0,1.0,10.0
76753,World,Free,,,USA,,,True,False,False,1975.0,2.0,23.0
202683,Enes,Freedom,,,Turkey,,,False,False,True,2011.0,1.0,3.0
200777,Joel,Freeland,,,United Kingdom,,,False,True,True,2006.0,1.0,30.0
76754,Donnie,Freeman,,,USA,,,True,False,False,1966.0,3.0,29.0
1642402,Enrique,Freeman,,,,,,,,,,,
76755,Gary,Freeman,,,USA,,,False,True,False,1970.0,1.0,16.0
76756,Rod,Freeman,,,USA,,,False,True,False,1973.0,11.0,166.0
1627887,Trey,Freeman,,,"",,,"","","","","",""
1631241,Javon,Freeman-Liberty,,,USA,,,True,False,False,-22.0,-22.0,-22.0
2782,Matt,Freije,,,USA,,,False,True,False,2004.0,2.0,53.0
76757,Frido,Frey,,,USA,,,False,True,False,-1.0,-1.0,-1.0
42575,Vitaly,Fridzon,,,"",,,"","","","","",""
513,Vitaly,Fridzon,,,"",,,"","","","","",""
76758,Larry,Friend,,,USA,,,True,False,False,1957.0,2.0,13.0
76759,Pat,Frink,,,USA,,,True,False,False,1968.0,3.0,27.0
43234,Will,Frisby,,,"",,,"","","","","",""
76760,Jim,Fritsche,,,USA,,,False,False,True,1953.0,1.0,7.0
1629096,Harry,Froling,,,"",,,"","","","","",""
101112,Channing,Frye,,,USA,,,False,True,True,2005.0,1.0,8.0
76761,Bernie,Fryer,,,USA,,,True,False,False,1972.0,7.0,109.0
76762,Frank,Fucarino,,,USA,,,False,True,False,-1.0,-1.0,-1.0
40037,Gregor,Fucka,,,"",,,"","","","","",""
1641788,Alex,Fudge,,,USA,,,False,True,False,-22.0,-22.0,-22.0
76763,Herm,Fuetsch,,,USA,,,True,False,False,-1.0,-1.0,-1.0
76764,Joe,Fulks,,,USA,,,False,True,False,-1.0,-1.0,-1.0
1962937810,Tom,Fullarton,,,"",,,"","","","","",""
2673,Hiram,Fuller,,,USA,,,False,True,False,-1.0,-1.0,-1.0
957,Todd,Fuller,,,USA,,,False,False,True,1996.0,1.0,11.0
76765,Tony,Fuller,,,USA,,,True,False,False,1980.0,5.0,93.0
1628365,Markelle,Fultz,,,USA,,,True,False,False,2017.0,1.0,1.0
1444,Lawrence,Funderburke,,,USA,,,False,True,False,1994.0,2.0,51.0
1641847,Andrew,Funk,,,USA,,,False,False,False,-22.0,-22.0,-22.0
1641917,Taylor,Funk,,,USA,,,False,False,False,-22.0,-22.0,-22.0
76767,Terry,Furlow,,,USA,,,True,False,False,1976.0,1.0,12.0
1642277,Johnny,Furphy,,,,,,,,,,,
40031,Roberto,Gabini,,,"",,,"","","","","",""
76768,Billy,Gabor,,,USA,,,True,False,False,1948.0,"",""
40061,German,Gabriel,,,"",,,"","","","","",""
42552,German,Gabriel,,,"",,,"","","","","",""
1629117,Wenyen,Gabriel,,,South Sudan,,,False,True,False,-1.0,-1.0,-1.0
203583,Abdul,Gaddy,,,USA,,,False,False,False,2013.0,0.0,0.0
200390,Cheyne,Gadson,,,"",,,"","","","","",""
2429,Dan,Gadzuric,,,Netherlands,,,False,False,True,2002.0,2.0,33.0
202070,Tony,Gaffney,,,USA,,,False,True,False,-1.0,-1.0,-1.0
1629655,Daniel,Gafford,,,,,,false,false,false,,,
196295500,Guy,Gafnu,,,,,,,,,,,
101184,Deng,Gai,,,South Sudan,,,False,True,False,-1.0,-1.0,-1.0
76769,Elmer R.,Gainer,,,USA,,,"","","",1947.0,"",""
200510,Charles,Gaines,,,"",,,"","","","","",""
76770,Corey,Gaines,,,USA,,,True,False,False,1988.0,3.0,65.0
2558,Reece,Gaines,,,USA,,,True,False,False,2003.0,1.0,15.0
202178,Sundiata,Gaines,,,USA,,,True,False,False,-1.0,-1.0,-1.0
196294555,Akoldah,Gak,,,"",,,False,False,True,"","",""
76771,Mike,Gale,,,USA,,,True,False,False,1971.0,3.0,47.0
76772,Chad,Gallagher,,,USA,,,False,False,True,1991.0,2.0,32.0
76773,Harry,Gallatin,,,USA,,,False,True,False,1948.0,"",""
201568,Danilo,Gallinari,,,Italy,,,False,True,False,2008.0,1.0,6.0
1641945,Jaylin,Galloway,,,Australia,,,False,False,False,-22.0,-22.0,-22.0
196294110,Kyrin,Galloway,,,"",,,"","","","","",""
204038,Langston,Galloway,,,USA,,,True,False,False,-1.0,-1.0,-1.0
76774,Dave,Gambee,,,USA,,,False,True,False,1958.0,1.0,6.0
333,Kevin,Gamble,,,USA,,,False,True,False,1987.0,3.0,63.0
6001,Gabriele,Ganeto,,,"",,,"","","","","",""
1629721,JaKeenan,Gant,,,"",,,"","","","","",""
76776,Bob,Gantt,,,USA,,,False,True,False,-1.0,-1.0,-1.0
200816,Jorge,Garbajosa,,,Spain,,,False,True,False,-1.0,-1.0,-1.0
41533,Jorge,Garbajosa,,,"",,,"","","","","",""
2092,Ruben,Garces,,,USA,,,False,True,False,-1.0,-1.0,-1.0
2682,Alex,Garcia,,,Brazil,,,False,False,False,-22.0,-22.0,-22.0
11001,Ander,Garcia,,,"",,,"","","","","",""
1630615,Dawson,Garcia,,,,,,,,,,,
101128,Francisco,Garcia,,,Dominican Republic,,,True,True,False,2005.0,1.0,23.0
196294084,Leandro,Garcia Morales,,,"",,,"","","","","",""
76778,Earl,Gardner,,,USA,,,False,True,False,1948.0,"",""
1642066,Myron,Gardner,,,,,,,,,,,
201242,Thomas,Gardner,,,USA,,,True,False,False,-1.0,-1.0,-1.0
76779,Vern,Gardner,,,USA,,,False,False,True,1949.0,1.0,5.0
76780,Jack,Garfinkel,,,USA,,,True,False,False,-1.0,-1.0,-1.0
1627868,Patricio,Garino,,,Argentina,,,True,True,False,-1.0,-1.0,-1.0
1629636,Darius,Garland,,,,,,,,,,,
76781,Gary,Garland,,,USA,,,True,False,False,1979.0,2.0,30.0
76782,Winston,Garland,,,USA,,,True,False,False,1987.0,2.0,40.0
1962937739,Tom,Garlepp,,,"",,,"","","","","",""
76783,Dick,Garmaker,,,USA,,,True,False,False,1955.0,"",""
1612,Chris,Garner,,,USA,,,True,False,False,-1.0,-1.0,-1.0
76785,Bill,Garnett,,,USA,,,False,True,False,1982.0,1.0,4.0
708,Kevin,Garnett,,,USA,,,False,True,False,1995.0,1.0,5.0
1831,Marlon,Garnett,,,USA,,,True,False,False,-1.0,-1.0,-1.0
1628656,Billy,Garrett,,,USA,,,True,True,False,-1.0,-1.0,-1.0
76786,Calvin,Garrett,,,USA,,,False,True,False,1979.0,3.0,47.0
1051,Dean,Garrett,,,USA,,,False,False,True,1988.0,2.0,38.0
203197,Diante,Garrett,,,USA,,,True,False,False,-1.0,-1.0,-1.0
76788,Eldo,Garrett,,,USA,,,True,False,False,1969.0,2.0,27.0
1630585,Marcus,Garrett,,,USA,,,True,False,False,-1.0,-1.0,-1.0
76789,Rowland,Garrett,,,USA,,,False,True,False,1972.0,5.0,78.0
539,Garri,Garri,,,"",,,"","","","","",""
76790,Tom,Garrick,,,USA,,,True,False,False,1988.0,2.0,45.0
76791,John,Garris,,,USA,,,False,True,False,1983.0,2.0,27.0
1619,Kiwane,Garris,,,USA,,,True,False,False,-22.0,-22.0,-22.0
1727,Pat,Garrity,,,USA,,,False,True,False,1998.0,1.0,19.0
1630586,Usman,Garuba,,,Spain,,,False,True,False,2021.0,1.0,23.0
76793,Jim,Garvin,,,USA,,,False,True,False,1973.0,17.0,204.0
1630568,Luka,Garza,,,,,,,,,,,
201188,Marc,Gasol,,,Spain,,,False,False,True,2007.0,2.0,48.0
2200,Pau,Gasol,,,Spain,,,False,True,True,2001.0,1.0,3.0
76794,Frank,Gates,,,USA,,,False,False,False,-22.0,-22.0,-22.0
1629232,Kaiser,Gates,,,USA,,,False,False,False,-22.0,-22.0,-22.0
423,Chris,Gatling,,,USA,,,False,True,False,1991.0,1.0,16.0
930,Kenny,Gattison,,,USA,,,False,True,False,1986.0,3.0,55.0
200752,Rudy,Gay,,,USA,,,True,True,False,2006.0,1.0,8.0
76797,Ed,Gayda,,,USA,,,True,False,False,1950.0,2.0,""
1845,Andrew,Gaze,,,USA,,,"","","",-1.0,-1.0,-1.0
1627771,Michael,Gbinije,,,USA,,,True,True,False,2016.0,2.0,49.0
1002,Reggie,Geary,,,USA,,,True,False,False,1996.0,2.0,56.0
41011,Martynas,Gecevicius,,,"",,,"","","","","",""
202087,Alonzo,Gee,,,USA,,,False,True,False,-1.0,-1.0,-1.0
196294085,Rom,Geffen,,,"",,,False,False,False,"","",""
761,Matt,Geiger,,,USA,,,False,False,True,1992.0,2.0,42.0
101153,Mickael,Gelabale,,,France,,,False,True,False,2005.0,2.0,48.0
56043,Alessandro,Gentile,,,"",,,"","","","","",""
1904,Devean,George,,,USA,,,False,True,False,1999.0,1.0,23.0
76800,Jack,George,,,USA,,,True,False,False,1953.0,"",""
1641718,Keyonte,George,,,,,,false,false,false,,,
1642273,Kyshawn,George,,,,,,false,false,false,,,
101239,Otis,George,,,"",,,"","","","","",""
202331,Paul,George,,,,,,,,,,,
76801,Tate,George,,,USA,,,True,False,False,1990.0,1.0,22.0
1627875,Marcus,Georges-Hunt,,,USA,,,True,False,False,-1.0,-1.0,-1.0
76802,Gus,Gerard,,,USA,,,False,True,False,1975.0,3.0,50.0
76803,Derrick,Gervin,,,USA,,,False,True,False,1985.0,4.0,90.0
76804,George,Gervin,,,USA,,,True,False,False,1974.0,3.0,40.0
76805,Gorham,Getchell,,,USA,,,False,False,True,-1.0,-1.0,-1.0
540,Giachetti,Giachetti,,,"",,,"","","","","",""
40028,Jacopo,Giachetti,,,"",,,"","","","","",""
56030,Jacopo,Giachetti,,,"",,,"","","","","",""
76806,John,Gianelli,,,USA,,,False,False,True,1972.0,2.0,20.0
196295499,Theodoros,Giannakopoulos,,,,,,,,,,,
76807,Dick,Gibbs,,,USA,,,False,True,False,1971.0,3.0,49.0
45842,Adam,Gibson,,,"",,,"","","","","",""
200789,Daniel,Gibson,,,USA,,,True,False,False,2006.0,2.0,42.0
76808,Dee,Gibson,,,USA,,,True,False,False,1948.0,"",""
1626780,Jonathan,Gibson,,,USA,,,True,False,False,-1.0,-1.0,-1.0
76809,Mel,Gibson,,,USA,,,True,False,False,1963.0,2.0,16.0
76810,Mike,Gibson,,,USA,,,False,True,False,1982.0,2.0,44.0
201959,Taj,Gibson,,,"",,,False,False,True,"","",""
76811,Ward,Gibson,,,USA,,,False,False,True,-1.0,-1.0,-1.0
201592,J.R.,Giddens,,,USA,,,True,False,False,2008.0,1.0,30.0
1630581,Josh,Giddey,,,,,,false,false,false,,,
43196,Niels,Giffy,,,"",,,False,False,False,"","",""
201821,Trey,Gilder,,,USA,,,False,False,False,-22.0,-22.0,-22.0
201636,CJ,Giles,,,"",,,"","","","","",""
1628385,Harry,Giles III,,,USA,,,False,True,True,2017.0,1.0,20.0
1628983,Shai,Gilgeous-Alexander,,,,,,false,false,false,,,
1630264,Anthony,Gill,,,,,,,,,,,
2109,Eddie,Gill,,,USA,,,True,False,False,-1.0,-1.0,-1.0
383,Kendall,Gill,,,USA,,,True,False,False,1990.0,1.0,5.0
1630265,Romaro,Gill,,,Jamaica,,,False,False,False,-22.0,-22.0,-22.0
76812,Ben,Gillery,,,USA,,,False,False,True,-1.0,-1.0,-1.0
1631221,Collin,Gillespie,,,,,,,,,,,
1630273,Freddie,Gillespie,,,USA,,,False,False,True,-1.0,-1.0,-1.0
196295067,Freddie,Gillespie,,,"",,,"","","","","",""
76813,Gene,Gillette,,,USA,,,"","","",-1.0,-1.0,-1.0
288,Armen,Gilliam,,,USA,,,False,True,False,1987.0,1.0,2.0
76815,Herm,Gilliam,,,USA,,,True,False,False,1969.0,1.0,8.0
600014,Artis,Gilmore,,,USA,,,False,False,True,1971.0,7.0,117.0
76817,Walt,Gilmore,,,USA,,,False,True,False,1970.0,2.0,25.0
76818,Chuck,Gilmur,,,USA,,,False,True,False,-1.0,-1.0,-1.0
1631367,Jacob,Gilyard,,,USA,,,True,False,False,-22.0,-22.0,-22.0
1938,Manu,Ginobili,,,Argentina,,,True,False,False,1999.0,2.0,57.0
1921,Gordan,Giricek,,,Croatia,,,True,False,False,1999.0,2.0,40.0
201620,James,Gist,,,"",,,"","","","","",""
76819,Jack,Givens,,,USA,,,False,True,False,1978.0,1.0,16.0
64007,Samme,Givens,,,"",,,False,True,False,"","",""
202148,Mickell,Gladness,,,USA,,,False,False,True,-1.0,-1.0,-1.0
76820,George,Glamack,,,USA,,,False,False,True,-1.0,-1.0,-1.0
76821,Gerald,Glass,,,USA,,,False,True,False,1990.0,1.0,20.0
76822,Mike,Glenn,,,USA,,,True,False,False,1977.0,2.0,23.0
76823,Norman,Glick,,,USA,,,False,True,False,-1.0,-1.0,-1.0
196294569,Cam,Gliddon,,,"",,,"","","","","",""
76824,Georgi,Glouchkov,,,Bulgaria,,,False,True,False,1985.0,7.0,148.0
196295496,Angus,Glover,,,,,,,,,,,
76825,Clarence,Glover,,,USA,,,False,True,False,1971.0,1.0,10.0
1901,Dion,Glover,,,USA,,,True,True,False,1999.0,1.0,20.0
2601,Andreas,Glyniadakis,,,Greece,,,False,False,True,2003.0,2.0,58.0
267625,Andreas,Glyniadakis,,,"",,,"","","","","",""
76826,Mike,Gminski,,,USA,,,False,False,True,1980.0,1.0,7.0
203497,Rudy,Gobert,,,,,,false,false,false,,,
76827,Dan,Godfread,,,USA,,,False,True,False,-1.0,-1.0,-1.0
76828,Tom,Gola,,,USA,,,True,False,False,1955.0,"",""
1631371,Grant,Golden,,,USA,,,False,False,False,-22.0,-22.0,-22.0
76829,Ben,Goldfaden,,,USA,,,False,False,False,-22.0,-22.0,-22.0
1642884,Vladislav,Goldin,,,,,,,,,,,
924,Anthony,Goldwire,,,USA,,,True,False,False,1994.0,2.0,52.0
101155,Ryan,Gomes,,,USA,,,False,True,False,2005.0,2.0,50.0
76830,Glen,Gondrezick,,,USA,,,False,True,False,1977.0,2.0,26.0
76831,Grant,Gondrezick,,,USA,,,True,False,False,1986.0,4.0,77.0
575,Kerem,Gonlum,,,"",,,"","","","","",""
1642864,Hugo,Gonzalez,,,,,,,,,,,
196294536,Hugo,Gonzalez,,,"",,,"","","","","",""
1966938167,Luciano,Gonzalez,,,"",,,"","","","","",""
2400,Drew,Gooden,,,USA,,,False,True,False,2002.0,1.0,4.0
76832,Gail,Goodrich,,,USA,,,True,False,False,1965.0,"",""
1864,Steve,Goodrich,,,USA,,,False,False,True,-1.0,-1.0,-1.0
202393,Vernon,Goodridge,,,"",,,"","","","","",""
203462,Archie,Goodwin,,,USA,,,True,False,False,2013.0,1.0,29.0
1629164,Brandon,Goodwin,,,USA,,,True,False,False,-1.0,-1.0,-1.0
1641863,Dane,Goodwin,,,USA,,,False,False,False,-22.0,-22.0,-22.0
1630692,Jordan,Goodwin,,,,,,,,,,,
76833,Wilfred,Goodwin,,,USA,,,False,True,False,-1.0,-1.0,-1.0
203932,Aaron,Gordon,,,,,,false,false,false,,,
2732,Ben,Gordon,,,USA,,,True,False,False,2004.0,1.0,3.0
204079,Drew,Gordon,,,USA,,,False,True,True,-1.0,-1.0,-1.0
201569,Eric,Gordon,,,,,,,,,,,
9001,Jamont,Gordon,,,"",,,"","","","","",""
76834,Lancaster,Gordon,,,USA,,,True,False,False,1984.0,1.0,8.0
76835,Paul,Gordon,,,USA,,,False,False,False,-22.0,-22.0,-22.0
514,Boris,Gorenc,,,"",,,"","","","","",""
101162,Marcin,Gortat,,,Poland,,,False,False,True,2005.0,2.0,57.0
1641789,Jazian,Gortman,,,,,,,,,,,
76836,Leo,Gottlieb,,,USA,,,True,False,False,-1.0,-1.0,-1.0
202726,Andrew,Goudelock,,,USA,,,True,False,False,2011.0,2.0,46.0
43300,Andrew,Goudelock,,,"",,,False,False,False,"","",""
203164,Lance,Goulbourne,,,"",,,"","","","","",""
42824,Chris,Goulding,,,,,,,,,,,
64030,Chris,Goulding,,,"",,,"","","","","",""
76837,Bato,Govedarica,,,USA,,,True,False,False,1951.0,3.0,24.0
76838,Joe,Graboski,,,USA,,,False,True,False,-1.0,-1.0,-1.0
76839,Ricky,Grace,,,USA,,,True,False,False,1988.0,3.0,67.0
1631242,Kellan,Grady,,,USA,,,False,False,False,-22.0,-22.0,-22.0
1628984,Devonte',Graham,,,USA,,,True,False,False,2018.0,2.0,34.0
37,Greg,Graham,,,USA,,,True,False,False,1993.0,1.0,17.0
101121,Joey,Graham,,,USA,,,False,True,False,2005.0,1.0,16.0
76843,Mal,Graham,,,USA,,,True,False,False,1967.0,1.0,11.0
76841,Orlando,Graham,,,USA,,,False,True,False,1988.0,2.0,40.0
76842,Paul,Graham,,,USA,,,True,False,False,-1.0,-1.0,-1.0
101211,Stephen,Graham,,,USA,,,True,True,False,-22.0,-22.0,-22.0
1628680,Torian,Graham,,,"",,,"","","","","",""
1626203,Treveon,Graham,,,USA,,,True,True,False,-1.0,-1.0,-1.0
76844,Jim,Grandholm,,,USA,,,False,False,True,1984.0,4.0,76.0
97,Ronnie,Grandison,,,USA,,,False,True,False,1987.0,5.0,100.0
101122,Danny,Granger,,,USA,,,True,True,False,2005.0,1.0,17.0
76847,Stewart,Granger,,,USA,,,True,False,False,1983.0,1.0,24.0
258,Brian,Grant,,,USA,,,False,True,True,1994.0,1.0,8.0
76850,Bud,Grant,,,USA,,,False,True,False,1950.0,4.0,""
202,Gary,Grant,,,USA,,,False,False,False,1988.0,1.0,15.0
285,Greg,Grant,,,USA,,,True,False,False,1989.0,2.0,52.0
265,Harvey,Grant,,,USA,,,False,True,False,1988.0,1.0,12.0
270,Horace,Grant,,,USA,,,False,False,True,1987.0,1.0,10.0
203924,Jerami,Grant,,,,,,false,false,false,,,
1626170,Jerian,Grant,,,USA,,,True,False,False,2015.0,1.0,19.0
76852,Josh,Grant,,,USA,,,False,True,False,1993.0,2.0,43.0
1514,Paul,Grant,,,USA,,,False,False,True,1997.0,1.0,20.0
76853,Travis,Grant,,,USA,,,False,True,False,1972.0,1.0,13.0
1629055,Donte,Grantham,,,USA,,,False,True,False,2018.0,"",""
76854,Don,Grate,,,USA,,,True,False,False,-1.0,-1.0,-1.0
76855,Butch,Graves,,,USA,,,False,True,False,1984.0,3.0,68.0
1962937545,Will,Graves,,,"",,,False,False,False,"","",""
1629755,Hassani,Gravett,,,USA,,,True,False,False,2019.0,"",""
201189,Aaron,Gray,,,USA,,,False,False,True,2007.0,2.0,49.0
1070,Devin,Gray,,,USA,,,False,False,False,-22.0,-22.0,-22.0
1516,Ed,Gray,,,USA,,,True,False,False,1997.0,1.0,22.0
1026,Evric,Gray,,,USA,,,False,True,False,-1.0,-1.0,-1.0
76859,Gary,Gray,,,USA,,,True,False,False,1967.0,3.0,26.0
1627982,Josh,Gray,,,USA,,,True,False,False,-1.0,-1.0,-1.0
76860,Leonard,Gray,,,USA,,,False,True,False,1974.0,2.0,26.0
1630564,RaiQuan,Gray,,,USA,,,False,True,False,2021.0,2.0,59.0
1629154,Rob,Gray,,,"",,,"","","","","",""
203160,Steven,Gray,,,"",,,"","","","","",""
76861,Stuart,Gray,,,USA,,,False,False,True,1984.0,2.0,29.0
76862,Sylvester,Gray,,,USA,,,False,True,False,1988.0,2.0,35.0
76863,Wyndol,Gray,,,USA,,,True,False,False,-1.0,-1.0,-1.0
81,Jeff,Grayer,,,USA,,,True,False,False,1988.0,1.0,13.0
76865,Bob,Greacen,,,USA,,,False,True,False,1969.0,2.0,17.0
920,A.C.,Green,,,USA,,,False,True,False,1985.0,1.0,23.0
1631260,AJ,Green,,,,,,false,false,false,,,
201980,Danny,Green,,,USA,,,True,False,False,2009.0,2.0,46.0
101209,Devin,Green,,,USA,,,True,True,False,-1.0,-1.0,-1.0
203110,Draymond,Green,,,,,,false,false,false,,,
203475,Erick,Green,,,USA,,,True,False,False,2013.0,2.0,46.0
203629,Garlon,Green,,,"",,,"","","","","",""
101123,Gerald,Green,,,USA,,,True,True,False,2005.0,1.0,18.0
554,Green,Green,,,"",,,"","","","","",""
203210,JaMychal,Green,,,USA,,,False,True,True,-1.0,-1.0,-1.0
1630224,Jalen,Green,,,,,,,,,,,
1629750,Javonte,Green,,,,,,,,,,,
201145,Jeff,Green,,,,,,,,,,,
76867,Johnny,Green,,,USA,,,False,True,False,1959.0,1.0,5.0
1630182,Josh,Green,,,,,,,,,,,
76868,Ken,Green,,,USA,,,False,True,False,1981.0,2.0,34.0
76869,Kenny,Green,,,USA,,,True,False,False,1985.0,1.0,12.0
600011,Lamar,Green,,,USA,,,False,True,False,1969.0,3.0,33.0
1036,Litterial,Green,,,USA,,,False,False,False,1992.0,2.0,39.0
76872,Luther,Green,,,USA,,,False,True,False,1969.0,3.0,41.0
76873,Mike,Green,,,USA,,,False,False,True,1973.0,1.0,4.0
76874,Rickey,Green,,,USA,,,True,False,False,1977.0,1.0,16.0
76875,Sean,Green,,,USA,,,True,False,False,1991.0,2.0,41.0
76877,Si,Green,,,USA,,,True,False,False,1956.0,1.0,1.0
76876,Sidney,Green,,,USA,,,False,True,False,1983.0,1.0,5.0
76878,Steve,Green,,,USA,,,False,True,False,1975.0,2.0,30.0
201192,Taurean,Green,,,USA,,,True,False,False,2007.0,2.0,52.0
76879,Tommy,Green,,,USA,,,True,False,False,1978.0,2.0,35.0
2584,Willie,Green,,,USA,,,True,False,False,2003.0,2.0,41.0
41626,Yaniv,Green,,,"",,,"","","","","",""
505,Brian,Greene,,,"",,,"","","","","",""
201590,Donte,Greene,,,USA,,,False,True,False,2008.0,1.0,28.0
101158,Orien,Greene,,,USA,,,True,False,False,2005.0,2.0,53.0
76880,Jerry,Greenspan,,,USA,,,False,True,False,1963.0,3.0,24.0
76881,David,Greenwood,,,USA,,,False,True,False,1979.0,1.0,2.0
76882,Hal,Greer,,,USA,,,True,False,False,1958.0,2.0,13.0
2696,Lynn,Greer,,,USA,,,True,False,False,-1.0,-1.0,-1.0
76883,Gary,Gregor,,,USA,,,False,True,False,1968.0,1.0,8.0
76884,Claude,Gregory,,,USA,,,False,True,False,1981.0,2.0,41.0
40011,Kenny,Gregory,,,"",,,"","","","","",""
76885,John,Greig,,,USA,,,False,True,False,1982.0,3.0,65.0
76886,Norm,Grekin,,,USA,,,False,True,False,1953.0,3.0,""
76887,Kevin,Grevey,,,USA,,,True,False,False,1975.0,1.0,18.0
200813,Vincent,Grier,,,"",,,"","","","","",""
1631100,AJ,Griffin,,,USA,,,False,True,False,2022.0,1.0,16.0
1559,Adrian,Griffin,,,USA,,,True,True,False,-1.0,-1.0,-1.0
201933,Blake,Griffin,,,USA,,,False,True,False,2009.0,1.0,1.0
2204,Eddie,Griffin,,,USA,,,False,True,False,2001.0,1.0,7.0
203547,Eric,Griffin,,,"",,,"","","","","",""
76888,Greg,Griffin,,,USA,,,False,True,False,1977.0,4.0,71.0
76889,Paul,Griffin,,,USA,,,False,True,False,1976.0,5.0,74.0
200842,Rob,Griffin,,,"",,,"","","","","",""
201981,Taylor,Griffin,,,USA,,,False,True,False,2009.0,2.0,48.0
76890,Darrell,Griffith,,,USA,,,True,False,False,1980.0,1.0,2.0
76891,Chuck,Grigsby,,,USA,,,True,False,False,1952.0,"",""
1165,Luis,Grillo,,,"",,,"","","","","",""
561,Grimau,Grimau,,,"",,,"","","","","",""
42561,Roger,Grimau,,,"",,,"","","","","",""
8003,Roger,Grimau,,,"",,,"","","","","",""
1629656,Quentin,Grimes,,,,,,,,,,,
1575,Derek,Grimm,,,USA,,,False,True,False,-1.0,-1.0,-1.0
76893,George,Grimshaw,,,USA,,,True,False,False,-1.0,-1.0,-1.0
76894,Dick,Groat,,,USA,,,True,False,False,1952.0,1.0,3.0
76895,Bob,Gross,,,USA,,,False,True,False,1975.0,2.0,25.0
76896,Jerry,Grote,,,USA,,,True,False,False,1962.0,4.0,28.0
76897,Alex,Groza,,,USA,,,False,False,False,1949.0,1.0,2.0
101219,Anthony,Grundy,,,USA,,,True,False,False,-1.0,-1.0,-1.0
201643,Dan,Grunfeld,,,"",,,"","","","","",""
76899,Ernie,Grunfeld,,,USA,,,True,False,False,1977.0,1.0,11.0
27010,Yuezhou,Gu,,,"",,,"","","","","",""
76900,Gene,Guarilia,,,USA,,,False,True,False,1959.0,2.0,14.0
76901,Petur,Gudmundsson,,,USA,,,False,False,True,1981.0,3.0,61.0
1629741,Marko,Guduric,,,Serbia,,,True,False,False,-22.0,-22.0,-22.0
76902,Richie,Guerin,,,USA,,,True,False,False,1954.0,2.0,17.0
1631338,Mouhamadou,Gueye,,,,,,,,,,,
1631243,Mouhamed,Gueye,,,,,,,,,,,
339,Tom,Gugliotta,,,USA,,,False,True,False,1992.0,1.0,6.0
76903,Andres,Guibert,,,Cuba,,,False,False,True,-1.0,-1.0,-1.0
76904,Jay,Guidinger,,,USA,,,False,False,True,-1.0,-1.0,-1.0
76905,Coulby,Gunther,,,USA,,,False,True,False,-1.0,-1.0,-1.0
76906,Dave,Gunther,,,USA,,,False,True,False,1959.0,8.0,56.0
1962937727,Kai,Guo,,,"",,,"","","","","",""
27011,Kai,Guo,,,"",,,"","","","","",""
64135,Kai,Guo,,,"",,,"","","","","",""
196295531,Chen,Guohao,,,,,,,,,,,
76907,Al,Guokas,,,USA,,,False,True,False,-1.0,-1.0,-1.0
76908,Matt,Guokas,,,USA,,,True,False,False,1966.0,1.0,9.0
76909,Matt,Guokas,,,USA,,,False,False,False,-22.0,-22.0,-22.0
203268,Jorge,Gutierrez,,,Mexico,,,True,False,False,-1.0,-1.0,-1.0
1629657,Kyle,Guy,,,USA,,,False,False,False,2019.0,2.0,55.0
2062,A.J.,Guyton,,,USA,,,True,False,False,2000.0,2.0,32.0
2775,Seung-Jin,Ha,,,South Korea,,,False,False,True,2004.0,2.0,46.0
1629036,Isaac,Haas,,,"",,,"","","","","",""
1629060,Rui,Hachimura,,,,,,false,false,false,,,
56068,Daniel,Hackett,,,"",,,"","","","","",""
76910,Rudy,Hackett,,,USA,,,False,True,False,1975.0,3.0,37.0
201632,Hamed,Haddadi,,,Iran,,,False,False,True,-1.0,-1.0,-1.0
76911,Scott,Haffner,,,USA,,,True,False,False,1989.0,2.0,45.0
76912,Cliff,Hagan,,,USA,,,False,True,False,1953.0,3.0,""
76913,Glenn,Hagan,,,USA,,,True,False,False,1978.0,2.0,43.0
1630204,Ashton,Hagans,,,USA,,,True,True,False,-1.0,-1.0,-1.0
196294588,Ashton,Hagans,,,"",,,"","","","","",""
76914,Bob,Hahn,,,USA,,,False,False,True,-1.0,-1.0,-1.0
196294589,Ori,Hai,,,"",,,"","","","","",""
76915,Al,Hairston,,,USA,,,True,False,False,1968.0,5.0,52.0
76916,Happy,Hairston,,,USA,,,False,True,False,1964.0,4.0,33.0
76917,Lindsay,Hairston,,,USA,,,False,True,False,1975.0,4.0,64.0
201612,Malik,Hairston,,,USA,,,True,False,False,2008.0,2.0,48.0
56032,Malik,Hairston,,,"",,,"","","","","",""
203798,PJ,Hairston,,,USA,,,True,True,False,2014.0,1.0,26.0
2409,Marcus,Haislip,,,USA,,,False,True,False,2002.0,1.0,13.0
40064,Marcus,Haislip,,,"",,,"","","","","",""
577,Marcus,Haislip,,,"",,,"","","","","",""
76918,Chuck,Halbert,,,USA,,,False,False,True,-1.0,-1.0,-1.0
76919,Harvey,Halbrook,,,USA,,,False,False,True,-22.0,-22.0,-22.0
76920,Bruce,Hale,,,USA,,,True,False,False,-1.0,-1.0,-1.0
917,Jack,Haley,,,USA,,,False,True,False,1987.0,4.0,79.0
1630169,Tyrese,Haliburton,,,"",,,False,False,False,"","",""
76922,Shaler,Halimon,,,USA,,,True,False,False,1968.0,1.0,14.0
1628985,Devon,Hall,,,USA,,,True,False,False,2018.0,2.0,53.0
1629743,Donta,Hall,,,USA,,,False,False,True,-1.0,-1.0,-1.0
1631160,Jordan,Hall,,,USA,,,True,False,False,-1.0,-1.0,-1.0
1630221,Josh,Hall,,,USA,,,False,True,False,-1.0,-1.0,-1.0
200837,Mike,Hall,,,USA,,,False,True,False,-22.0,-22.0,-22.0
1641790,PJ,Hall,,,,,,,,,,,
1629788,Tyler,Hall,,,USA,,,True,False,False,-1.0,-1.0,-1.0
76923,Jeff,Halliburton,,,USA,,,True,False,False,1971.0,3.0,39.0
267621,Yotam,Halperin,,,"",,,"","","","","",""
572,Yotam,Halperin,,,"",,,"","","","","",""
201183,Adam,Haluska,,,"",,,"","","","","",""
1032,Darvin,Ham,,,USA,,,True,True,False,-1.0,-1.0,-1.0
984,Steve,Hamer,,,USA,,,False,False,True,1996.0,2.0,38.0
1628174,Alex,Hamilton,,,"",,,"","","","","",""
201266,Brian,Hamilton,,,"",,,"","","","","",""
201646,Brian,Hamilton,,,"",,,"","","","","",""
76925,Dale,Hamilton,,,USA,,,True,False,False,-1.0,-1.0,-1.0
1627772,Daniel,Hamilton,,,USA,,,True,True,False,2016.0,2.0,56.0
76926,Dennis,Hamilton,,,USA,,,False,True,False,-1.0,-1.0,-1.0
1628554,Isaac,Hamilton,,,"",,,"","","","","",""
1629148,Johnny,Hamilton,,,USA,,,False,False,False,-22.0,-22.0,-22.0
202706,Jordan,Hamilton,,,USA,,,True,True,False,2011.0,1.0,26.0
203120,Justin,Hamilton,,,USA,,,False,False,True,2012.0,2.0,45.0
2636,Justin,Hamilton,,,"",,,"","","","","",""
76927,Ralph,Hamilton,,,USA,,,True,False,False,-1.0,-1.0,-1.0
1888,Richard,Hamilton,,,USA,,,True,False,False,1999.0,1.0,7.0
76928,Roylee,Hamilton,,,USA,,,True,False,False,1979.0,1.0,10.0
76929,Steve,Hamilton,,,USA,,,False,True,False,1958.0,2.0,8.0
2347,Tang,Hamilton,,,USA,,,False,True,False,-1.0,-1.0,-1.0
676,Thomas,Hamilton,,,USA,,,False,False,True,-1.0,-1.0,-1.0
40041,Venson,Hamilton,,,"",,,"","","","","",""
201649,Vernon,Hamilton,,,"",,,"","","","","",""
1985,Zendon,Hamilton,,,USA,,,False,False,False,-22.0,-22.0,-22.0
903,Geert,Hammink,,,Netherlands,,,False,True,True,1993.0,1.0,26.0
43206,Clifford,Hammonds,,,"",,,False,False,False,"","",""
1630262,Rayshaun,Hammonds,,,USA,,,False,False,False,-22.0,-22.0,-22.0
67,Tom,Hammonds,,,USA,,,False,True,False,1989.0,1.0,9.0
1627773,AJ,Hammons,,,USA,,,False,False,True,2016.0,2.0,46.0
1630181,R.J.,Hampton,,,USA,,,True,False,False,2020.0,1.0,24.0
1966938183,R.J.,Hampton,,,"",,,True,False,False,"","",""
1962937770,Luo,Hanchen,,,"",,,False,False,False,"","",""
64104,Luo,Hanchen,,,"",,,"","","","","",""
241,Darrin,Hancock,,,USA,,,False,True,False,1994.0,2.0,38.0
204034,Luke,Hancock,,,"",,,"","","","","",""
1052,Ben,Handlogten,,,USA,,,False,False,True,-1.0,-1.0,-1.0
76935,Cecil,Hankins,,,USA,,,True,False,False,-1.0,-1.0,-1.0
76936,Phil,Hankinson,,,USA,,,False,True,False,1973.0,2.0,35.0
1962937764,Dong,Hanlin,,,"",,,"","","","","",""
64098,Dong,Hanlin,,,"",,,False,False,True,"","",""
202513,Stefhon,Hannah,,,"",,,"","","","","",""
1628605,Dusty,Hannahs,,,USA,,,True,False,False,2017.0,"",""
76937,Alex,Hannum,,,USA,,,False,True,False,1948.0,"",""
76938,Don,Hanrahan,,,USA,,,False,True,False,-1.0,-1.0,-1.0
76939,Rollen,Hans,,,USA,,,True,False,False,-1.0,-1.0,-1.0
203162,Ben,Hansbrough,,,USA,,,True,False,False,-22.0,-22.0,-22.0
201946,Tyler,Hansbrough,,,USA,,,"","","",2009.0,1.0,13.0
76942,Bob,Hansen,,,USA,,,True,False,False,1983.0,3.0,54.0
76940,Glenn,Hansen,,,USA,,,True,False,False,1975.0,2.0,31.0
76941,Lars,Hansen,,,USA,,,False,False,True,1977.0,7.0,151.0
2580,Travis,Hansen,,,USA,,,True,True,False,2003.0,2.0,37.0
41534,Travis,Hansen,,,"",,,"","","","","",""
1682,Reggie,Hanson,,,USA,,,False,True,False,-22.0,-22.0,-22.0
76944,Bill,Hanzlik,,,USA,,,False,True,False,1980.0,1.0,20.0
202376,Luke,Harangody,,,USA,,,False,True,False,2010.0,2.0,52.0
358,Anfernee,Hardaway,,,USA,,,False,True,False,1993.0,1.0,3.0
896,Tim,Hardaway,,,USA,,,True,False,False,1989.0,1.0,14.0
203501,Tim,Hardaway Jr.,,,,,,,,,,,
201935,James,Harden,,,,,,false,false,false,,,
76945,Reggie,Harding,,,USA,,,False,False,True,1963.0,6.0,48.0
76946,Charlie,Hardnett,,,USA,,,False,True,False,1962.0,3.0,19.0
76947,Alan,Hardy,,,USA,,,True,False,False,-1.0,-1.0,-1.0
1630702,Jaden,Hardy,,,,,,,,,,,
76948,James,Hardy,,,USA,,,False,True,False,1978.0,1.0,11.0
76949,John,Hargis,,,USA,,,True,False,False,-1.0,-1.0,-1.0
1641989,Elijah,Harkless,,,,,,,,,,,
203090,Maurice,Harkless,,,USA,,,True,True,False,2012.0,1.0,15.0
76950,Jerry,Harkness,,,USA,,,True,False,False,1963.0,2.0,9.0
76951,Skip,Harlicka,,,USA,,,True,False,False,1968.0,1.0,13.0
76952,Jerome,Harmon,,,USA,,,True,False,False,-1.0,-1.0,-1.0
203192,Demonte,Harper,,,"",,,"","","","","",""
157,Derek,Harper,,,USA,,,True,False,False,1983.0,1.0,11.0
1642844,Dylan,Harper,,,,,,,,,,,
1629607,Jared,Harper,,,,,,false,false,false,,,
202712,Justin,Harper,,,USA,,,False,True,False,2011.0,2.0,32.0
76954,Mike,Harper,,,USA,,,False,False,True,1980.0,3.0,56.0
166,Ron,Harper,,,USA,,,True,False,False,1986.0,1.0,8.0
1631199,Ron,Harper Jr.,,,,,,,,,,,
1723,Matt,Harpring,,,USA,,,False,True,False,1998.0,1.0,15.0
1626149,Montrezl,Harrell,,,USA,,,False,True,True,2015.0,2.0,32.0
202725,Josh,Harrellson,,,USA,,,False,True,True,2011.0,2.0,45.0
2492,Adam,Harrington,,,USA,,,True,False,False,-1.0,-1.0,-1.0
1733,Al,Harrington,,,USA,,,False,True,False,1998.0,1.0,25.0
2454,Junior,Harrington,,,USA,,,True,False,False,-1.0,-1.0,-1.0
970,Othella,Harrington,,,USA,,,False,True,True,1996.0,2.0,30.0
76956,Art,Harris,,,USA,,,True,False,False,1968.0,2.0,16.0
76957,Bernie,Harris,,,USA,,,False,True,False,1974.0,4.0,63.0
76959,Bob,Harris,,,USA,,,False,True,False,1949.0,1.0,3.0
1966938178,CJ,Harris,,,"",,,False,True,False,"","",""
76958,Chris,Harris,,,USA,,,True,False,False,-1.0,-1.0,-1.0
2734,Devin,Harris,,,USA,,,True,False,False,2004.0,1.0,5.0
203548,Elias,Harris,,,Germany,,,False,True,False,-1.0,-1.0,-1.0
203914,Gary,Harris,,,,,,,,,,,
196294112,Hyrum,Harris,,,"",,,"","","","","",""
1630223,Jalen,Harris,,,USA,,,True,False,False,2020.0,2.0,59.0
203925,Joe,Harris,,,USA,,,True,True,False,2014.0,2.0,33.0
1630284,Kevon,Harris,,,,,,,,,,,
446,Lucious,Harris,,,USA,,,True,False,False,1993.0,2.0,28.0
202412,Manny,Harris,,,USA,,,True,False,False,-1.0,-1.0,-1.0
200839,Mike,Harris,,,USA,,,False,True,False,-1.0,-1.0,-1.0
76960,Steve,Harris,,,USA,,,True,False,False,1985.0,1.0,19.0
202227,Terrel,Harris,,,USA,,,True,False,False,-1.0,-1.0,-1.0
202699,Tobias,Harris,,,,,,false,false,false,,,
76961,Tony,Harris,,,USA,,,True,False,False,-1.0,-1.0,-1.0
1626151,Aaron,Harrison,,,USA,,,True,False,False,-1.0,-1.0,-1.0
1626150,Andrew,Harrison,,,USA,,,True,False,False,2015.0,2.0,44.0
76962,Bob,Harrison,,,USA,,,True,False,False,1949.0,"",""
2758,David,Harrison,,,USA,,,False,False,True,2004.0,1.0,29.0
1627885,Shaquille,Harrison,,,USA,,,True,False,False,-1.0,-1.0,-1.0
1962937811,Tyrell,Harrison,,,"",,,"","","","","",""
2078,Jason,Hart,,,USA,,,True,False,False,2000.0,2.0,49.0
1628404,Josh,Hart,,,,,,,,,,,
1628392,Isaiah,Hartenstein,,,,,,,,,,,
176,Antonio,Harvey,,,USA,,,False,True,True,-1.0,-1.0,-1.0
7002,Brett,Harvey,,,"",,,"","","","","",""
2051,Donnell,Harvey,,,USA,,,False,True,False,2000.0,1.0,22.0
200825,Matt,Haryasz,,,"",,,"","","","","",""
202238,Kenny,Hasbrouck,,,USA,,,True,False,False,-22.0,-22.0,-22.0
321,Scott,Haskin,,,USA,,,False,True,False,1993.0,1.0,14.0
76965,Clem,Haskins,,,USA,,,True,False,False,1967.0,1.0,3.0
2617,Udonis,Haslem,,,USA,,,False,True,False,-1.0,-1.0,-1.0
202912,Frank,Hassell,,,"",,,"","","","","",""
2239,Trenton,Hassell,,,USA,,,True,True,False,2001.0,2.0,29.0
76967,Billy,Hassett,,,USA,,,True,False,False,-1.0,-1.0,-1.0
76966,Joey,Hassett,,,USA,,,True,False,False,1977.0,3.0,52.0
76968,Scott,Hastings,,,USA,,,False,True,False,1982.0,2.0,29.0
2213,Kirk,Haston,,,USA,,,False,True,False,2001.0,1.0,16.0
2618,Marcus,Hatten,,,"",,,"","","","","",""
76969,Vern,Hatton,,,USA,,,True,False,False,1958.0,2.0,9.0
40069,Nikos,Hatzivrettas,,,"",,,"","","","","",""
1641792,Joey,Hauser,,,USA,,,False,False,False,-22.0,-22.0,-22.0
1630573,Sam,Hauser,,,,,,false,false,false,,,
1962937937,Lucas,Hausman,,,"",,,"","","","","",""
76970,John,Havlicek,,,USA,,,False,True,False,1962.0,1.0,7.0
201150,Spencer,Hawes,,,USA,,,False,True,True,2007.0,1.0,10.0
76971,Steve,Hawes,,,USA,,,False,False,True,1972.0,2.0,24.0
76972,Connie,Hawkins,,,USA,,,False,True,False,-1.0,-1.0,-1.0
1626186,Corey,Hawkins,,,"",,,"","","","","",""
2835,David,Hawkins,,,"",,,"","","","","",""
6002,David,Hawkins,,,"",,,"","","","","",""
541,Hawkins,Hawkins,,,"",,,"","","","","",""
765,Hersey,Hawkins,,,USA,,,True,False,False,1988.0,1.0,6.0
1641722,Jordan,Hawkins,,,,,,,,,,,
1038,Juaquin,Hawkins,,,USA,,,False,True,False,-1.0,-1.0,-1.0
76974,Marshall,Hawkins,,,USA,,,False,True,False,1948.0,"",""
1138,Michael,Hawkins,,,USA,,,True,False,False,-1.0,-1.0,-1.0
76975,Robert,Hawkins,,,USA,,,True,False,False,1975.0,3.0,51.0
76977,Tom,Hawkins,,,USA,,,False,True,False,1959.0,1.0,3.0
76978,Nate,Hawthorne,,,USA,,,True,False,False,1973.0,7.0,118.0
101236,Chuck,Hayes,,,USA,,,False,True,True,-1.0,-1.0,-1.0
76979,Elvin,Hayes,,,USA,,,False,True,False,1968.0,1.0,1.0
2553,Jarvis,Hayes,,,USA,,,False,True,False,2003.0,1.0,10.0
1629637,Jaxson,Hayes,,,,,,,,,,,
1630165,Killian,Hayes,,,,,,,,,,,
76980,Steve,Hayes,,,USA,,,False,False,True,1977.0,4.0,76.0
1628502,Nigel,Hayes-Davis,,,,,,,,,,,
43182,Marquez,Haynes,,,"",,,False,False,False,"","",""
202330,Gordon,Hayward,,,USA,,,False,True,False,2010.0,1.0,9.0
202351,Lazar,Hayward,,,USA,,,False,True,False,2010.0,1.0,30.0
2217,Brendan,Haywood,,,USA,,,False,False,True,2001.0,1.0,20.0
76981,Spencer,Haywood,,,USA,,,False,True,False,1971.0,2.0,30.0
76982,John W.,Hazen,,,USA,,,True,False,False,-1.0,-1.0,-1.0
76983,Walt,Hazzard,,,USA,,,True,False,False,1964.0,"",""
101129,Luther,Head,,,USA,,,True,False,False,2005.0,1.0,24.0
1049,Shane,Heal,,,Australia,,,True,False,False,-1.0,-1.0,-1.0
76984,Brian,Heaney,,,USA,,,True,False,False,1969.0,19.0,215.0
76985,Garfield,Heard,,,USA,,,False,True,False,1970.0,3.0,40.0
203687,Reggie,Hearn,,,USA,,,True,False,False,2013.0,0.0,0.0
201635,Brandon,Heath,,,"",,,"","","","","",""
76986,Herm,Hedderick,,,USA,,,True,False,False,-22.0,-22.0,-22.0
76987,Alvin,Heggs,,,USA,,,False,True,False,-1.0,-1.0,-1.0
1641972,Max,Heidegger,,,USA,,,False,False,False,-22.0,-22.0,-22.0
76988,Tom,Heinsohn,,,USA,,,False,True,False,1956.0,"",""
76989,Dick,Hemric,,,USA,,,False,True,False,1955.0,2.0,10.0
673,Alan,Henderson,,,USA,,,False,True,True,1995.0,1.0,16.0
1538,Cedric,Henderson,,,USA,,,False,True,False,1997.0,2.0,44.0
76990,Cedric,Henderson,,,USA,,,False,True,False,1986.0,2.0,32.0
76991,Dave,Henderson,,,USA,,,True,False,False,1986.0,3.0,58.0
201945,Gerald,Henderson,,,USA,,,True,False,False,2009.0,1.0,12.0
76993,Gerald,Henderson,,,USA,,,True,False,False,1978.0,3.0,64.0
1764,J.R.,Henderson,,,USA,,,False,True,False,1998.0,2.0,56.0
76992,Jerome,Henderson,,,USA,,,False,True,False,-1.0,-1.0,-1.0
76994,Kevin,Henderson,,,USA,,,True,False,False,1986.0,3.0,50.0
1626289,Marshall,Henderson,,,"",,,"","","","","",""
1630703,Scoot,Henderson,,,,,,,,,,,
1628516,Terry,Henderson,,,"",,,"","","","","",""
76996,Tom,Henderson,,,USA,,,True,False,False,1974.0,1.0,7.0
1641707,Taylor,Hendricks,,,,,,false,false,false,,,
971,Mark,Hendrickson,,,USA,,,False,True,False,1996.0,2.0,31.0
201613,Richard,Hendrix,,,"",,,"","","","","",""
56044,Richard,Hendrix,,,"",,,"","","","","",""
27012,Yifeng,Heng,,,"",,,"","","","","",""
64138,Yifeng,Heng,,,"",,,"","","","","",""
76998,Larry,Hennessy,,,USA,,,True,False,False,1953.0,2.0,""
76999,Don,Henriksen,,,USA,,,False,True,False,-1.0,-1.0,-1.0
1630565,Aaron,Henry,,,USA,,,False,True,False,-1.0,-1.0,-1.0
77000,Al,Henry,,,USA,,,False,False,True,1970.0,1.0,12.0
77004,Bill,Henry,,,USA,,,False,False,True,-1.0,-1.0,-1.0
77001,Carl,Henry,,,USA,,,True,False,False,1984.0,4.0,80.0
77002,Conner,Henry,,,USA,,,True,False,False,1986.0,4.0,89.0
1627988,Myke,Henry,,,USA,,,False,True,False,2016.0,"",""
1966938184,Sek,Henry,,,"",,,"","","","","",""
77003,Skeeter,Henry,,,USA,,,True,False,False,-1.0,-1.0,-1.0
202333,Xavier,Henry,,,USA,,,True,True,False,2010.0,1.0,12.0
203089,John,Henson,,,USA,,,False,True,True,2012.0,1.0,14.0
1667,Steve,Henson,,,USA,,,True,False,False,1990.0,2.0,44.0
1628176,LaDontae,Henton,,,"",,,"","","","","",""
1642935,Chucky,Hepburn,,,,,,,,,,,
196295095,Philipp,Herkenhoff,,,"",,,False,False,False,"","",""
77006,Bill,Herman,,,USA,,,True,False,False,-1.0,-1.0,-1.0
77007,Clarence,Hermsen,,,USA,,,False,False,True,-1.0,-1.0,-1.0
1629608,Dewan,Hernandez,,,USA,,,False,True,True,2019.0,2.0,59.0
43235,Hector,Hernandez,,,"",,,"","","","","",""
1962937079,Guillermo,Hernangomez,,,"",,,"","","","","",""
56053,Guillermo,Hernangomez,,,"",,,"","","","","",""
1627823,Juancho,Hernangomez,,,Spain,,,False,False,False,2016.0,1.0,15.0
1626195,Willy,Hernangomez,,,Spain,,,False,True,True,2015.0,2.0,35.0
1914,Chris,Herren,,,USA,,,True,False,False,1999.0,2.0,33.0
61,Carl,Herrera,,,USA,,,"","","",1990.0,2.0,30.0
200835,Walter,Herrmann,,,Argentina,,,False,True,False,-1.0,-1.0,-1.0
43210,Walter,Herrmann,,,"",,,False,False,False,"","",""
1629639,Tyler,Herro,,,,,,,,,,,
77010,Keith,Herron,,,USA,,,True,False,False,1978.0,2.0,24.0
578,Baris,Hersek,,,"",,,"","","","","",""
77011,Sidney,Hertzberg,,,USA,,,True,False,False,-1.0,-1.0,-1.0
40048,Axel,Hervelle,,,"",,,"","","","","",""
41535,Axel,Hervelle,,,"",,,"","","","","",""
42554,Axel,Hervelle,,,"",,,"","","","","",""
1628987,Kevin,Hervey,,,USA,,,False,True,False,2018.0,2.0,57.0
204029,Brady,Heslip,,,"",,,"","","","","",""
1966938139,Rafael,Hettsheimeir,,,"",,,False,False,True,"","",""
77012,Fred,Hetzel,,,USA,,,False,True,False,1965.0,1.0,1.0
77013,Bill,Hewitt,,,USA,,,False,True,False,1968.0,1.0,11.0
77014,Jack,Hewson,,,USA,,,False,True,False,1947.0,"",""
77015,Art,Heyman,,,USA,,,True,False,False,1963.0,1.0,1.0
1626209,Mario,Hezonja,,,Croatia,,,True,True,False,2015.0,1.0,5.0
196294537,Mario,Hezonja,,,"",,,"","","","","",""
56024,Mario,Hezonja,,,"",,,"","","","","",""
201579,Roy,Hibbert,,,USA,,,False,False,True,2008.0,1.0,17.0
43236,Leroy,Hickerson,,,"",,,"","","","","",""
77016,Matthew,Hickey,,,USA,,,True,False,False,-1.0,-1.0,-1.0
43301,Richard,Hickman Jr.,,,"",,,False,False,False,"","",""
1628439,Isaiah,Hicks,,,USA,,,False,True,False,-1.0,-1.0,-1.0
77017,Phil,Hicks,,,USA,,,False,True,False,1976.0,2.0,27.0
201581,JJ,Hickson,,,USA,,,False,True,True,2008.0,1.0,19.0
1627741,Buddy,Hield,,,,,,,,,,,
202809,Cory,Higgins,,,USA,,,True,False,False,-1.0,-1.0,-1.0
1848,Mike,Higgins,,,USA,,,False,True,False,-1.0,-1.0,-1.0
77019,Rod,Higgins,,,USA,,,False,True,False,1982.0,2.0,31.0
925,Sean,Higgins,,,USA,,,False,True,False,1990.0,2.0,54.0
77021,Kenny,Higgs,,,USA,,,True,False,False,-1.0,-1.0,-1.0
77022,Johnny,High,,,USA,,,True,False,False,1979.0,2.0,24.0
1629312,Haywood,Highsmith,,,,,,,,,,,
77023,Wayne,Hightower,,,USA,,,False,True,False,1962.0,1.0,5.0
2403,Nene,Hilario,,,"",,,False,False,False,"","",""
1629759,Ahmed,Hill,,,"",,,"","","","","",""
77024,Armond,Hill,,,USA,,,True,False,False,1976.0,1.0,9.0
77025,Cleo,Hill,,,USA,,,True,False,False,1961.0,1.0,8.0
77026,Gary,Hill,,,USA,,,True,False,False,1963.0,2.0,11.0
201588,George,Hill,,,USA,,,True,False,False,2008.0,1.0,26.0
255,Grant,Hill,,,USA,,,False,True,False,1994.0,1.0,3.0
201195,Herbert,Hill,,,USA,,,False,True,True,2007.0,2.0,55.0
201941,Jordan,Hill,,,USA,,,False,True,True,2009.0,1.0,8.0
202797,Lawrence,Hill,,,"",,,"","","","","",""
1630792,Malcolm,Hill,,,,,,,,,,,
203524,Solomon,Hill,,,USA,,,False,True,False,2013.0,1.0,23.0
201631,Steven,Hill,,,USA,,,False,False,False,-22.0,-22.0,-22.0
238,Tyrone,Hill,,,USA,,,False,True,False,1990.0,1.0,11.0
196294086,Daniel,Hillel,,,"",,,"","","","","",""
77027,Art,Hillhouse,,,USA,,,False,False,True,-22.0,-22.0,-22.0
1626199,Darrun,Hilliard,,,USA,,,True,False,False,2015.0,2.0,38.0
77028,Darnell,Hillman,,,USA,,,False,True,False,1971.0,1.0,8.0
77029,Fred,Hilton,,,USA,,,True,False,False,1971.0,2.0,19.0
42576,Kyle,Hines,,,"",,,"","","","","",""
2550,Kirk,Hinrich,,,USA,,,True,False,False,2003.0,1.0,7.0
1642396,Blake,Hinson,,,"",,,"","","","","",""
77030,Roy,Hinson,,,USA,,,False,False,True,1983.0,1.0,20.0
1629609,Amir,Hinton,,,"",,,"","","","","",""
1630207,Nate,Hinton,,,,,,,,,,,
64035,Greg,Hire,,,"",,,"","","","","",""
77031,Mel,Hirsch,,,USA,,,True,False,False,-1.0,-1.0,-1.0
77032,Lew,Hitch,,,USA,,,False,True,False,1951.0,2.0,19.0
200823,Robert,Hite,,,USA,,,True,False,False,-1.0,-1.0,-1.0
1629658,Jaylen,Hoard,,,France,,,False,True,False,-1.0,-1.0,-1.0
202359,Darington,Hobson,,,USA,,,True,False,False,2010.0,2.0,37.0
1641793,D'Moi,Hodge,,,British Virgin Islands,,,False,False,False,-22.0,-22.0,-22.0
1106,Donald,Hodge,,,USA,,,False,True,False,1991.0,2.0,33.0
101125,Julius,Hodge,,,USA,,,True,False,False,2005.0,1.0,20.0
77034,Craig,Hodges,,,USA,,,True,False,False,1982.0,3.0,48.0
77035,Adolph,Hoefer,,,USA,,,True,False,False,-1.0,-1.0,-1.0
77036,"Bear, The Body",Hoffman,,,USA,,,True,False,False,1947.0,"",""
77037,Bob,Hogsett,,,USA,,,False,True,False,-22.0,-22.0,-22.0
77038,Paul,Hogue,,,USA,,,False,False,True,1962.0,1.0,2.0
697,Fred,Hoiberg,,,USA,,,True,False,False,1995.0,2.0,52.0
77039,Doug,Holcomb,,,USA,,,False,True,False,-1.0,-1.0,-1.0
2450,Randy,Holcomb,,,USA,,,False,False,False,2002.0,2.0,56.0
526,Holden,Holden,,,"",,,"","","","","",""
416498,J.R.,Holden,,,"",,,"","","","","",""
1628988,Aaron,Holiday,,,,,,,,,,,
201950,Jrue,Holiday,,,,,,false,false,false,,,
203200,Justin,Holiday,,,,,,,,,,,
77040,Brad,Holland,,,USA,,,True,False,False,1979.0,1.0,14.0
77041,Joe,Holland,,,USA,,,False,True,False,1948.0,"",""
204066,John,Holland,,,USA,,,False,False,False,-22.0,-22.0,-22.0
77042,Wilbur,Holland,,,USA,,,True,False,False,1975.0,5.0,75.0
1641842,Ronald,Holland II,,,,,,,,,,,
77043,Lionel,Hollins,,,USA,,,True,False,False,1975.0,1.0,6.0
200797,Ryan,Hollins,,,USA,,,False,False,False,2006.0,2.0,50.0
77044,Essie,Hollis,,,USA,,,False,True,False,1977.0,2.0,44.0
1626178,Rondae,Hollis-Jefferson,,,USA,,,False,True,False,2015.0,1.0,23.0
1629689,Aric,Holman,,,USA,,,False,False,False,-22.0,-22.0,-22.0
1626182,Jonathan,Holmes,,,"",,,"","","","","",""
1626158,Richaun,Holmes,,,"",,,False,False,True,"","",""
1641747,DaRon,Holmes II,,,,,,,,,,,
1631096,Chet,Holmgren,,,,,,,,,,,
77045,Jim,Holstein,,,USA,,,False,True,False,1952.0,"",""
77046,Alvin,Holt,,,USA,,,False,True,False,-22.0,-22.0,-22.0
1962937808,Stephen,Holt,,,"",,,False,False,False,"","",""
204071,Stephen,Holt,,,"",,,"","","","","",""
196294087,Jonathan,Holton,,,"",,,"","","","","",""
77047,Michael,Holton,,,USA,,,True,False,False,1983.0,3.0,53.0
77048,Dick,Holub,,,USA,,,False,False,True,1947.0,1.0,5.0
77049,Joe,Holup,,,USA,,,False,True,False,1956.0,1.0,5.0
1626261,Michael,Holyfield,,,"",,,"","","","","",""
77050,Red,Holzman,,,USA,,,True,False,False,-1.0,-1.0,-1.0
201243,Jared,Homan,,,"",,,"","","","","",""
1630258,Caleb,Homesley,,,USA,,,True,False,False,-1.0,-1.0,-1.0
1629756,Daulton,Hommes,,,USA,,,False,False,False,-22.0,-22.0,-22.0
1532,Jerald,Honeycutt,,,USA,,,True,True,False,1997.0,2.0,38.0
202715,Tyler,Honeycutt,,,USA,,,False,True,False,2011.0,2.0,35.0
200852,Antoine,Hood,,,"",,,"","","","","",""
1967,Derek,Hood,,,USA,,,False,True,False,-1.0,-1.0,-1.0
203918,Rodney,Hood,,,USA,,,True,True,False,2014.0,1.0,23.0
1641720,Jalen,Hood-Schifino,,,"",,,"","","","","",""
27027,Peter,Hooley,,,"",,,"","","","","",""
64020,Peter,Hooley,,,"",,,"","","","","",""
77051,Tom,Hoover,,,USA,,,False,False,True,1963.0,1.0,6.0
77052,Bob,Hopkins,,,USA,,,False,False,True,1956.0,10.0,75.0
77053,Dave,Hoppen,,,USA,,,False,False,True,1986.0,3.0,65.0
77054,Dennis,Hopson,,,USA,,,False,True,False,1987.0,1.0,3.0
203816,Scotty,Hopson,,,USA,,,True,True,False,2011.0,0.0,0.0
77055,Johnny,Horan,,,USA,,,False,True,False,1955.0,1.0,6.0
77056,Cedrick,Hordges,,,USA,,,False,False,True,1979.0,3.0,49.0
201143,Al,Horford,,,,,,,,,,,
1626281,Jon,Horford,,,"",,,"","","","","",""
77057,Tito,Horford,,,USA,,,False,False,True,1988.0,2.0,39.0
77058,Ron,Horn,,,USA,,,False,True,False,1961.0,2.0,16.0
204,Jeff,Hornacek,,,USA,,,True,False,False,1986.0,2.0,46.0
202862,Dennis,Horner,,,USA,,,False,True,False,-1.0,-1.0,-1.0
1627867,Keith,Hornsby,,,"",,,"","","","","",""
109,Robert,Horry,,,USA,,,False,True,True,1992.0,1.0,11.0
200812,Daniel,Horton,,,"",,,"","","","","",""
77060,Ed,Horton,,,USA,,,False,False,True,1989.0,2.0,39.0
1629659,Talen,Horton-Tucker,,,"",,,"","","","","",""
77061,Wilmer,Hosket,,,USA,,,False,True,False,1968.0,1.0,10.0
77062,Bob,Houbregs,,,USA,,,False,False,True,1953.0,1.0,2.0
2067,Eddie,House,,,USA,,,True,False,False,2000.0,2.0,37.0
1627863,Danuel,House Jr.,,,USA,,,True,True,False,-1.0,-1.0,-1.0
1631216,Caleb,Houstan,,,,,,,,,,,
275,Allan,Houston,,,USA,,,True,False,False,1993.0,1.0,11.0
780,Byron,Houston,,,USA,,,False,True,False,1992.0,1.0,27.0
77064,Tom,Hovasse,,,USA,,,False,True,False,-1.0,-1.0,-1.0
77065,Brian,Howard,,,USA,,,False,True,False,-1.0,-1.0,-1.0
2730,Dwight,Howard,,,USA,,,False,True,True,2004.0,1.0,1.0
77066,Greg,Howard,,,USA,,,False,True,False,1970.0,1.0,10.0
1641724,Jett,Howard,,,,,,,,,,,
2572,Josh,Howard,,,USA,,,True,True,False,2003.0,1.0,29.0
436,Juwan,Howard,,,USA,,,False,True,False,1994.0,1.0,5.0
1630210,Markus,Howard,,,USA,,,True,False,False,-1.0,-1.0,-1.0
77067,Mo,Howard,,,USA,,,True,False,False,1976.0,2.0,32.0
77069,Otis,Howard,,,USA,,,False,True,False,1978.0,4.0,80.0
201351,Ron,Howard,,,"",,,"","","","","",""
1128,Stephen,Howard,,,USA,,,False,True,False,-1.0,-1.0,-1.0
1629739,William,Howard,,,France,,,True,True,False,-1.0,-1.0,-1.0
77070,Bailey,Howell,,,USA,,,False,True,False,1959.0,1.0,2.0
203494,Richard,Howell,,,"",,,"","","","","",""
196295526,Zhang,Huafei,,,,,,,,,,,
77072,Bob,Hubbard,,,USA,,,False,False,True,1947.0,"",""
201647,Marcus,Hubbard,,,"",,,"","","","","",""
77071,Phil,Hubbard,,,USA,,,False,True,False,1979.0,1.0,15.0
27034,Roi,Huber,,,"",,,"","","","","",""
1631309,Trevor,Hudgins,,,USA,,,True,False,False,-22.0,-22.0,-22.0
201991,Lester,Hudson,,,USA,,,True,False,False,2009.0,2.0,58.0
77074,Lou,Hudson,,,USA,,,False,True,False,1966.0,1.0,4.0
1607,Troy,Hudson,,,USA,,,True,False,False,-1.0,-1.0,-1.0
11249,Marcelinho,Huertas,,,"",,,"","","","","",""
56016,Marcelinho,Huertas,,,"",,,"","","","","",""
1626273,Marcelo,Huertas,,,Brazil,,,True,False,False,-1.0,-1.0,-1.0
1628989,Kevin,Huerter,,,,,,false,false,false,,,
203962,Josh,Huestis,,,USA,,,True,False,False,2014.0,1.0,29.0
1630643,Jay,Huff,,,,,,,,,,,
1572,Nate,Huffman,,,USA,,,False,False,True,-1.0,-1.0,-1.0
77076,Alfredrick,Hughes,,,USA,,,False,True,False,1985.0,1.0,14.0
77077,Eddie,Hughes,,,USA,,,True,False,False,1982.0,7.0,140.0
1630190,Elijah,Hughes,,,USA,,,True,False,False,2020.0,2.0,39.0
77078,Kim,Hughes,,,USA,,,False,False,True,1974.0,3.0,45.0
1716,Larry,Hughes,,,USA,,,True,False,False,1998.0,1.0,8.0
1965,Rick,Hughes,,,USA,,,False,True,False,-1.0,-1.0,-1.0
1630574,Ariel,Hukporti,,,,,,,,,,,
203133,Robbie,Hummel,,,USA,,,False,True,False,2012.0,2.0,58.0
77080,John,Hummer,,,USA,,,False,True,False,1970.0,1.0,15.0
2415,Ryan,Humphrey,,,USA,,,False,True,False,2002.0,1.0,19.0
1629353,Isaac,Humphries,,,Australia,,,False,False,True,2017.0,"",""
55374,Issac,Humphries,,,"",,,"","","","","",""
77081,Jay,Humphries,,,USA,,,True,False,False,1984.0,1.0,13.0
2743,Kris,Humphries,,,USA,,,False,True,False,2004.0,1.0,14.0
77082,Rod,Hundley,,,USA,,,True,False,False,1957.0,1.0,1.0
1630624,Feron,Hunt,,,USA,,,False,True,False,-1.0,-1.0,-1.0
2599,Brandon,Hunter,,,USA,,,False,True,False,2003.0,2.0,56.0
77083,Cedric,Hunter,,,USA,,,False,True,False,-1.0,-1.0,-1.0
201805,Chris,Hunter,,,USA,,,False,True,True,-1.0,-1.0,-1.0
1629631,De'Andre,Hunter,,,,,,false,false,false,,,
2111,Jimmie,Hunter,,,"",,,"","","","","",""
196295505,Jordan,Hunter,,,,,,false,false,false,,,
77084,Les,Hunter,,,USA,,,False,True,False,1964.0,2.0,9.0
283,Lindsey,Hunter,,,USA,,,True,False,False,1993.0,1.0,10.0
201629,Othello,Hunter,,,USA,,,"","","",-1.0,-1.0,-1.0
1626154,RJ,Hunter,,,USA,,,True,False,False,2015.0,1.0,28.0
2212,Steven,Hunter,,,USA,,,False,False,True,2001.0,1.0,15.0
1626205,Vincent,Hunter,,,USA,,,False,True,False,-1.0,-1.0,-1.0
1643047,CJ,Huntley,,,,,,,,,,,
310,Bobby,Hurley,,,USA,,,True,False,False,1993.0,1.0,7.0
77086,Roy,Hurley,,,USA,,,False,True,False,-1.0,-1.0,-1.0
1630562,Matthew,Hurt,,,USA,,,"","","",-1.0,-1.0,-1.0
77087,Geoff,Huston,,,USA,,,True,False,False,1979.0,3.0,50.0
77088,Paul,Huston,,,USA,,,False,False,False,1947.0,1.0,8.0
77089,Mel,Hutchins,,,USA,,,False,True,False,1951.0,1.0,2.0
1628990,Chandler,Hutchison,,,USA,,,True,True,False,2018.0,1.0,22.0
591,Andre,Hutson,,,"",,,"","","","","",""
77090,Joe,Hutton,,,USA,,,True,False,False,1950.0,7.0,""
77091,Greg,Hyder,,,USA,,,False,True,False,1970.0,3.0,39.0
1630538,Bones,Hyland,,,,,,,,,,,
77092,Marc,Iavaroni,,,USA,,,False,True,False,1978.0,3.0,55.0
201586,Serge,Ibaka,,,DR Congo,,,False,False,False,2008.0,1.0,24.0
56082,Yassin,Idbihi,,,"",,,"","","","","",""
1642345,Oso,Ighodaro,,,,,,false,false,false,,,
2738,Andre,Iguodala,,,USA,,,True,True,False,2004.0,1.0,9.0
980,Zydrunas,Ilgauskas,,,Lithuania,,,False,False,True,1996.0,1.0,20.0
196295490,Shea,Ili,,,,,,false,false,false,,,
64078,Shea,Ili,,,"",,,"","","","","",""
101148,Mile,Ilic,,,Serbia,,,False,False,True,2005.0,2.0,43.0
542,Ilievski,Ilievski,,,"",,,"","","","","",""
101141,Ersan,Ilyasova,,,Turkey,,,False,True,False,2005.0,2.0,36.0
77093,Darrall,Imhoff,,,USA,,,False,False,True,1960.0,1.0,3.0
77094,Tom,Ingelsby,,,USA,,,True,False,False,1973.0,2.0,27.0
204060,Joe,Ingles,,,,,,,,,,,
56022,Joe,Ingles,,,"",,,"","","","","",""
203996,Damien,Inglis,,,France,,,False,True,False,2014.0,2.0,31.0
201281,Andre,Ingram,,,USA,,,True,False,False,-1.0,-1.0,-1.0
1627742,Brandon,Ingram,,,,,,false,false,false,,,
1631127,Harrison,Ingram,,,,,,,,,,,
77095,Joel,Ingram,,,USA,,,False,True,False,-22.0,-22.0,-22.0
196294113,Fiston,Ipassou,,,"",,,"","","","","",""
1628528,Ike,Iroegbu,,,"",,,"","","","","",""
77096,Byron,Irvin,,,USA,,,True,False,False,1989.0,1.0,22.0
202681,Kyrie,Irving,,,"",,,False,False,False,"","",""
1628371,Jonathan,Isaac,,,,,,,,,,,
196295057,Kaia,Isaac,,,"",,,"","","","","",""
77097,Dan,Issel,,,USA,,,False,False,True,1970.0,8.0,122.0
77098,Mike,Iuzzolino,,,USA,,,True,False,False,1991.0,2.0,35.0
947,Allen,Iverson,,,USA,,,True,False,False,1996.0,1.0,1.0
1631093,Jaden,Ivey,,,,,,false,false,false,,,
2767,Royal,Ivey,,,USA,,,True,False,False,2004.0,2.0,37.0
1628411,Wes,Iwundu,,,USA,,,False,True,False,2017.0,2.0,33.0
6003,Ibrahim,Jaaber,,,"",,,"","","","","",""
101127,Jarrett,Jack,,,USA,,,True,False,False,2005.0,1.0,22.0
1627292,Kadeem,Jack,,,"",,,"","","","","",""
1628935,Aaron,Jackson,,,USA,,,True,False,False,-1.0,-1.0,-1.0
42577,Aaron,Jackson,,,"",,,"","","","","",""
64110,Aaron Lee,Jackson,,,"",,,"","","","","",""
77099,Al,Jackson,,,USA,,,True,False,False,-1.0,-1.0,-1.0
1517,Bobby,Jackson,,,USA,,,True,False,False,1997.0,1.0,23.0
202132,Cedric,Jackson,,,USA,,,True,False,False,-1.0,-1.0,-1.0
201616,Darnell,Jackson,,,USA,,,False,True,False,2008.0,2.0,52.0
1966938141,David,Jackson,,,"",,,True,False,False,"","",""
2683,David,Jackson,,,"",,,"","","","","",""
1627743,Demetrius,Jackson,,,USA,,,True,False,False,2016.0,2.0,45.0
1628402,Frank,Jackson,,,USA,,,True,False,False,2017.0,2.0,31.0
1641713,GG,Jackson,,,,,,,,,,,
77101,Greg,Jackson,,,USA,,,True,False,False,1974.0,5.0,86.0
1630543,Isaiah,Jackson,,,,,,false,false,false,,,
1114,Jaren,Jackson,,,USA,,,True,False,False,-1.0,-1.0,-1.0
1983,Jermaine,Jackson,,,USA,,,True,False,False,-1.0,-1.0,-1.0
754,Jim,Jackson,,,USA,,,True,True,False,1992.0,1.0,4.0
204061,Joe,Jackson,,,"",,,"","","","","",""
1628367,Josh,Jackson,,,USA,,,True,True,False,2017.0,1.0,4.0
1628382,Justin,Jackson,,,USA,,,False,False,False,2017.0,1.0,15.0
77103,Lucious,Jackson,,,USA,,,False,True,False,1964.0,1.0,4.0
2739,Luke,Jackson,,,USA,,,True,True,False,2004.0,1.0,10.0
1531,Marc,Jackson,,,USA,,,False,True,False,1997.0,2.0,37.0
349,Mark,Jackson,,,USA,,,True,False,False,1987.0,1.0,18.0
77104,Michael,Jackson,,,USA,,,True,False,False,1986.0,2.0,47.0
77105,Myron,Jackson,,,USA,,,True,False,False,1986.0,4.0,85.0
77106,Phil,Jackson,,,USA,,,False,True,False,1967.0,2.0,17.0
203510,Pierre,Jackson,,,USA,,,True,False,False,2013.0,2.0,42.0
1631245,Quenton,Jackson,,,,,,,,,,,
77107,Ralph,Jackson,,,USA,,,True,False,False,1984.0,4.0,71.0
1872,Randell,Jackson,,,USA,,,False,True,False,1999.0,"",""
202704,Reggie,Jackson,,,"",,,"","","","","",""
77109,Stanley,Jackson,,,USA,,,True,False,False,-22.0,-22.0,-22.0
1536,Stephen,Jackson,,,USA,,,True,True,False,1997.0,2.0,42.0
77100,Tony,Jackson,,,USA,,,True,False,False,1980.0,4.0,87.0
77110,Tracy,Jackson,,,USA,,,True,False,False,1981.0,2.0,25.0
77111,Wardell,Jackson,,,USA,,,False,True,False,1974.0,6.0,98.0
1641748,Andre,Jackson Jr.,,,,,,,,,,,
1628991,Jaren,Jackson Jr.,,,,,,,,,,,
196294570,Parker,Jackson-Cartwright,,,"",,,True,False,False,"","",""
196295058,Parker,Jackson-Cartwright,,,"",,,False,False,False,"","",""
1631218,Trayce,Jackson-Davis,,,,,,,,,,,
1627829,Julian,Jacobs,,,"",,,"","","","","",""
77112,Winfred,Jacobs,,,USA,,,False,True,False,-1.0,-1.0,-1.0
2418,Casey,Jacobsen,,,USA,,,True,False,False,2002.0,1.0,22.0
1734,Sam,Jacobson,,,USA,,,True,False,False,1998.0,1.0,26.0
1642857,Kasparas,Jakucionis,,,,,,,,,,,
196295099,Karim,Jallow,,,"",,,"","","","","",""
77114,Dave,Jamerson,,,USA,,,True,False,False,1990.0,1.0,15.0
77115,Aaron,James,,,USA,,,False,True,False,1974.0,2.0,28.0
203108,Bernard,James,,,USA,,,False,False,True,2012.0,2.0,33.0
1642355,Bronny,James,,,,,,,,,,,
202345,Damion,James,,,USA,,,False,True,False,2010.0,1.0,24.0
77116,Gene,James,,,USA,,,False,True,False,-1.0,-1.0,-1.0
1080,Henry,James,,,USA,,,False,True,False,-1.0,-1.0,-1.0
1744,Jerome,James,,,USA,,,False,False,True,1998.0,2.0,36.0
1629713,Justin,James,,,USA,,,True,True,False,2019.0,2.0,40.0
2544,LeBron,James,,,,,,,,,,,
1628455,Mike,James,,,USA,,,True,False,False,-1.0,-1.0,-1.0
2229,Mike,James,,,USA,,,True,False,False,-1.0,-1.0,-1.0
1642883,Sion,James,,,,,,,,,,,
1906,Tim,James,,,USA,,,False,True,False,1999.0,1.0,25.0
1712,Antawn,Jamison,,,USA,,,False,False,False,1998.0,1.0,4.0
1942,Harold,Jamison,,,USA,,,False,True,False,-1.0,-1.0,-1.0
77120,John,Janisch,,,USA,,,False,False,False,-22.0,-22.0,-22.0
1627841,Stefan,Jankovic,,,"",,,"","","","","",""
40086,Paulius,Jankunas,,,"",,,"","","","","",""
202394,Matt,Janning,,,"",,,"","","","","",""
56067,Matt,Janning,,,"",,,"","","","","",""
77122,Howie,Janotta,,,USA,,,False,True,False,-1.0,-1.0,-1.0
1631170,Jaime,Jaquez Jr.,,,,,,false,false,false,,,
2060,Marko,Jaric,,,Serbia,,,True,False,False,2000.0,2.0,30.0
77123,Tony,Jaros,,,USA,,,False,True,False,-1.0,-1.0,-1.0
1630610,DeJon,Jarreau,,,USA,,,True,False,False,-1.0,-1.0,-1.0
555,Jasaitis,Jasaitis,,,"",,,"","","","","",""
40020,Hernan Emilio,Jasen,,,"",,,"","","","","",""
101180,Sarunas,Jasikevicius,,,Lithuania,,,"","","",-1.0,-1.0,-1.0
56019,Sarunas,Jasikevicus,,,"",,,"","","","","",""
196294610,Gabriel,Jau,,,"",,,False,False,True,"","",""
201605,Nathan,Jawai,,,Australia,,,False,True,False,2008.0,2.0,41.0
56027,Nathan,Jawai,,,"",,,"","","","","",""
203520,Livio,Jean-Charles,,,"",,,"","","","","",""
77125,Buddy,Jeannette,,,USA,,,True,False,False,-1.0,-1.0,-1.0
77126,Abdul,Jeelani,,,USA,,,False,True,False,-1.0,-1.0,-1.0
2423,Chris,Jefferies,,,USA,,,False,True,False,2002.0,1.0,27.0
201785,Othyus,Jeffers,,,USA,,,True,True,False,-1.0,-1.0,-1.0
2744,Al,Jefferson,,,USA,,,False,False,True,2004.0,1.0,15.0
1628518,Amile,Jefferson,,,USA,,,False,False,False,-22.0,-22.0,-22.0
203928,Cory,Jefferson,,,USA,,,False,True,False,2014.0,2.0,60.0
200971,Dontell,Jefferson,,,USA,,,True,False,False,-22.0,-22.0,-22.0
2210,Richard,Jefferson,,,USA,,,False,True,False,2001.0,1.0,13.0
1629610,DaQuan,Jeffries,,,"",,,False,True,False,"","",""
1631300,Drake,Jeffries,,,USA,,,"","","",-1.0,-1.0,-1.0
2407,Jared,Jeffries,,,USA,,,False,True,False,2002.0,1.0,11.0
1641998,Trey,Jemison III,,,,,,,,,,,
202724,Charles,Jenkins,,,USA,,,True,False,False,2011.0,2.0,44.0
1642450,Daniss,Jenkins,,,,,,,,,,,
2798,Horace,Jenkins,,,USA,,,True,False,False,-1.0,-1.0,-1.0
579,Horace,Jenkins,,,"",,,"","","","","",""
203098,John,Jenkins,,,USA,,,True,False,False,2012.0,1.0,23.0
204077,Michael,Jenkins,,,"",,,"","","","","",""
201943,Brandon,Jennings,,,USA,,,True,False,False,2009.0,1.0,10.0
2438,Jason,Jennings,,,"",,,"","","","","",""
24,Keith,Jennings,,,USA,,,True,False,False,-1.0,-1.0,-1.0
196295090,Tobias,Jensen,,,"",,,"","","","","",""
1137,Chris,Jent,,,USA,,,False,True,False,-1.0,-1.0,-1.0
77129,Les,Jepsen,,,USA,,,True,False,False,1990.0,2.0,28.0
201973,Jonas,Jerebko,,,Sweden,,,False,True,False,2009.0,2.0,39.0
1629660,Ty,Jerome,,,,,,false,false,false,,,
201998,Curtis,Jerrells,,,USA,,,True,False,False,-1.0,-1.0,-1.0
1962937813,Grant,Jerrett,,,"",,,"","","","","",""
203511,Grant,Jerrett,,,USA,,,False,True,False,2013.0,2.0,40.0
27021,Tom,Jervis,,,"",,,False,False,False,"","",""
64039,Tomer,Jervis,,,"",,,"","","","","",""
196295092,Justinian,Jessup,,,"",,,False,False,False,"","",""
200817,Pooh,Jeter,,,USA,,,True,False,False,-1.0,-1.0,-1.0
2660,Richard,Jeter,,,"",,,"","","","","",""
1630198,Isaiah,Joe,,,,,,false,false,false,,,
2639,Britton,Johnsen,,,USA,,,False,True,False,-1.0,-1.0,-1.0
1642358,AJ,Johnson,,,,,,,,,,,
200792,Alexander,Johnson,,,USA,,,False,True,False,2006.0,2.0,45.0
1628993,Alize,Johnson,,,,,,,,,,,
101161,Amir,Johnson,,,USA,,,False,True,True,2005.0,2.0,56.0
77131,Andy,Johnson,,,USA,,,False,True,False,-1.0,-1.0,-1.0
1533,Anthony,Johnson,,,USA,,,True,False,False,1997.0,2.0,39.0
202356,Armon,Johnson,,,USA,,,True,False,False,2010.0,2.0,34.0
77132,Arnie,Johnson,,,USA,,,False,True,False,-1.0,-1.0,-1.0
2865,Arthur,Johnson,,,"",,,"","","","","",""
422,Avery,Johnson,,,USA,,,True,False,False,-1.0,-1.0,-1.0
1629168,BJ,Johnson,,,USA,,,False,False,False,-22.0,-22.0,-22.0
1627744,Brice,Johnson,,,USA,,,False,True,False,2016.0,1.0,25.0
77130,Buck,Johnson,,,USA,,,False,True,False,1986.0,1.0,20.0
1629661,Cameron,Johnson,,,,,,false,false,false,,,
201291,Carldell,Johnson,,,USA,,,True,False,False,-1.0,-1.0,-1.0
1643052,Chaney,Johnson,,,,,,,,,,,
77133,Charlie,Johnson,,,USA,,,True,False,False,1971.0,6.0,93.0
202419,Chris,Johnson,,,USA,,,False,True,False,-1.0,-1.0,-1.0
203187,Chris,Johnson,,,USA,,,False,True,False,-1.0,-1.0,-1.0
77135,Clay,Johnson,,,USA,,,True,False,False,1978.0,5.0,110.0
77136,Clemon,Johnson,,,USA,,,False,False,True,1978.0,2.0,44.0
1626177,Dakari,Johnson,,,USA,,,False,False,True,2015.0,2.0,48.0
196294111,Daniel,Johnson,,,"",,,False,False,False,"","",""
64070,Daniel,Johnson,,,"",,,"","","","","",""
683,Darryl,Johnson,,,USA,,,True,False,False,1987.0,3.0,58.0
77138,Dave,Johnson,,,USA,,,True,False,False,1992.0,1.0,26.0
1630525,David,Johnson,,,USA,,,True,False,False,2021.0,2.0,47.0
77139,David,Johnson,,,USA,,,True,False,False,-1.0,-1.0,-1.0
1746,DeMarco,Johnson,,,USA,,,False,True,False,1998.0,2.0,38.0
77141,Dennis,Johnson,,,USA,,,True,False,False,1976.0,2.0,29.0
2035,DerMarr,Johnson,,,USA,,,True,True,False,2000.0,1.0,6.0
698,Eddie,Johnson,,,USA,,,False,True,False,1981.0,2.0,29.0
77144,Eddie,Johnson,,,USA,,,True,False,False,1977.0,3.0,49.0
77145,Eric,Johnson,,,USA,,,True,False,False,-22.0,-22.0,-22.0
911,Ervin,Johnson,,,USA,,,False,False,True,1993.0,1.0,23.0
77146,Frank,Johnson,,,USA,,,True,False,False,1981.0,1.0,11.0
77147,George,Johnson,,,USA,,,False,False,True,1970.0,1.0,9.0
77148,George,Johnson,,,USA,,,False,True,False,1978.0,1.0,12.0
77149,George,Johnson,,,USA,,,False,False,True,1970.0,5.0,79.0
204080,Geron,Johnson,,,"",,,"","","","","",""
77150,Gus,Johnson,,,USA,,,False,True,False,1963.0,2.0,10.0
77151,Harold,Johnson,,,USA,,,False,False,False,-22.0,-22.0,-22.0
201274,Ivan,Johnson,,,USA,,,False,True,False,-1.0,-1.0,-1.0
202707,JaJuan,Johnson,,,USA,,,False,True,False,2011.0,1.0,27.0
1630552,Jalen,Johnson,,,,,,false,false,false,,,
201949,James,Johnson,,,"",,,"","","","","",""
204189,Jaron,Johnson,,,"",,,"","","","","",""
1641881,Javan,Johnson,,,USA,,,False,False,False,-22.0,-22.0,-22.0
1628575,Jaylen,Johnson,,,"",,,"","","","","",""
2207,Joe,Johnson,,,USA,,,True,True,False,2001.0,1.0,10.0
77152,John,Johnson,,,USA,,,False,True,False,1970.0,1.0,7.0
77153,Kannard,Johnson,,,USA,,,False,True,False,1987.0,2.0,41.0
1629640,Keldon,Johnson,,,,,,false,false,false,,,
2256,Ken,Johnson,,,USA,,,False,True,True,2001.0,2.0,48.0
77154,Ken,Johnson,,,USA,,,False,True,False,1985.0,2.0,28.0
1630553,Keon,Johnson,,,"",,,False,False,False,"","",""
1642352,Keshad,Johnson,,,,,,,,,,,
134,Kevin,Johnson,,,USA,,,True,False,False,1987.0,1.0,7.0
1641749,Keyontae,Johnson,,,USA,,,False,True,False,2023.0,2.0,50.0
77156,Larry,Johnson,,,USA,,,True,False,False,1977.0,2.0,24.0
913,Larry,Johnson,,,USA,,,False,True,False,1991.0,1.0,1.0
77158,Lee,Johnson,,,USA,,,False,True,False,1979.0,1.0,17.0
2669,Linton,Johnson,,,USA,,,False,True,False,-1.0,-1.0,-1.0
77159,Lynbert,Johnson,,,USA,,,False,True,False,1979.0,3.0,54.0
77142,Magic,Johnson,,,USA,,,True,True,False,1979.0,1.0,1.0
77160,Marques,Johnson,,,USA,,,False,True,False,1977.0,1.0,3.0
77168,Mickey,Johnson,,,USA,,,False,True,False,1974.0,4.0,56.0
2808,Nate,Johnson,,,"",,,"","","","","",""
77161,Neil,Johnson,,,USA,,,False,True,False,1966.0,2.0,15.0
203910,Nick,Johnson,,,USA,,,True,False,False,2014.0,2.0,42.0
77162,Ollie,Johnson,,,USA,,,False,True,False,1972.0,2.0,30.0
204179,Omari,Johnson,,,Jamaica,,,False,True,False,-1.0,-1.0,-1.0
203111,Orlando,Johnson,,,USA,,,False,False,False,2012.0,2.0,36.0
77163,Reggie,Johnson,,,USA,,,False,True,False,1980.0,1.0,15.0
77164,Rich,Johnson,,,USA,,,False,False,True,1968.0,4.0,46.0
77165,Ron,Johnson,,,USA,,,False,True,False,1960.0,2.0,12.0
1626169,Stanley,Johnson,,,USA,,,False,False,False,2015.0,1.0,8.0
77166,Steffond,Johnson,,,USA,,,False,True,False,1986.0,5.0,100.0
77134,Steve,Johnson,,,USA,,,False,False,True,1981.0,1.0,7.0
1642848,Tre,Johnson,,,,,,,,,,,
201234,Trey,Johnson,,,USA,,,True,False,False,-1.0,-1.0,-1.0
204020,Tyler,Johnson,,,USA,,,True,False,False,-1.0,-1.0,-1.0
202792,Tyren,Johnson,,,"",,,"","","","","",""
77167,Vinnie,Johnson,,,USA,,,True,False,False,1979.0,1.0,7.0
202325,Wesley,Johnson,,,USA,,,True,True,False,2010.0,1.0,4.0
203130,Darius,Johnson-Odom,,,USA,,,True,False,False,2012.0,2.0,55.0
77170,Nate,Johnston,,,USA,,,False,False,True,1988.0,3.0,59.0
77169,Neil,Johnston,,,USA,,,False,False,True,-1.0,-1.0,-1.0
77171,Jim,Johnstone,,,USA,,,False,False,True,1982.0,3.0,51.0
1628514,Peter,Jok,,,"",,,"","","","","",""
203999,Nikola,Jokic,,,,,,false,false,false,,,
77172,Howie,Jolliff,,,USA,,,False,True,False,1960.0,7.0,50.0
2264,Alvin,Jones,,,USA,,,False,False,True,2001.0,2.0,56.0
77173,Anthony,Jones,,,USA,,,True,False,False,1986.0,1.0,21.0
77174,Askia,Jones,,,USA,,,False,True,False,-1.0,-1.0,-1.0
77180,Bill,Jones,,,USA,,,False,True,False,1968.0,7.0,90.0
200784,Bobby,Jones,,,USA,,,False,True,False,2006.0,2.0,37.0
77193,Bobby,Jones,,,USA,,,False,True,False,1974.0,1.0,5.0
77175,Caldwell,Jones,,,USA,,,False,False,True,1973.0,2.0,32.0
202841,Cameron,Jones,,,"",,,"","","","","",""
1630637,Carlik,Jones,,,USA,,,True,False,False,-1.0,-1.0,-1.0
279,Charles,Jones,,,USA,,,False,True,True,1979.0,8.0,165.0
77178,Charles,Jones,,,USA,,,False,True,False,1984.0,2.0,36.0
1869,Charles R.,Jones,,,USA,,,True,False,False,-1.0,-1.0,-1.0
1641732,Colby,Jones,,,,,,,,,,,
1642938,Curtis,Jones,,,,,,,,,,,
2563,Dahntay,Jones,,,USA,,,True,True,False,2003.0,1.0,20.0
1627745,Damian,Jones,,,USA,,,False,False,True,2016.0,1.0,30.0
1800,Damon,Jones,,,USA,,,True,False,False,-1.0,-1.0,-1.0
203199,DeQuan,Jones,,,USA,,,False,True,False,-1.0,-1.0,-1.0
1641794,Dillon,Jones,,,,,,,,,,,
202346,Dominique,Jones,,,USA,,,True,False,False,2010.0,1.0,25.0
963,Dontae',Jones,,,USA,,,False,True,False,1996.0,1.0,21.0
101204,Dwayne,Jones,,,USA,,,False,True,True,-1.0,-1.0,-1.0
77182,Dwight,Jones,,,USA,,,False,True,False,1973.0,1.0,9.0
77183,Earl,Jones,,,USA,,,False,False,True,1984.0,1.0,23.0
224,Eddie,Jones,,,USA,,,True,True,False,1994.0,1.0,10.0
77184,Edgar,Jones,,,USA,,,False,True,False,1979.0,2.0,31.0
2410,Fred,Jones,,,USA,,,True,False,False,2002.0,1.0,14.0
1630529,Herbert,Jones,,,,,,,,,,,
1642403,Isaac,Jones,,,,,,,,,,,
77185,Jake,Jones,,,USA,,,True,False,False,1971.0,6.0,97.0
1627883,Jalen,Jones,,,USA,,,False,True,False,2016.0,"",""
2592,James,Jones,,,USA,,,True,True,False,2003.0,2.0,49.0
1629203,Jemerrio,Jones,,,USA,,,False,True,False,2018.0,"",""
77186,Jimmy,Jones,,,USA,,,True,False,False,1967.0,2.0,13.0
77187,Johnny,Jones,,,USA,,,False,True,False,-1.0,-1.0,-1.0
1908,Jumaine,Jones,,,USA,,,False,True,False,1999.0,1.0,27.0
77188,K.C.,Jones,,,USA,,,True,False,False,1956.0,2.0,""
1630539,Kai,Jones,,,"",,,False,False,True,"","",""
1642880,Kam,Jones,,,,,,,,,,,
203158,Kevin,Jones,,,USA,,,False,True,False,-1.0,-1.0,-1.0
77200,Larry,Jones,,,USA,,,True,False,False,1964.0,3.0,20.0
1626272,Lazeric,Jones,,,"",,,"","","","","",""
77189,Major,Jones,,,USA,,,False,True,False,1976.0,2.0,20.0
2891,Mark,Jones,,,USA,,,True,False,False,1983.0,4.0,82.0
90000,Mark,Jones,,,USA,,,"","","",1983.0,4.0,82.0
1630222,Mason,Jones,,,"",,,"","","","","",""
1628512,Matt,Jones,,,"",,,"","","","","",""
77195,Nick,Jones,,,USA,,,True,False,False,1967.0,3.0,31.0
77191,Ozell,Jones,,,USA,,,False,False,True,1984.0,4.0,90.0
461,Popeye,Jones,,,USA,,,False,True,False,1992.0,2.0,41.0
77192,Rich,Jones,,,USA,,,False,True,False,1969.0,5.0,58.0
77194,Robin,Jones,,,USA,,,False,False,True,-1.0,-1.0,-1.0
77196,Sam,Jones,,,USA,,,True,False,False,1957.0,1.0,8.0
204053,Shawn,Jones,,,"",,,"","","","","",""
2652,Shelton,Jones,,,USA,,,False,True,False,1988.0,2.0,27.0
200780,Solomon,Jones,,,USA,,,False,True,False,2006.0,2.0,33.0
1642461,Spencer,Jones,,,,,,,,,,,
77197,Steve,Jones,,,USA,,,True,False,False,-22.0,-22.0,-22.0
196294138,Terrence,Jones,,,"",,,"","","","","",""
203093,Terrence,Jones,,,USA,,,False,True,False,2012.0,1.0,18.0
1641856,Tevian,Jones,,,USA,,,False,False,False,-22.0,-22.0,-22.0
1630200,Tre,Jones,,,,,,,,,,,
1626145,Tyus,Jones,,,,,,false,false,false,,,
77198,Wali,Jones,,,USA,,,True,False,False,1964.0,3.0,18.0
77199,Wallace,Jones,,,USA,,,False,True,False,1949.0,1.0,8.0
77201,Wil,Jones,,,USA,,,False,True,False,1969.0,5.0,69.0
77202,Willie,Jones,,,USA,,,True,False,False,1960.0,5.0,36.0
77203,Willie,Jones,,,USA,,,False,True,False,1982.0,3.0,54.0
1642357,David,Jones Garcia,,,,,,,,,,,
203103,Perry,Jones III,,,USA,,,False,True,False,2012.0,1.0,28.0
1627884,Derrick,Jones Jr.,,,,,,false,false,false,,,
1817,Adonis,Jordan,,,USA,,,True,False,False,1993.0,2.0,42.0
201599,DeAndre,Jordan,,,,,,,,,,,
77205,Eddie,Jordan,,,USA,,,True,False,False,1977.0,2.0,33.0
201185,Jared,Jordan,,,"",,,"","","","","",""
202366,Jerome,Jordan,,,Jamaica,,,False,False,True,2010.0,2.0,44.0
893,Michael,Jordan,,,USA,,,True,False,False,1984.0,1.0,3.0
674,Reggie,Jordan,,,USA,,,True,False,False,-1.0,-1.0,-1.0
77208,Thomas,Jordan,,,USA,,,False,True,False,-1.0,-1.0,-1.0
77209,Walter,Jordan,,,USA,,,False,True,False,1978.0,4.0,84.0
77210,Phil,Jordon,,,USA,,,False,False,True,1956.0,"",""
77211,Johnny,Jorgensen,,,USA,,,True,False,False,-1.0,-1.0,-1.0
77212,Noble,Jorgensen,,,USA,,,False,False,True,-1.0,-1.0,-1.0
77213,Roger,Jorgensen,,,USA,,,False,False,True,-1.0,-1.0,-1.0
202709,Cory,Joseph,,,"",,,True,False,False,"","",""
2123,Garth,Joseph,,,USA,,,False,False,True,-1.0,-1.0,-1.0
203126,Kris,Joseph,,,Canada,,,False,True,False,2012.0,2.0,51.0
77214,Yvon,Joseph,,,USA,,,False,True,False,1985.0,2.0,36.0
589,Kevin,Joss-rauze,,,"",,,"","","","","",""
1627888,Nikola,Jovanovic,,,"",,,"","","","","",""
1631107,Nikola,Jovic,,,,,,false,false,false,,,
27013,Mingxin,Ju,,,"",,,False,True,False,"","",""
1962937728,Mingxing,Ju,,,"",,,False,False,False,"","",""
64141,Mingxu,Ju,,,"",,,False,True,False,"","",""
77215,Jeff,Judkins,,,USA,,,True,False,False,1978.0,2.0,30.0
40079,Goran,Jurak,,,"",,,"","","","","",""
1641864,Keshawn,Justice,,,USA,,,False,False,False,-22.0,-22.0,-22.0
1630548,Johnny,Juzang,,,,,,,,,,,
1629662,Mfiondu,Kabengele,,,Canada,,,False,False,True,2019.0,1.0,27.0
203509,Myck,Kabongo,,,"",,,"","","","","",""
77217,Edwin,Kachan,,,USA,,,True,False,False,1948.0,"",""
203483,Kenny,Kadji,,,"",,,"","","","","",""
77218,George,Kaftan,,,USA,,,False,True,False,1949.0,2.0,""
562,Kakiouzis,Kakiouzis,,,"",,,"","","","","",""
77219,Ed,Kalafat,,,USA,,,False,False,True,1954.0,1.0,9.0
1630686,Georgios,Kalaitzakis,,,Greece,,,False,True,False,2021.0,2.0,60.0
1641750,Ryan,Kalkbrenner,,,,,,,,,,,
40083,Mantas,Kalnietis,,,"",,,"","","","","",""
2549,Chris,Kaman,,,USA,,,False,False,True,2003.0,1.0,6.0
1626163,Frank,Kaminsky,,,,,,false,false,false,,,
1629226,Ismaila,Kane,,,"",,,"","","","","",""
56058,Kristjan,Kangur,,,"",,,"","","","","",""
77221,Ralph,Kaplowitz,,,USA,,,True,False,False,-1.0,-1.0,-1.0
2574,Jason,Kapono,,,USA,,,False,True,False,2003.0,2.0,31.0
77222,Tony,Kappen,,,USA,,,True,False,False,-1.0,-1.0,-1.0
56009,Ilkan,Karaman,,,"",,,"","","","","",""
203508,Sergey,Karasev,,,Russia,,,True,True,False,2013.0,1.0,19.0
2077,Mark,Karcher,,,"",,,"","","","","",""
201207,Coby,Karl,,,USA,,,True,False,False,-1.0,-1.0,-1.0
77223,George,Karl,,,USA,,,True,False,False,1973.0,4.0,66.0
77225,Ed,Kasid,,,USA,,,True,False,False,-1.0,-1.0,-1.0
563,Kasun,Kasun,,,"",,,"","","","","",""
2435,Mario,Kasun,,,Croatia,,,False,False,True,2002.0,2.0,40.0
56060,Mario,Kasun,,,"",,,"","","","","",""
77226,Leo,Katkaveck,,,USA,,,True,False,False,1948.0,"",""
77227,Bob,Kauffman,,,USA,,,False,True,False,1968.0,1.0,3.0
41536,Rimantas,Kaukenas,,,"",,,"","","","","",""
9003,Alexander,Kaun,,,"",,,"","","","","",""
201619,Sasha,Kaun,,,Russia,,,False,False,True,2008.0,2.0,56.0
42578,Sasha,Kaun,,,"",,,"","","","","",""
77228,Wilbert,Kautz,,,USA,,,True,False,False,-1.0,-1.0,-1.0
42555,Antanas,Kavaliauskas,,,"",,,"","","","","",""
1642530,Yuki,Kawamura,,,,,,,,,,,
64034,Nick,Kay,,,"",,,"","","","","",""
203529,Arsalan,Kazemi,,,"",,,"","","","","",""
77229,Clarence,Kea,,,USA,,,False,True,False,1980.0,8.0,169.0
77230,Michael,Kearns,,,USA,,,True,False,False,1951.0,5.0,48.0
77231,Tommy,Kearns,,,USA,,,True,False,False,1958.0,4.0,29.0
41204,Dusan,Kecman,,,"",,,"","","","","",""
228,Adam,Keefe,,,USA,,,False,True,False,1992.0,1.0,10.0
77233,Harold,Keeling,,,USA,,,True,False,False,1985.0,3.0,63.0
1631211,Trevor,Keels,,,,,,,,,,,
202076,Thomas,Kelati,,,"",,,"","","","","",""
77234,Ken,Keller,,,USA,,,"","","",-1.0,-1.0,-1.0
1630283,Kylor,Kelley,,,"",,,False,False,True,"","",""
77235,Rich,Kelley,,,USA,,,False,False,True,1975.0,1.0,7.0
201645,Tre,Kelley,,,"",,,"","","","","",""
77236,Clark,Kellogg,,,USA,,,False,True,False,1982.0,1.0,8.0
77237,Gerard,Kelly,,,USA,,,False,True,False,-1.0,-1.0,-1.0
1642939,Miles,Kelly,,,,,,,,,,,
203527,Ryan,Kelly,,,USA,,,False,True,False,2013.0,2.0,48.0
77238,Tom,Kelly,,,USA,,,True,False,False,1948.0,"",""
196294575,Dom,Kelman-Poto,,,"",,,"","","","","",""
77239,Greg,Kelser,,,USA,,,False,True,False,1979.0,1.0,4.0
77240,Ben,Kelso,,,USA,,,True,False,False,1973.0,8.0,129.0
431,Shawn,Kemp,,,USA,,,False,True,False,1989.0,1.0,17.0
1118,Tim,Kempton,,,USA,,,False,False,True,1986.0,6.0,124.0
1629186,Tiwian,Kendley,,,"",,,"","","","","",""
77242,Frank,Kendrick,,,USA,,,False,True,False,1974.0,3.0,47.0
1628379,Luke,Kennard,,,,,,,,,,,
202810,D.J.,Kennedy,,,USA,,,True,True,False,-1.0,-1.0,-1.0
77243,Eugene,Kennedy,,,USA,,,False,False,False,1971.0,9.0,139.0
77244,Joe,Kennedy,,,USA,,,False,True,False,1968.0,10.0,122.0
77245,William,Kennedy,,,USA,,,True,False,False,1960.0,2.0,15.0
77246,Larry,Kenon,,,USA,,,False,True,False,1973.0,3.0,50.0
77247,Bill,Kenville,,,USA,,,True,False,False,1953.0,"",""
27017,Matthew,Kenyon,,,"",,,"","","","","",""
1801,Jonathan,Kerner,,,USA,,,False,False,True,-1.0,-1.0,-1.0
77248,Johnny,Kerr,,,USA,,,False,False,True,1954.0,1.0,6.0
70,Steve,Kerr,,,USA,,,True,False,False,1988.0,2.0,50.0
77249,Jack,Kerris,,,USA,,,False,True,False,1949.0,1.0,9.0
760,Jerome,Kersey,,,USA,,,"","","",1984.0,2.0,46.0
77251,Alec,Kessler,,,USA,,,False,True,False,1990.0,1.0,12.0
1631117,Walker,Kessler,,,,,,,,,,,
1930,Lari,Ketner,,,USA,,,False,True,False,1999.0,2.0,49.0
1630296,Braxton,Key,,,,,,,,,,,
6663954,Viktor,Keyru,,,"",,,"","","","","",""
705,Randolph,Keys,,,USA,,,False,True,False,1988.0,1.0,22.0
202961,Julian,Khazzouh,,,"",,,"","","","","",""
42579,Victor,Khryapa,,,"",,,"","","","","",""
2751,Viktor,Khryapa,,,Russia,,,"","","",2004.0,1.0,22.0
27016,Daniel,Kickert,,,"",,,False,False,False,"","",""
64056,Daniel,Kickert,,,"",,,"","","","","",""
467,Jason,Kidd,,,USA,,,True,False,False,1994.0,1.0,2.0
1629742,Stanton,Kidd,,,USA,,,False,True,False,-1.0,-1.0,-1.0
77254,Warren,Kidd,,,USA,,,False,True,False,-1.0,-1.0,-1.0
203077,Michael,Kidd-Gilchrist,,,USA,,,False,True,False,2012.0,1.0,2.0
77255,Irv,Kiffin,,,USA,,,False,True,False,-1.0,-1.0,-1.0
77256,Jack,Kiley,,,USA,,,True,False,False,1951.0,2.0,13.0
1630248,Sacha,Killeya-Jones,,,USA,,,False,False,False,-22.0,-22.0,-22.0
7003,Marco,Killingsworth,,,"",,,"","","","","",""
77257,Ernie,Killum,,,USA,,,True,False,False,1970.0,2.0,30.0
77258,Carl,Kilpatrick,,,USA,,,False,False,True,1978.0,8.0,158.0
203930,Sean,Kilpatrick,,,USA,,,True,False,False,-1.0,-1.0,-1.0
77259,Toby,Kimball,,,USA,,,False,True,False,1965.0,3.0,26.0
77260,Bo,Kimble,,,USA,,,True,False,False,1990.0,1.0,8.0
77261,Stan,Kimbrough,,,USA,,,False,True,False,-1.0,-1.0,-1.0
77262,Chad,Kinch,,,USA,,,True,False,False,1980.0,1.0,22.0
77263,Albert,King,,,USA,,,False,True,False,1981.0,1.0,10.0
43197,Alex,King,,,"",,,False,False,False,"","",""
77264,Bernard,King,,,USA,,,False,True,False,1977.0,1.0,7.0
12,Chris,King,,,USA,,,False,True,False,1992.0,2.0,45.0
77266,Dan,King,,,USA,,,False,False,False,-22.0,-22.0,-22.0
701,Frankie,King,,,USA,,,True,False,False,1995.0,2.0,37.0
1628994,George,King,,,,,,,,,,,
77268,George,King,,,USA,,,True,False,False,1950.0,8.0,""
1562,Gerard,King,,,USA,,,False,True,False,-1.0,-1.0,-1.0
77270,Jim,King,,,USA,,,True,False,False,1963.0,2.0,13.0
728,Jimmy,King,,,USA,,,True,False,False,1995.0,2.0,35.0
1629663,Louis,King,,,USA,,,False,True,False,-1.0,-1.0,-1.0
77272,Maury,King,,,USA,,,True,False,False,1957.0,6.0,48.0
196295059,Mojave,King,,,"",,,"","","","","",""
1629165,Nick,King,,,"",,,"","","","","",""
77273,Reggie,King,,,USA,,,False,True,False,1979.0,1.0,18.0
1101,Rich,King,,,USA,,,False,False,True,1991.0,1.0,14.0
351,Stacey,King,,,USA,,,False,True,True,1989.0,1.0,6.0
77276,Tom,King,,,USA,,,True,False,False,-1.0,-1.0,-1.0
1629722,V.J.,King,,,"",,,"","","","","",""
77277,Bob,Kinney,,,USA,,,False,False,True,-22.0,-22.0,-22.0
1641795,Taevion,Kinsey,,,,,,,,,,,
200814,Tarence,Kinsey,,,USA,,,True,False,False,-1.0,-1.0,-1.0
1905,Andrei,Kirilenko,,,Russia,,,False,True,False,1999.0,1.0,24.0
203945,Alex,Kirk,,,USA,,,False,False,True,-1.0,-1.0,-1.0
77278,Walt,Kirk,,,USA,,,True,False,False,-22.0,-22.0,-22.0
1630557,Corey,Kispert,,,,,,,,,,,
77279,Doug,Kistler,,,USA,,,False,True,False,1961.0,3.0,26.0
77280,Curtis,Kitchen,,,USA,,,False,True,False,1986.0,6.0,122.0
1123,Greg,Kite,,,USA,,,False,False,True,1983.0,1.0,21.0
954,Kerry,Kittles,,,USA,,,True,False,False,1996.0,1.0,8.0
1628467,Maxi,Kleber,,,,,,,,,,,
170,Joe,Kleine,,,USA,,,False,False,True,1985.0,1.0,6.0
101132,Linas,Kleiza,,,Lithuania,,,False,True,False,2005.0,1.0,27.0
267622,Linas,Kleiza,,,"",,,"","","","","",""
42536,Linas,Kleiza,,,"",,,"","","","","",""
196295098,Thomas,Klepeisz,,,"",,,"","","","","",""
77283,Leo,Klier,,,USA,,,True,False,False,-1.0,-1.0,-1.0
1641752,Bobi,Klintman,,,,,,,,,,,
196294560,Bobi,Klintman,,,"",,,False,True,False,"","",""
77284,Herm,Klotz,,,USA,,,True,False,False,-1.0,-1.0,-1.0
77285,Duane,Klueh,,,USA,,,True,False,False,1949.0,8.0,""
1642261,Dalton,Knecht,,,,,,,,,,,
77290,Billy,Knight,,,USA,,,False,True,False,1974.0,2.0,21.0
77287,Bob,Knight,,,USA,,,True,True,False,-1.0,-1.0,-1.0
2688,Brandin,Knight,,,USA,,,True,False,False,-1.0,-1.0,-1.0
202688,Brandon,Knight,,,USA,,,True,False,False,2011.0,1.0,8.0
1510,Brevin,Knight,,,USA,,,True,False,False,1997.0,1.0,16.0
1630233,Nathan,Knight,,,USA,,,False,True,True,-22.0,-22.0,-22.0
1861,Negele,Knight,,,USA,,,True,False,False,1990.0,2.0,31.0
77288,Ron,Knight,,,USA,,,False,True,False,1970.0,5.0,76.0
77289,Toby,Knight,,,USA,,,False,True,False,1977.0,2.0,32.0
969,Travis,Knight,,,USA,,,False,False,True,1996.0,1.0,29.0
77291,Lee,Knorek,,,USA,,,False,False,True,-1.0,-1.0,-1.0
77292,Dick,Knostman,,,USA,,,False,False,True,1953.0,"",""
77293,Rod,Knowles,,,USA,,,False,False,True,1968.0,6.0,77.0
1628995,Kevin,Knox II,,,"",,,"","","","","",""
1642851,Kon,Knueppel,,,,,,false,false,false,,,
1628460,Bronson,Koenig,,,"",,,"","","","","",""
77294,Bart,Kofoed,,,USA,,,False,True,False,1987.0,5.0,107.0
77295,Don,Kojis,,,USA,,,False,True,False,1961.0,2.0,21.0
42566,Uri,Kokia,,,"",,,"","","","","",""
1642278,Tyler,Kolek,,,,,,,,,,,
1631132,Christian,Koloko,,,,,,,,,,,
77296,Milo,Komenich,,,USA,,,False,False,True,-1.0,-1.0,-1.0
77297,Howard,Komives,,,USA,,,True,False,False,1964.0,2.0,13.0
1628996,Sagaba,Konate,,,"",,,"","","","","",""
402,Jon,Koncak,,,USA,,,False,False,True,1985.0,1.0,5.0
1629723,John,Konchar,,,,,,,,,,,
77299,Bud,Koper,,,USA,,,True,False,False,1964.0,2.0,14.0
1962937546,Daniel,Koperberg,,,"",,,"","","","","",""
64010,Daniel,Koperberg,,,"",,,False,False,True,"","",""
77300,Joe,Kopicki,,,USA,,,False,True,False,1982.0,3.0,56.0
1642046,Miller,Kopp,,,,,,,,,,,
196295489,Tom,Koppens,,,,,,,,,,,
1627788,Furkan,Korkmaz,,,Turkey,,,True,True,False,2016.0,1.0,26.0
77301,Frank,Kornet,,,USA,,,False,True,False,1989.0,2.0,30.0
1628436,Luke,Kornet,,,,,,,,,,,
101117,Yaroslav,Korolev,,,Russia,,,False,True,False,2005.0,1.0,12.0
2594,Kyle,Korver,,,USA,,,True,True,False,2003.0,2.0,51.0
203262,Mac,Koshwal,,,"",,,"","","","","",""
77302,Len,Kosmalski,,,USA,,,False,False,True,1974.0,2.0,24.0
77303,Andy,Kostecka,,,USA,,,False,False,False,-22.0,-22.0,-22.0
77304,Harold,Kottman,,,USA,,,False,False,True,-22.0,-22.0,-22.0
201585,Kosta,Koufos,,,USA,,,False,False,True,2008.0,1.0,23.0
1629746,Christ,Koumadje,,,"",,,"","","","","",""
77305,Tom,Kozelko,,,USA,,,False,True,False,1973.0,3.0,48.0
42567,Ido,Kozikaro,,,"",,,"","","","","",""
56088,Ido,Kozikaro,,,"",,,"","","","","",""
77306,Arvid,Kramer,,,USA,,,False,False,True,1979.0,3.0,45.0
77307,Barry,Kramer,,,USA,,,False,True,False,1964.0,1.0,6.0
202423,Chris,Kramer,,,"",,,"","","","","",""
1629749,David,Kramer,,,"",,,"","","","","",""
77308,Joel,Kramer,,,USA,,,False,True,False,1978.0,3.0,63.0
516,Sergey,Krasnikov,,,"",,,"","","","","",""
77309,Dan,Kraus,,,USA,,,True,False,False,1948.0,"",""
77310,Herb,Krautblatt,,,USA,,,True,False,False,1948.0,"",""
203139,Viacheslav,Kravtsov,,,Ukraine,,,False,False,True,-1.0,-1.0,-1.0
77311,Jim,Krebs,,,USA,,,False,False,True,1957.0,1.0,3.0
196295485,Tanner,Krebs,,,,,,,,,,,
1630249,Vit,Krejci,,,,,,,,,,,
77312,Wayne,Kreklow,,,USA,,,True,False,False,1979.0,3.0,53.0
77313,Tom,Kron,,,USA,,,True,False,False,1966.0,3.0,24.0
77314,Tom,Kropp,,,USA,,,True,False,False,1975.0,3.0,48.0
196295487,Fabijan,Krslovic,,,,,,,,,,,
2420,Nenad,Krstic,,,Serbia,,,False,False,True,2002.0,1.0,24.0
42580,Nenad,Krstic,,,"",,,"","","","","",""
201226,Kevin,Kruger,,,"",,,"","","","","",""
1474,Larry,Krystkowiak,,,USA,,,False,True,False,1986.0,2.0,28.0
77316,Steve,Kuberski,,,USA,,,False,True,False,1969.0,4.0,52.0
77317,Leo,Kubiak,,,USA,,,True,False,False,1948.0,"",""
77318,Bruce,Kuczenski,,,USA,,,False,True,False,1983.0,3.0,59.0
77319,Frank,Kudelka,,,USA,,,True,False,False,-1.0,-1.0,-1.0
77320,John,Kuester,,,USA,,,True,False,False,1977.0,3.0,53.0
1631339,Tommy,Kuhse,,,USA,,,False,False,False,-22.0,-22.0,-22.0
77322,Ray,Kuka,,,USA,,,False,True,False,-1.0,-1.0,-1.0
389,Toni,Kukoc,,,Croatia,,,False,True,False,1990.0,2.0,29.0
1629083,Arnoldas,Kulboka,,,Lithuania,,,False,True,False,2018.0,2.0,55.0
1630228,Jonathan,Kuminga,,,,,,,,,,,
77323,Kevin,Kunnert,,,USA,,,False,False,True,1973.0,1.0,12.0
196294562,Bul,Kuol,,,"",,,False,True,False,"","",""
77324,Mitch,Kupchak,,,USA,,,False,True,False,1976.0,1.0,13.0
77325,Charles,Kupec,,,USA,,,False,False,True,1975.0,4.0,56.0
586,Ermal,Kuqo,,,"",,,"","","","","",""
527,Kurbanov,Kurbanov,,,"",,,"","","","","",""
9005,Nikita,Kurbanov,,,"",,,"","","","","",""
580,Ermal,Kurtoglu,,,"",,,"","","","","",""
1629066,Rodions,Kurucs,,,Latvia,,,False,True,False,2018.0,2.0,40.0
201633,Rob,Kurz,,,USA,,,False,True,False,-1.0,-1.0,-1.0
40056,Davor,Kus,,,"",,,"","","","","",""
2825,Ibrahim,Kutluay,,,Turkey,,,True,False,False,-1.0,-1.0,-1.0
1628398,Kyle,Kuzma,,,,,,false,false,false,,,
203136,Ognjen,Kuzmic,,,Serbia,,,False,False,True,2012.0,2.0,52.0
1627851,Mindaugas,Kuzminskas,,,Lithuania,,,False,True,False,-1.0,-1.0,-1.0
1966938145,Obi,Kyei,,,"",,,"","","","","",""
1626252,Michale,Kyser,,,"",,,"","","","","",""
77327,Fred,LaCour,,,USA,,,True,False,False,1960.0,3.0,22.0
1711,Raef,LaFrentz,,,USA,,,False,True,True,1998.0,1.0,3.0
77328,Tom,LaGarde,,,USA,,,False,False,True,1977.0,1.0,9.0
1631222,Jake,LaRavia,,,,,,false,false,false,,,
1601,Rusty,LaRue,,,USA,,,False,False,False,-22.0,-22.0,-22.0
77340,Rudy,LaRusso,,,USA,,,False,True,False,1959.0,2.0,10.0
203897,Zach,LaVine,,,,,,false,false,false,,,
56089,Sean,Labanowski,,,"",,,"","","","","",""
1627746,Skal,Labissiere,,,,,,,,,,,
77326,Sam,Lacey,,,USA,,,False,False,True,1970.0,1.0,5.0
363,Christian,Laettner,,,USA,,,False,True,True,1992.0,1.0,3.0
201802,Oliver,Lafayette,,,USA,,,True,False,False,-1.0,-1.0,-1.0
100263,Bill,Laimbeer,,,USA,,,False,False,True,1979.0,3.0,65.0
8004,Jaka,Lakovic,,,"",,,"","","","","",""
564,Lakovic,Lakovic,,,"",,,"","","","","",""
77329,Pete,Lalich,,,USA,,,False,True,False,-1.0,-1.0,-1.0
77330,Bo,Lamar,,,USA,,,True,False,False,1973.0,3.0,44.0
1630237,Anthony,Lamb,,,,,,false,false,false,,,
196294577,Anthony,Lamb,,,"",,,"","","","","",""
203117,Doron,Lamb,,,USA,,,True,False,False,2012.0,2.0,42.0
203087,Jeremy,Lamb,,,USA,,,True,True,False,2012.0,1.0,12.0
77331,John,Lambert,,,USA,,,False,False,True,1975.0,1.0,15.0
101254,Herve,Lamizana,,,"",,,"","","","","",""
77332,Jeff,Lamp,,,USA,,,True,False,False,1981.0,1.0,15.0
2573,Maciej,Lampe,,,Poland,,,False,True,False,2003.0,2.0,30.0
41631,Maciej,Lampe,,,"",,,"","","","","",""
77333,Jim,Lampley,,,USA,,,False,True,False,1983.0,5.0,102.0
2253,Sean,Lampley,,,USA,,,False,True,False,2001.0,2.0,44.0
1629111,Jock,Landale,,,,,,false,false,false,,,
43192,Sylven,Landesberg,,,"",,,"","","","","",""
7004,Sylven,Landesberg,,,"",,,"","","","","",""
201171,Carl,Landry,,,USA,,,False,True,False,2007.0,2.0,31.0
202068,Marcus,Landry,,,USA,,,False,True,False,-1.0,-1.0,-1.0
77334,Mark,Landsberger,,,USA,,,False,True,False,1977.0,2.0,35.0
77335,Jerome,Lane,,,USA,,,False,True,False,1988.0,1.0,23.0
457,Andrew,Lang,,,USA,,,False,False,True,1988.0,2.0,28.0
226,Antonio,Lang,,,USA,,,False,True,False,1994.0,2.0,29.0
2591,James,Lang,,,USA,,,False,False,True,2003.0,2.0,48.0
2646,Kris,Lang,,,"",,,"","","","","",""
1892,Trajan,Langdon,,,USA,,,"","","",1999.0,1.0,11.0
528,Trajan,Langdon,,,"",,,"","","","","",""
9006,Trajan,Langdon,,,"",,,"","","","","",""
101247,Keith,Langford,,,USA,,,True,False,False,-1.0,-1.0,-1.0
1629641,Romeo,Langford,,,USA,,,True,True,False,2019.0,1.0,14.0
2061,Dan,Langhi,,,USA,,,False,True,False,2000.0,2.0,31.0
600005,Bob,Lanier,,,USA,,,False,False,True,1970.0,1.0,1.0
1642404,Chaz,Lanier,,,,,,,,,,,
77338,Stu,Lantz,,,USA,,,True,False,False,1968.0,3.0,23.0
1627879,Nicolas,Laprovittola,,,Argentina,,,True,False,False,-1.0,-1.0,-1.0
43213,Nicolas,Laprovittola,,,"",,,False,False,False,"","",""
77339,York,Larese,,,USA,,,True,False,False,1961.0,2.0,20.0
203499,Shane,Larkin,,,USA,,,True,False,False,2013.0,1.0,18.0
1962937932,Nelson,Larkins,,,"",,,"","","","","",""
1629097,Terry,Larrier,,,"",,,"","","","","",""
1641796,Pelle,Larsson,,,,,,,,,,,
77341,John,Laskowski,,,USA,,,True,False,False,1975.0,2.0,32.0
201186,Stephane,Lasme,,,Gabon,,,False,True,False,2007.0,2.0,46.0
41629,Stephane,Lasme,,,"",,,"","","","","",""
77342,Dave,Lattin,,,USA,,,False,True,False,1967.0,1.0,10.0
203193,Dallas,Lauderdale,,,"",,,"","","","","",""
968,Priest,Lauderdale,,,USA,,,False,False,True,1996.0,1.0,28.0
77344,Rich,Laurel,,,USA,,,True,False,False,1977.0,1.0,19.0
77345,Walt,Lautenbach,,,USA,,,False,True,False,-1.0,-1.0,-1.0
203530,Joffrey,Lauvergne,,,France,,,False,False,True,2013.0,2.0,55.0
77346,Tony,Lavelli,,,USA,,,False,True,False,1949.0,1.0,4.0
64011,Guy,Lavie,,,"",,,"","","","","",""
77347,Bob,Lavoy,,,USA,,,False,True,False,1950.0,1.0,8.0
41537,Darjus,Lavrinovic,,,"",,,"","","","","",""
201151,Acie,Law,,,USA,,,True,False,False,2007.0,1.0,11.0
1629724,Vic,Law,,,USA,,,False,True,False,-1.0,-1.0,-1.0
202371,Gani,Lawal,,,USA,,,False,True,False,2010.0,2.0,46.0
77348,Ed,Lawrence,,,USA,,,False,False,True,1976.0,5.0,84.0
1630639,A.J.,Lawson,,,,,,,,,,,
1629664,Dedric,Lawson,,,"",,,"","","","","",""
1535,Jason,Lawson,,,USA,,,False,False,True,1997.0,2.0,41.0
201951,Ty,Lawson,,,USA,,,True,False,False,2009.0,1.0,18.0
1627774,Jake,Layman,,,USA,,,False,True,False,2016.0,2.0,47.0
77350,Dennis,Layton,,,USA,,,True,False,False,1971.0,3.0,48.0
202175,Darnell,Lazare,,,"",,,"","","","","",""
196294568,Izayah,Le'Afa,,,"",,,"","","","","",""
1627747,Caris,LeVert,,,,,,,,,,,
1628388,T.J.,Leaf,,,USA,,,False,True,False,2017.0,1.0,18.0
77351,Emanuel,Leaks,,,USA,,,False,False,True,1968.0,2.0,20.0
77352,Hal,Lear,,,USA,,,True,False,False,1956.0,1.0,7.0
77353,Allen,Leavell,,,USA,,,True,False,False,1979.0,5.0,104.0
77354,Jeff,Lebo,,,USA,,,False,True,False,-22.0,-22.0,-22.0
56066,Luca,Lechthaler,,,"",,,"","","","","",""
287,Eric,Leckner,,,USA,,,False,False,True,1988.0,1.0,17.0
1629665,Jalen,Lecque,,,USA,,,True,False,False,-1.0,-1.0,-1.0
196294088,Alex,Leder,,,"",,,"","","","","",""
196294590,Alex,Leder,,,"",,,"","","","","",""
203495,Ricky,Ledo,,,USA,,,True,False,False,2013.0,2.0,43.0
77356,Butch,Lee,,,USA,,,True,False,False,1978.0,1.0,10.0
200830,Charles,Lee,,,"",,,"","","","","",""
77357,Clyde,Lee,,,USA,,,False,True,False,1966.0,1.0,3.0
201584,Courtney,Lee,,,USA,,,True,False,False,2008.0,1.0,22.0
1627814,Damion,Lee,,,"",,,"","","","","",""
101135,David,Lee,,,USA,,,False,True,True,2005.0,1.0,30.0
77358,Doug,Lee,,,USA,,,True,False,False,1987.0,2.0,35.0
77359,George,Lee,,,USA,,,False,True,False,1959.0,4.0,24.0
77360,Greg,Lee,,,USA,,,True,False,False,1974.0,7.0,115.0
77361,Keith,Lee,,,USA,,,False,True,False,1985.0,1.0,11.0
77362,Kurk,Lee,,,USA,,,True,False,False,-1.0,-1.0,-1.0
202723,Malcolm,Lee,,,USA,,,False,False,False,2011.0,2.0,43.0
1629159,Marcus,Lee,,,"",,,"","","","","",""
203588,Michael,Lee,,,"",,,"","","","","",""
77363,Rock,Lee,,,USA,,,False,False,True,-1.0,-1.0,-1.0
77364,Ron,Lee,,,USA,,,True,False,False,1976.0,1.0,10.0
77365,Russell,Lee,,,USA,,,False,True,False,1972.0,1.0,6.0
1630240,Saben,Lee,,,USA,,,True,False,False,2020.0,2.0,38.0
77366,Ed,Leede,,,USA,,,True,False,False,-22.0,-22.0,-22.0
77367,Hank,Lefkowitz,,,USA,,,False,True,False,-1.0,-1.0,-1.0
100,Tim,Legler,,,USA,,,True,False,False,-1.0,-1.0,-1.0
77369,George,Lehmann,,,USA,,,True,False,False,-1.0,-1.0,-1.0
1627215,Walt,Lemon Jr.,,,USA,,,True,False,False,2014.0,"",""
203458,Alex,Len,,,,,,,,,,,
702,Voshon,Lenard,,,USA,,,True,False,False,1994.0,2.0,46.0
77371,Bob,Leonard,,,USA,,,True,False,False,1954.0,2.0,10.0
77370,Gary,Leonard,,,USA,,,False,False,True,1989.0,2.0,34.0
202695,Kawhi,Leonard,,,,,,false,false,false,,,
203086,Meyers,Leonard,,,USA,,,False,True,True,2012.0,1.0,11.0
196294605,Matheus,Leoni,,,"",,,"","","","","",""
1642502,Malevy,Leons,,,,,,,,,,,
77372,Jim,Les,,,USA,,,True,False,False,1986.0,3.0,70.0
41215,Sava,Lesic,,,"",,,"","","","","",""
203466,CJ,Leslie,,,"",,,"","","","","",""
202727,Travis,Leslie,,,USA,,,"","","",2011.0,2.0,47.0
77373,Ronnie,Lester,,,USA,,,True,False,False,1980.0,1.0,10.0
77374,Clifford,Lett,,,USA,,,True,False,False,-1.0,-1.0,-1.0
202720,Jon,Leuer,,,USA,,,False,True,False,2011.0,2.0,40.0
77375,Andrew,Levane,,,USA,,,False,True,False,-1.0,-1.0,-1.0
77376,Lafayette,Lever,,,USA,,,True,False,False,1982.0,1.0,11.0
101256,Anthony,Lever-Pedroza,,,"",,,"","","","","",""
77377,Cliff,Levingston,,,USA,,,False,True,False,1982.0,1.0,9.0
77385,Bobby,Lewis,,,USA,,,True,False,False,1967.0,4.0,39.0
736,Cedric,Lewis,,,USA,,,False,True,False,-1.0,-1.0,-1.0
77379,Fred,Lewis,,,USA,,,False,True,False,-1.0,-1.0,-1.0
77380,Freddie,Lewis,,,USA,,,True,False,False,1966.0,10.0,88.0
77381,Grady,Lewis,,,USA,,,False,True,False,-1.0,-1.0,-1.0
196294089,Jordan,Lewis,,,"",,,"","","","","",""
1631171,Justin,Lewis,,,USA,,,False,True,False,-1.0,-1.0,-1.0
40023,Larry,Lewis,,,"",,,"","","","","",""
1641831,Malique,Lewis,,,,,,false,false,false,,,
729,Martin,Lewis,,,USA,,,False,True,False,1995.0,2.0,50.0
1630665,Matt,Lewis,,,USA,,,False,False,False,-22.0,-22.0,-22.0
1641721,Maxwell,Lewis,,,"",,,False,True,False,"","",""
1900,Quincy,Lewis,,,USA,,,True,True,False,1999.0,1.0,19.0
77383,Ralph,Lewis,,,USA,,,True,False,False,1985.0,6.0,139.0
1740,Rashard,Lewis,,,USA,,,False,True,False,1998.0,2.0,32.0
77384,Reggie,Lewis,,,USA,,,True,False,False,1987.0,1.0,22.0
1630575,Scottie,Lewis,,,USA,,,True,False,False,2021.0,2.0,56.0
1629163,Trey,Lewis,,,"",,,"","","","","",""
1630184,Kira,Lewis Jr.,,,USA,,,True,False,False,2020.0,1.0,13.0
1966938125,Gen,Li,,,"",,,"","","","","",""
1962937759,Cai,Liang,,,"",,,False,False,False,"","",""
64091,Cai,Liang,,,"",,,"","","","","",""
77386,Marcus,Liberty,,,USA,,,False,True,False,1990.0,2.0,42.0
77387,Todd,Lichti,,,USA,,,True,False,False,1989.0,1.0,15.0
1630604,E.J.,Liddell,,,,,,,,,,,
202732,DeAndre,Liggins,,,USA,,,True,False,False,2011.0,2.0,53.0
203558,David,Lighty,,,"",,,"","","","","",""
77388,Bill,Ligon,,,USA,,,True,False,False,1974.0,10.0,175.0
203081,Damian,Lillard,,,,,,,,,,,
41622,Raviv,Limonad,,,"",,,"","","","","",""
202391,Jeremy,Lin,,,USA,,,True,False,False,-1.0,-1.0,-1.0
77389,Steve,Lingenfelter,,,USA,,,False,True,False,1981.0,2.0,44.0
43185,Nate,Linhart,,,"",,,"","","","","",""
1962937735,Kevin,Lisch,,,"",,,False,False,False,"","",""
64054,Kevin,Lisch,,,"",,,"","","","","",""
175,Alton,Lister,,,USA,,,False,True,True,1981.0,1.0,21.0
1629642,Nassir,Little,,,USA,,,True,True,False,2019.0,1.0,25.0
1966938179,Fengbo,Liu,,,"",,,"","","","","",""
21012,Wei,Liu,,,"",,,"","","","","",""
21011,Xiaoyu,Liu,,,"",,,"","","","","",""
64114,Xiaoyu,Liu,,,"",,,"","","","","",""
1641726,Dereck,Lively II,,,,,,false,false,false,,,
1630587,Isaiah,Livers,,,,,,,,,,,
1641753,Chris,Livingston,,,,,,,,,,,
1626269,Denzel,Livingston,,,"",,,"","","","","",""
988,Randy,Livingston,,,USA,,,True,False,False,1996.0,2.0,42.0
2733,Shaun,Livingston,,,USA,,,True,False,False,2004.0,1.0,4.0
77392,Ron,Livingstone,,,USA,,,False,False,True,1949.0,1.0,6.0
1024,Horacio,Llamas,,,USA,,,False,False,True,-1.0,-1.0,-1.0
77394,Earl,Lloyd,,,USA,,,False,True,False,1950.0,9.0,""
77395,Lewis,Lloyd,,,USA,,,True,False,False,1981.0,4.0,76.0
77396,Scott,Lloyd,,,USA,,,False,False,True,1976.0,2.0,24.0
196294541,Sergio,Llull,,,"",,,True,False,False,"","",""
40051,Sergio,Llull,,,"",,,"","","","","",""
41538,Sergio,Llull,,,"",,,"","","","","",""
56056,Sergio,Llull,,,"",,,"","","","","",""
77397,Bob,Lochmueller,,,USA,,,False,True,False,1952.0,1.0,7.0
77398,Robert,Lock,,,USA,,,False,True,False,1988.0,3.0,51.0
203556,Trent,Lockett,,,"",,,"","","","","",""
77399,Darrell,Lockhart,,,USA,,,False,True,False,1983.0,2.0,35.0
1100,Ian,Lockhart,,,USA,,,False,True,False,-1.0,-1.0,-1.0
77401,Kevin,Loder,,,USA,,,False,True,False,1981.0,1.0,17.0
1966938182,Robert,Loe,,,"",,,False,False,True,"","",""
77402,Don,Lofgran,,,USA,,,False,True,False,1950.0,1.0,11.0
1629155,Zach,Lofton,,,USA,,,True,False,False,-1.0,-1.0,-1.0
1631254,Kenneth,Lofton Jr.,,,USA,,,False,True,False,-1.0,-1.0,-1.0
11250,David,Logan,,,"",,,"","","","","",""
77403,Johnny,Logan,,,USA,,,True,False,False,-1.0,-1.0,-1.0
38,Brad,Lohaus,,,USA,,,False,True,True,1987.0,2.0,45.0
1609,Art,Long,,,USA,,,False,True,False,-22.0,-22.0,-22.0
3,Grant,Long,,,USA,,,False,False,False,1988.0,2.0,33.0
1381,John,Long,,,USA,,,True,False,False,1978.0,2.0,29.0
77406,Paul,Long,,,USA,,,True,False,False,1967.0,5.0,45.0
1627848,Shawn,Long,,,USA,,,False,True,False,-1.0,-1.0,-1.0
201848,Longar,Longar,,,"",,,"","","","","",""
26,Luc,Longley,,,USA,,,False,False,True,1991.0,1.0,7.0
201731,Kurt,Looby,,,"",,,"","","","","",""
1626172,Kevon,Looney,,,,,,false,false,false,,,
201572,Brook,Lopez,,,,,,,,,,,
1732,Felipe,Lopez,,,Dominican Republic,,,True,True,False,1998.0,1.0,24.0
196295054,Karim,Lopez,,,"",,,"","","","","",""
52602,Lautaro,Lopez,,,"",,,"","","","","",""
2221,Raul,Lopez,,,Spain,,,True,False,False,2001.0,1.0,24.0
40052,Raul,Lopez,,,"",,,"","","","","",""
42557,Raul,Lopez,,,"",,,"","","","","",""
201577,Robin,Lopez,,,USA,,,False,False,True,2008.0,1.0,15.0
101151,Erazem,Lorbek,,,"",,,"","","","","",""
40029,Erazem,Lorbek,,,"",,,"","","","","",""
56025,Erazem,Lorbek,,,"",,,"","","","","",""
8005,Erazem,Lorbek,,,"",,,"","","","","",""
43212,Danielzinho,Lorio,,,"",,,"","","","","",""
943,Ryan,Lorthridge,,,USA,,,True,False,False,-1.0,-1.0,-1.0
77409,Jim,Loscutoff,,,USA,,,False,True,False,1955.0,1.0,3.0
77410,Plummer,Lott,,,USA,,,False,True,False,1967.0,5.0,54.0
77411,Kevin,Loughery,,,USA,,,True,False,False,1962.0,2.0,11.0
1629712,Didi,Louzada,,,Brazil,,,True,False,False,2019.0,2.0,35.0
196294608,Didi,Louzada,,,"",,,False,True,False,"","",""
77412,Bob,Love,,,USA,,,False,True,False,1965.0,4.0,33.0
1631126,Caleb,Love,,,,,,,,,,,
201567,Kevin,Love,,,,,,,,,,,
77413,Stan,Love,,,USA,,,False,True,False,1971.0,1.0,9.0
77414,Clyde,Lovellette,,,USA,,,False,False,True,1952.0,1.0,9.0
1643133,Lawson,Lovering,,,,,,,,,,,
7005,Derrick,Low,,,"",,,"","","","","",""
77415,Sidney,Lowe,,,USA,,,True,False,False,1983.0,2.0,25.0
77416,Chuck,Lowery,,,USA,,,True,False,False,1971.0,8.0,125.0
200768,Kyle,Lowry,,,,,,,,,,,
1628070,Jordan,Loyd,,,USA,,,True,False,False,-1.0,-1.0,-1.0
1966938209,Jo,Lual-Acuil Jr,,,"",,,False,True,False,"","",""
77417,Al,Lucas,,,USA,,,False,True,False,-1.0,-1.0,-1.0
201251,Jamon,Lucas,,,"",,,"","","","","",""
77418,Jerry,Lucas,,,USA,,,False,True,False,-22.0,-22.0,-22.0
77419,John,Lucas,,,USA,,,True,False,False,1976.0,1.0,1.0
203564,Kalin,Lucas,,,USA,,,True,False,False,-1.0,-1.0,-1.0
77420,Maurice,Lucas,,,USA,,,False,True,False,1974.0,1.0,14.0
101249,John,Lucas III,,,USA,,,True,False,False,-1.0,-1.0,-1.0
41212,Vladimir,Lucic,,,"",,,"","","","","",""
77421,Ted,Luckenbill,,,USA,,,False,True,False,1961.0,2.0,15.0
1731,Tyronn,Lue,,,USA,,,True,False,False,1998.0,1.0,23.0
1642961,RJ,Luis Jr.,,,,,,,,,,,
77422,Jim,Luisi,,,USA,,,True,False,False,1951.0,6.0,56.0
77423,Al,Lujack,,,USA,,,False,True,False,-1.0,-1.0,-1.0
44034,Mindaugas,Lukauskis,,,"",,,"","","","","",""
77424,Phil,Lumpkin,,,USA,,,True,False,False,1974.0,2.0,34.0
77425,Ray,Lumpp,,,USA,,,True,False,False,1948.0,"",""
1630994,Gabriel,Lundberg,,,Denmark,,,True,False,False,-22.0,-22.0,-22.0
1641754,Seth,Lundy,,,USA,,,True,True,False,2023.0,2.0,46.0
1966938129,Hanchen,Luo,,,"",,,"","","","","",""
27001,Xuedong,Luo,,,"",,,False,False,False,"","",""
1627789,Timothe,Luwawu-Cabarrot,,,France,,,True,True,False,2016.0,1.0,24.0
64144,Jhonatan,Luz,,,"",,,"","","","","",""
2677,Kevin,Lyde,,,"",,,"","","","","",""
1628399,Tyler,Lydon,,,USA,,,False,True,False,2017.0,1.0,24.0
1629131,Jairus,Lyles,,,"",,,"","","","","",""
1626168,Trey,Lyles,,,"",,,False,True,False,"","",""
248,George,Lynch,,,USA,,,False,True,False,1993.0,1.0,12.0
77426,Kevin,Lynch,,,USA,,,False,True,False,1991.0,2.0,28.0
77427,Mike,Lynn,,,USA,,,False,True,False,1968.0,4.0,39.0
1627815,Sheldon,Mac,,,USA,,,True,True,False,2016.0,"",""
1928,Todd,MacCulloch,,,Canada,,,False,False,True,1999.0,2.0,47.0
77430,Ronnie,MacGilvray,,,USA,,,True,False,False,1952.0,"",""
931,Don,MacLean,,,USA,,,False,True,False,1992.0,1.0,19.0
77428,Mike,Macaluso,,,USA,,,False,True,False,1973.0,6.0,88.0
77429,Ed,Macauley,,,USA,,,False,False,True,1949.0,"",""
43211,Marcelinho,Machado,,,"",,,False,False,False,"","",""
196294606,Scott,Machado,,,"",,,"","","","","",""
203159,Scott,Machado,,,USA,,,True,False,False,-1.0,-1.0,-1.0
196295483,Malith,Machar,,,,,,,,,,,
101178,Arvydas,Macijauskas,,,Lithuania,,,True,False,False,-1.0,-1.0,-1.0
40082,Jonas,Maciulis,,,"",,,"","","","","",""
6004,Jonas,Maciulis,,,"",,,"","","","","",""
77432,Ollie,Mack,,,USA,,,True,False,False,1979.0,2.0,25.0
694,Sam,Mack,,,USA,,,True,False,False,-1.0,-1.0,-1.0
202714,Shelvin,Mack,,,USA,,,True,False,False,2011.0,2.0,34.0
1635,Malcolm,Mackey,,,USA,,,False,True,False,1993.0,1.0,27.0
77435,Rudy,Macklin,,,USA,,,False,True,False,1981.0,3.0,52.0
122683568,Vernon,Macklin,,,"",,,"","","","","",""
202731,Vernon,Macklin,,,USA,,,False,True,False,2011.0,2.0,52.0
77436,Johnny,Macknowski,,,USA,,,True,False,False,-22.0,-22.0,-22.0
1629133,Daryl,Macon,,,USA,,,True,False,False,2018.0,"",""
1855,Mark,Macon,,,USA,,,True,False,False,1991.0,1.0,8.0
1629122,J.P.,Macura,,,USA,,,True,False,False,2018.0,"",""
77438,Kyle,Macy,,,USA,,,True,False,False,1979.0,1.0,22.0
77439,Jack,Maddox,,,USA,,,False,True,False,-1.0,-1.0,-1.0
2432,Tito,Maddox,,,USA,,,True,False,False,2002.0,2.0,37.0
1666,Gerald,Madkins,,,USA,,,True,False,False,-1.0,-1.0,-1.0
1643019,Gabe,Madsen,,,,,,,,,,,
2058,Mark,Madsen,,,USA,,,False,True,False,2000.0,1.0,29.0
77441,Norm,Mager,,,USA,,,False,True,False,1950.0,5.0,""
203705,Josh,Magette,,,USA,,,False,False,False,2012.0,0.0,0.0
1894,Corey,Maggette,,,USA,,,False,True,False,1999.0,1.0,13.0
77442,Dave,Magley,,,USA,,,False,True,False,1982.0,2.0,28.0
2048,Jamaal,Magloire,,,Canada,,,False,False,True,2000.0,1.0,19.0
1630266,Will,Magnay,,,Australia,,,False,False,True,-1.0,-1.0,-1.0
1962937809,Will,Magnay,,,"",,,"","","","","",""
101133,Ian,Mahinmi,,,France,,,False,False,True,2005.0,1.0,28.0
42535,Melih,Mahmutoglu,,,"",,,"","","","","",""
43304,Melih,Mahmutoglu,,,"",,,"","","","","",""
77443,John,Mahnken,,,USA,,,False,False,True,-1.0,-1.0,-1.0
77444,Francis,Mahoney,,,USA,,,False,True,False,1950.0,6.0,""
328,Rick,Mahorn,,,USA,,,False,True,False,1980.0,2.0,35.0
105,Dan,Majerle,,,USA,,,True,True,False,1988.0,1.0,14.0
1966938185,Ater,Majok,,,"",,,"","","","","",""
27023,Majok,Majok,,,"",,,"","","","","",""
64083,Majok,Majok,,,"",,,"","","","","",""
200970,Renaldo,Major,,,USA,,,False,True,False,-1.0,-1.0,-1.0
1630588,Makur,Maker,,,South Sudan,,,"","","",-1.0,-1.0,-1.0
1629070,Matur,Maker,,,"",,,"","","","","",""
1627748,Thon,Maker,,,South Sudan,,,False,True,True,2016.0,1.0,10.0
77447,Lionel,Malamed,,,USA,,,True,False,False,-1.0,-1.0,-1.0
1642104,Hunter,Maldonado,,,,,,,,,,,
1630177,Theo,Maledon,,,France,,,True,False,False,2020.0,2.0,34.0
117,Jeff,Malone,,,USA,,,True,False,False,1983.0,1.0,10.0
252,Karl,Malone,,,USA,,,False,True,False,1985.0,1.0,13.0
77449,Moses,Malone,,,USA,,,False,False,True,-1.0,-1.0,-1.0
1074,Matt,Maloney,,,USA,,,True,False,False,-1.0,-1.0,-1.0
77450,Steve,Malovic,,,USA,,,False,True,False,1978.0,7.0,149.0
1642863,Khaman,Maluach,,,,,,,,,,,
1630572,Sandro,Mamukelashvili,,,,,,,,,,,
77451,Ted,Manakas,,,USA,,,True,False,False,1973.0,3.0,36.0
21603,Stefano,Mancinelli,,,"",,,"","","","","",""
77452,John,Mandic,,,USA,,,False,True,False,1947.0,"",""
1630211,Karim,Mane,,,Senegal,,,True,False,False,-1.0,-1.0,-1.0
1630667,Kyle,Mangas,,,"",,,"","","","","",""
77453,Frank,Mangiapane,,,USA,,,True,False,False,-1.0,-1.0,-1.0
986,Marcus,Mann,,,USA,,,False,True,False,1996.0,2.0,40.0
1629611,Terance,Mann,,,,,,false,false,false,,,
1630544,Tre,Mann,,,,,,,,,,,
330,Danny,Manning,,,USA,,,False,True,True,1988.0,1.0,1.0
77454,Ed,Manning,,,USA,,,False,True,False,1967.0,8.0,80.0
316,Richard,Manning,,,USA,,,False,False,True,1993.0,2.0,40.0
1630185,Nico,Mannion,,,Italy,,,True,False,False,2020.0,2.0,48.0
77456,Pace,Mannion,,,USA,,,True,False,False,1983.0,2.0,43.0
1643024,Chris,Manon,,,,,,,,,,,
77457,Nick,Mantis,,,USA,,,True,False,False,1959.0,5.0,37.0
200849,Jackie,Manuel,,,"",,,"","","","","",""
196294090,Ziv,Maoz,,,"",,,"","","","","",""
77459,Pete,Maravich,,,USA,,,True,False,False,1970.0,1.0,3.0
77458,Peter,Maravich,,,USA,,,False,False,False,-22.0,-22.0,-22.0
203906,Devyn,Marble,,,USA,,,False,True,False,2014.0,2.0,56.0
77460,Roy,Marble,,,USA,,,True,False,False,1989.0,1.0,23.0
950,Stephon,Marbury,,,USA,,,True,False,False,1996.0,1.0,4.0
1643051,Augustas,Marciulionis,,,,,,,,,,,
36,Sarunas,Marciulionis,,,Lithuania,,,True,False,False,1987.0,6.0,127.0
565,Marconato,Marconato,,,"",,,"","","","","",""
1962937755,Paige,Marcus,,,"",,,"","","","","",""
77462,Saul,Mariaschin,,,USA,,,True,False,False,1947.0,"",""
43194,Aleks,Maric,,,"",,,False,False,False,"","",""
41203,Aleksandar,Maric,,,"",,,"","","","","",""
77463,Jack,Marin,,,USA,,,False,True,False,1966.0,1.0,5.0
1890,Shawn,Marion,,,USA,,,True,True,False,1999.0,1.0,9.0
1626246,Boban,Marjanovic,,,Serbia,,,False,False,True,-1.0,-1.0,-1.0
9007,Boban,Marjanovic,,,"",,,"","","","","",""
1628374,Lauri,Markkanen,,,,,,,,,,,
200806,Damir,Markota,,,Croatia,,,False,True,False,2006.0,2.0,59.0
1752,Sean,Marks,,,New Zealand,,,False,True,True,1998.0,2.0,44.0
77464,Harvey,Marlatt,,,USA,,,True,False,False,-1.0,-1.0,-1.0
77465,Eric,Marsh,,,USA,,,True,False,False,1977.0,8.0,165.0
77466,Jim,Marsh,,,USA,,,False,True,False,1968.0,11.0,136.0
202409,Ricardo,Marsh,,,"",,,"","","","","",""
681,Donny,Marshall,,,USA,,,False,True,False,1995.0,2.0,39.0
923,Donyell,Marshall,,,USA,,,False,True,False,1994.0,1.0,4.0
203088,Kendall,Marshall,,,USA,,,True,False,False,2012.0,1.0,13.0
1630230,Naji,Marshall,,,,,,,,,,,
196294105,Nick,Marshall,,,"",,,"","","","","",""
101185,Rawle,Marshall,,,USA,,,True,True,False,-1.0,-1.0,-1.0
77467,Tom,Marshall,,,USA,,,False,True,False,1954.0,1.0,7.0
77468,Vester,Marshall,,,USA,,,False,True,False,-1.0,-1.0,-1.0
1642918,Alijah,Martin,,,,,,,,,,,
77481,Bill,Martin,,,USA,,,False,True,False,1985.0,2.0,26.0
77478,Bob,Martin,,,USA,,,False,False,True,-1.0,-1.0,-1.0
77469,Brian,Martin,,,USA,,,False,True,False,1984.0,9.0,185.0
1628997,Caleb,Martin,,,,,,,,,,,
201858,Cartier,Martin,,,USA,,,False,True,False,-22.0,-22.0,-22.0
1628998,Cody,Martin,,,,,,,,,,,
733,Cuonzo,Martin,,,USA,,,True,False,False,1995.0,2.0,57.0
64044,Damian,Martin,,,"",,,"","","","","",""
239,Darrick,Martin,,,USA,,,True,False,False,-1.0,-1.0,-1.0
77473,Don,Martin,,,USA,,,False,False,False,-22.0,-22.0,-22.0
77471,Donald,Martin,,,USA,,,True,False,False,-1.0,-1.0,-1.0
77472,Fernando,Martin,,,Spain,,,False,False,True,1985.0,2.0,38.0
1626185,Jarell,Martin,,,USA,,,False,True,False,2015.0,1.0,25.0
1641798,Jaylen,Martin,,,USA,,,False,False,False,-22.0,-22.0,-22.0
77474,Jeff,Martin,,,USA,,,True,False,False,1989.0,2.0,31.0
1629725,Jeremiah,Martin,,,USA,,,True,False,False,-1.0,-1.0,-1.0
1629103,Kelan,Martin,,,USA,,,False,True,False,-1.0,-1.0,-1.0
2030,Kenyon,Martin,,,USA,,,False,True,False,2000.0,1.0,1.0
2755,Kevin,Martin,,,USA,,,True,False,False,2004.0,1.0,26.0
77475,Larue,Martin,,,USA,,,False,False,True,1972.0,1.0,1.0
77476,Mo,Martin,,,USA,,,True,False,False,1986.0,1.0,16.0
77477,Phil,Martin,,,USA,,,True,False,False,1954.0,4.0,29.0
77479,Ronald,Martin,,,USA,,,True,False,False,1961.0,2.0,10.0
77480,Slater,Martin,,,USA,,,True,False,False,-1.0,-1.0,-1.0
201227,Torrell,Martin,,,"",,,"","","","","",""
1631213,Tyrese,Martin,,,,,,,,,,,
1630231,Kenyon,Martin Jr.,,,USA,,,False,True,False,2020.0,2.0,52.0
40022,Gonzalo,Martinez,,,"",,,"","","","","",""
1627383,Luke,Martinez,,,"",,,"","","","","",""
1642942,Jahmai,Mashack,,,,,,,,,,,
469,Jamal,Mashburn,,,USA,,,False,True,False,1993.0,1.0,4.0
507,Masingue,Masingue,,,"",,,"","","","","",""
77482,Al,Masino,,,USA,,,True,False,False,-1.0,-1.0,-1.0
193,Anthony,Mason,,,USA,,,False,True,False,1988.0,3.0,53.0
202400,Anthony,Mason,,,"",,,"","","","","",""
200557,Chet,Mason,,,"",,,"","","","","",""
2046,Desmond,Mason,,,USA,,,True,False,False,2000.0,1.0,17.0
1628412,Frank,Mason III,,,USA,,,True,False,False,2017.0,2.0,34.0
2427,Roger,Mason Jr.,,,USA,,,False,False,False,2002.0,2.0,30.0
763,Tony,Massenburg,,,USA,,,False,True,True,1990.0,2.0,43.0
1629747,CJ,Massinburg,,,"",,,"","","","","",""
77483,Eddie,Mast,,,USA,,,False,True,False,1969.0,3.0,40.0
52606,Marcos,Mata,,,"",,,False,False,False,"","",""
1966938168,Marcus,Mata,,,"",,,False,True,False,"","",""
1628999,Yante,Maten,,,USA,,,False,True,False,2018.0,"",""
1629726,Garrison,Mathews,,,,,,,,,,,
1628535,Jordan,Mathews,,,"",,,"","","","","",""
1628493,Mangok,Mathiang,,,Australia,,,False,True,True,-1.0,-1.0,-1.0
196294572,Mangok,Mathiang,,,"",,,False,False,True,"","",""
1629751,Dakota,Mathias,,,USA,,,True,False,False,2018.0,"",""
1631097,Bennedict,Mathurin,,,,,,false,false,false,,,
1631255,Karlo,Matkovic,,,,,,,,,,,
1962937827,Matt,Matt,,,"",,,"","","","","",""
101260,Bryant,Matthews,,,"",,,"","","","","",""
1643069,Cameron,Matthews,,,,,,,,,,,
1629666,Charles,Matthews,,,USA,,,False,False,False,-22.0,-22.0,-22.0
77484,Wes,Matthews,,,USA,,,True,False,False,1980.0,1.0,14.0
1962936250,Wesley,Matthews,,,"",,,"","","","","",""
202083,Wesley,Matthews,,,USA,,,True,False,False,-1.0,-1.0,-1.0
500032,Wesley,Matthews,,,"",,,"","","","","",""
77485,Ariel,Maughan,,,USA,,,False,True,False,-1.0,-1.0,-1.0
543,Mavrokefalidis,Mavrokefalidis,,,"",,,"","","","","",""
77486,Marlon,Maxey,,,USA,,,False,True,False,1992.0,2.0,28.0
1630178,Tyrese,Maxey,,,,,,false,false,false,,,
101131,Jason,Maxiell,,,USA,,,False,True,False,2005.0,1.0,26.0
77487,Cedric,Maxwell,,,USA,,,False,True,False,1977.0,1.0,12.0
137,Vernon,Maxwell,,,USA,,,True,False,False,1988.0,2.0,47.0
77489,Don,May,,,USA,,,False,True,False,1968.0,3.0,30.0
77490,Scott,May,,,USA,,,False,True,False,1976.0,1.0,2.0
101118,Sean,May,,,USA,,,False,True,True,2005.0,1.0,13.0
195,Lee,Mayberry,,,USA,,,False,False,False,1992.0,1.0,23.0
1629612,Luke,Maye,,,"",,,"","","","","",""
196294554,Lat,Mayen,,,"",,,"","","","","",""
1630571,Matthew,Mayer,,,USA,,,False,False,False,-22.0,-22.0,-22.0
77492,Clyde,Mayes,,,USA,,,False,True,False,1975.0,2.0,22.0
77493,Tharon,Mayes,,,USA,,,True,False,False,-22.0,-22.0,-22.0
77495,Bill,Mayfield,,,USA,,,False,True,False,-1.0,-1.0,-1.0
77494,Ken,Mayfield,,,USA,,,True,False,False,1971.0,3.0,50.0
201953,Eric,Maynor,,,USA,,,True,False,False,2009.0,1.0,20.0
201564,O.J.,Mayo,,,USA,,,True,False,False,2008.0,1.0,3.0
201651,James,Mays,,,"",,,"","","","","",""
1630219,Skylar,Mays,,,"",,,"","","","","",""
77496,Travis,Mays,,,USA,,,True,False,False,1990.0,1.0,14.0
77497,Matt,Mazza,,,USA,,,False,True,False,-1.0,-1.0,-1.0
201601,Luc,Mbah a Moute,,,Cameroon,,,False,True,False,2008.0,2.0,37.0
1643016,Bez,Mbeng,,,,,,,,,,,
2788,DJ,Mbenga,,,Belgium,,,False,False,True,-1.0,-1.0,-1.0
77498,Bob,McAdoo,,,USA,,,False,False,True,1972.0,1.0,2.0
203949,James Michael,McAdoo,,,USA,,,False,True,False,-1.0,-1.0,-1.0
77499,Ken,McBride,,,USA,,,False,True,False,1952.0,"",""
1630540,Miles,McBride,,,,,,,,,,,
1642272,Jared,McCain,,,,,,,,,,,
1627322,Bo,McCalebb,,,"",,,"","","","","",""
1962936526,Bo,McCalebb,,,"",,,"","","","","",""
42531,Bo,McCalebb,,,"",,,"","","","","",""
1628769,Tahjere,McCall,,,USA,,,False,False,False,-22.0,-22.0,-22.0
196294549,Tahjere,McCall,,,"",,,True,False,False,"","",""
203492,Ray,McCallum,,,USA,,,True,False,False,2013.0,2.0,36.0
737,Bob,McCann,,,USA,,,False,True,False,1987.0,2.0,32.0
77500,Brendan,McCann,,,USA,,,True,False,False,1957.0,1.0,5.0
77502,Mel,McCants,,,USA,,,False,True,False,-1.0,-1.0,-1.0
101119,Rashad,McCants,,,USA,,,True,False,False,2005.0,1.0,14.0
77503,Mike,McCarron,,,USA,,,True,False,False,-1.0,-1.0,-1.0
196294106,Mitch,McCarron,,,"",,,False,False,False,"","",""
196295060,Mitch,McCarron,,,"",,,"","","","","",""
64022,Mitch,McCarron,,,"",,,"","","","","",""
77504,Andre,McCarter,,,USA,,,True,False,False,1976.0,6.0,89.0
77505,Willie,McCarter,,,USA,,,True,False,False,1969.0,1.0,12.0
77506,Johnny,McCarthy,,,USA,,,True,False,False,-22.0,-22.0,-22.0
77507,Howie,McCarty,,,USA,,,"","","",-1.0,-1.0,-1.0
1820,Kelly,McCarty,,,USA,,,True,True,False,-1.0,-1.0,-1.0
962,Walter,McCarty,,,USA,,,False,True,False,1996.0,1.0,19.0
1043,Amal,McCaskill,,,USA,,,False,False,True,1996.0,2.0,49.0
1627775,Patrick,McCaw,,,USA,,,True,False,False,2016.0,2.0,38.0
77509,Dwayne,McClain,,,USA,,,True,False,False,1985.0,2.0,27.0
77510,"Ted, Hound Dog",McClain,,,USA,,,True,False,False,1971.0,2.0,22.0
2082,Dan,McClintock,,,USA,,,False,False,True,2000.0,2.0,53.0
77512,Jack,McCloskey,,,USA,,,True,False,False,-1.0,-1.0,-1.0
45,George,McCloud,,,USA,,,False,True,False,1989.0,1.0,7.0
1630644,Mac,McClung,,,,,,,,,,,
203468,CJ,McCollum,,,,,,false,false,false,,,
77513,John,McConathy,,,USA,,,False,True,False,1951.0,1.0,5.0
1641799,Caleb,McConnell,,,USA,,,False,False,False,-22.0,-22.0,-22.0
203566,Mickey,McConnell,,,"",,,"","","","","",""
77514,Paul,McConnell,,,USA,,,False,False,False,-22.0,-22.0,-22.0
204456,T.J.,McConnell,,,,,,,,,,,
77515,Keith,McCord,,,USA,,,True,False,False,1979.0,1.0,198.0
77516,Tim,McCormick,,,USA,,,False,False,True,1984.0,1.0,12.0
1629000,Brandon,McCoy,,,"",,,"","","","","",""
1631322,Javante,McCoy,,,USA,,,False,False,False,-22.0,-22.0,-22.0
1741,Jelani,McCoy,,,USA,,,False,True,True,1998.0,2.0,33.0
77517,Paul,McCracken,,,USA,,,True,False,False,-1.0,-1.0,-1.0
200840,Chris,McCray,,,USA,,,True,False,False,-1.0,-1.0,-1.0
1622,Rodney,McCray,,,USA,,,False,True,False,1983.0,1.0,3.0
77518,Scooter,McCray,,,USA,,,False,True,False,1983.0,2.0,36.0
1628571,Erik,McCree,,,USA,,,False,True,False,-1.0,-1.0,-1.0
1641755,Kevin,McCullar Jr.,,,,,,,,,,,
1626191,Chris,McCullough,,,USA,,,False,True,False,2015.0,1.0,29.0
77520,John,McCullough,,,USA,,,True,False,False,1979.0,4.0,85.0
201642,Taj,McCullough,,,"",,,"","","","","",""
723,Clint,McDaniel,,,USA,,,True,False,False,-1.0,-1.0,-1.0
64028,Sam,McDaniel,,,"",,,"","","","","",""
1365,Xavier,McDaniel,,,USA,,,False,True,False,1985.0,1.0,4.0
1630183,Jaden,McDaniels,,,,,,false,false,false,,,
1629667,Jalen,McDaniels,,,,,,,,,,,
77523,Jim,McDaniels,,,USA,,,False,False,True,1971.0,2.0,23.0
203909,KJ,McDaniels,,,USA,,,True,True,False,2014.0,2.0,32.0
203926,Doug,McDermott,,,,,,,,,,,
1630253,Sean,McDermott,,,USA,,,False,True,False,-1.0,-1.0,-1.0
77524,Ben,McDonald,,,USA,,,False,True,False,1984.0,3.0,50.0
77525,Glenn,McDonald,,,USA,,,False,True,False,1974.0,1.0,17.0
1075,Michael,McDonald,,,USA,,,False,False,True,1995.0,2.0,55.0
77527,Hank,McDowell,,,USA,,,False,True,False,1981.0,5.0,102.0
196294571,Will,McDowell-White,,,"",,,True,False,False,"","",""
686,Antonio,McDyess,,,USA,,,False,True,True,1995.0,1.0,2.0
77528,Jim,McElroy,,,USA,,,True,False,False,1975.0,3.0,38.0
200862,Scooter,McFadgon,,,"",,,"","","","","",""
200829,Ivan,McFarlin,,,USA,,,False,True,False,-1.0,-1.0,-1.0
77529,Mel,McGaha,,,USA,,,True,False,False,-22.0,-22.0,-22.0
203956,Mitch,McGary,,,USA,,,False,True,False,2014.0,1.0,21.0
201580,JaVale,McGee,,,USA,,,False,True,True,2008.0,1.0,18.0
77530,Mike,McGee,,,USA,,,False,True,False,1981.0,1.0,19.0
77531,Bill,McGill,,,USA,,,False,False,True,1962.0,1.0,1.0
77532,George,McGinnis,,,USA,,,False,True,False,1973.0,2.0,22.0
77533,Jon,McGlocklin,,,USA,,,True,False,False,1965.0,3.0,24.0
1642440,Gabe,McGlothan,,,,,,,,,,,
1631121,Bryce,McGowens,,,,,,,,,,,
1503,Tracy,McGrady,,,USA,,,True,True,False,1997.0,1.0,9.0
77534,Gil,McGregor,,,USA,,,False,True,False,1971.0,6.0,89.0
1630787,Cameron,McGriff,,,,,,,,,,,
203585,Rodney,McGruder,,,USA,,,True,False,False,-1.0,-1.0,-1.0
77536,Al,McGuire,,,USA,,,True,False,False,1951.0,6.0,55.0
77535,Allie,McGuire,,,USA,,,True,False,False,1973.0,3.0,49.0
77537,Dick,McGuire,,,USA,,,True,False,False,1949.0,1.0,7.0
201187,Dominic,McGuire,,,USA,,,False,True,False,2007.0,2.0,47.0
1450,Kevin,McHale,,,USA,,,False,True,False,1980.0,1.0,3.0
29,Jim,McIlvaine,,,USA,,,False,False,True,1994.0,2.0,32.0
976,Jeff,McInnis,,,USA,,,True,False,False,1996.0,2.0,37.0
77540,Kenny,McIntosh,,,USA,,,False,True,False,1971.0,1.0,15.0
77541,Kevin,McKenna,,,USA,,,False,True,False,1981.0,4.0,88.0
77542,Forrest,McKenzie,,,USA,,,False,True,False,1986.0,3.0,48.0
77543,Stan,McKenzie,,,USA,,,False,True,False,1966.0,11.0,94.0
365,Derrick,McKey,,,USA,,,False,True,False,1987.0,1.0,9.0
243,Aaron,McKie,,,USA,,,True,False,False,1994.0,1.0,17.0
77547,Billy,McKinney,,,USA,,,False,False,False,1977.0,6.0,115.0
77545,Carlton,McKinney,,,USA,,,False,True,False,-1.0,-1.0,-1.0
77546,Horace,McKinney,,,USA,,,False,True,False,-1.0,-1.0,-1.0
203590,Trey,McKinney-Jones,,,USA,,,True,False,False,-1.0,-1.0,-1.0
1628035,Alfonzo,McKinnie,,,USA,,,False,True,False,-1.0,-1.0,-1.0
1630605,JaQuori,McLaughlin,,,USA,,,False,False,False,-22.0,-22.0,-22.0
1629162,Jordan,McLaughlin,,,,,,,,,,,
203463,Ben,McLemore,,,USA,,,True,False,False,2013.0,1.0,7.0
77548,Mccoy,McLemore,,,USA,,,False,True,False,1964.0,3.0,23.0
77549,George,McLeod,,,USA,,,False,False,False,-22.0,-22.0,-22.0
2693,Keith,McLeod,,,USA,,,True,False,False,-1.0,-1.0,-1.0
1728,Roshown,McLeod,,,USA,,,False,True,False,1998.0,1.0,20.0
77551,Jack,McMahon,,,USA,,,True,False,False,1952.0,"",""
203,Nate,McMillan,,,USA,,,True,True,False,1986.0,2.0,30.0
77553,Tom,McMillen,,,USA,,,False,True,False,1974.0,1.0,9.0
77554,Jim,McMillian,,,USA,,,False,True,False,1970.0,1.0,13.0
77555,Shellie,McMillon,,,USA,,,False,True,False,1958.0,6.0,42.0
77556,Mal,McMullan,,,USA,,,False,False,False,-22.0,-22.0,-22.0
77557,Chet,McNabb,,,USA,,,False,False,False,-22.0,-22.0,-22.0
201019,Gerry,McNamara,,,"",,,"","","","","",""
201657,Gerry,McNamara,,,"",,,"","","","","",""
77558,Mark,McNamara,,,USA,,,False,False,True,1982.0,1.0,22.0
77559,Joe,McNamee,,,USA,,,False,False,True,1950.0,1.0,9.0
196294567,Alex,McNaught,,,"",,,"","","","","",""
196295053,Alex,McNaught,,,"",,,"","","","","",""
202077,Jerel,McNeal,,,USA,,,True,False,False,-1.0,-1.0,-1.0
77560,Chris,McNealy,,,USA,,,False,True,False,1983.0,2.0,38.0
1642862,Liam,McNeeley,,,,,,,,,,,
77562,Bob,McNeill,,,USA,,,True,False,False,1960.0,3.0,19.0
77561,Larry,McNeill,,,USA,,,False,True,False,1973.0,2.0,25.0
77563,Carl,McNulty,,,USA,,,True,False,False,1952.0,"",""
2101,Paul,McPherson,,,USA,,,True,False,False,-1.0,-1.0,-1.0
77565,Cozell,McQueen,,,USA,,,False,True,False,1985.0,4.0,91.0
203895,Jordan,McRae,,,USA,,,True,False,False,2014.0,2.0,58.0
77566,Thales,McReynolds,,,USA,,,True,False,False,1965.0,11.0,82.0
201177,Josh,McRoberts,,,USA,,,False,False,False,2007.0,2.0,37.0
1629098,Jack,McVeigh,,,Australia,,,True,True,False,-22.0,-22.0,-22.0
77567,Eric,McWilliams,,,USA,,,False,True,False,1972.0,3.0,37.0
43207,Jamel,Mclean,,,"",,,"","","","","",""
77568,George,Mearns,,,USA,,,False,True,False,-1.0,-1.0,-1.0
2098,Slava,Medvedenko,,,Ukraine,,,False,True,False,-1.0,-1.0,-1.0
1577,Darnell,Mee,,,USA,,,True,False,False,1993.0,2.0,34.0
2697,Antonio,Meeking,,,"",,,"","","","","",""
201975,Jodie,Meeks,,,USA,,,True,False,False,2009.0,2.0,41.0
1628452,Kennedy,Meeks,,,"",,,"","","","","",""
77570,Cliff,Meely,,,USA,,,False,True,False,1971.0,1.0,7.0
77571,Scott,Meents,,,USA,,,False,True,False,1986.0,4.0,74.0
77572,Dick,Mehen,,,USA,,,False,True,False,-1.0,-1.0,-1.0
77573,Don,Meineke,,,USA,,,False,True,False,1952.0,"",""
77574,Carl,Meinhold,,,USA,,,False,False,False,-22.0,-22.0,-22.0
201197,Sammy,Mejia,,,"",,,"","","","","",""
1626257,Salah,Mejri,,,Tunisia,,,False,False,True,-22.0,-22.0,-22.0
203539,Gal,Mekel,,,Israel,,,True,False,False,-1.0,-1.0,-1.0
41621,Gal,Mekel,,,"",,,"","","","","",""
77576,Bill,Melchionni,,,USA,,,True,False,False,1966.0,2.0,19.0
77575,Gary,Melchionni,,,USA,,,True,False,False,1973.0,2.0,33.0
1629740,Nicolo,Melli,,,Italy,,,False,True,False,-1.0,-1.0,-1.0
56040,Nicolo,Melli,,,"",,,"","","","","",""
6006,Nicolo,Melli,,,"",,,"","","","","",""
196294091,Gilad,Melnik,,,"",,,"","","","","",""
203097,Fab,Melo,,,Brazil,,,False,False,True,2012.0,1.0,22.0
1629001,De'Anthony,Melton,,,,,,,,,,,
77577,Ed,Melvin,,,USA,,,False,True,False,-1.0,-1.0,-1.0
2822,Rich,Melzer,,,"",,,"","","","","",""
77578,Dean,Meminger,,,USA,,,True,False,False,1971.0,1.0,16.0
77579,Chuck,Mencel,,,USA,,,True,False,False,1955.0,2.0,12.0
77580,John,Mengelt,,,USA,,,True,False,False,1971.0,2.0,21.0
77581,Ken,Menke,,,USA,,,True,False,False,-1.0,-1.0,-1.0
196295056,Sam,Mennenga,,,"",,,False,False,False,"","",""
1641877,Nathan,Mensah,,,Ghana,,,False,False,False,-22.0,-22.0,-22.0
200822,Pops,Mensah-Bonsu,,,USA,,,False,True,False,-1.0,-1.0,-1.0
1500,Ron,Mercer,,,USA,,,True,True,False,1997.0,1.0,6.0
77582,Joe,Meriweather,,,USA,,,False,False,True,1975.0,1.0,11.0
77583,Porter,Meriwether,,,USA,,,True,False,False,1962.0,3.0,21.0
64012,Liran,Merkado,,,"",,,"","","","","",""
1630241,Sam,Merrill,,,,,,,,,,,
77584,Tom,Meschery,,,USA,,,False,True,False,1961.0,1.0,7.0
1629002,Chimezie,Metu,,,USA,,,False,True,True,2018.0,2.0,49.0
684,Loren,Meyer,,,USA,,,False,True,True,1995.0,1.0,24.0
77586,Dave,Meyers,,,USA,,,False,True,False,1975.0,1.0,2.0
43221,Jerome,Meyinsse,,,"",,,False,False,False,"","",""
52611,Jerome,Meyinsse,,,"",,,False,False,False,"","",""
77587,Stan,Miasek,,,USA,,,False,True,False,-1.0,-1.0,-1.0
1962937921,Bryan,Michaels,,,"",,,"","","","","",""
77588,Larry,Micheaux,,,USA,,,False,True,False,1983.0,2.0,29.0
203995,Vasilije,Micic,,,"",,,True,False,False,"","",""
8008,Pete,Mickael,,,"",,,"","","","","",""
56028,Pete,Mickeal,,,"",,,"","","","","",""
1626175,Jordan,Mickey,,,USA,,,False,True,True,2015.0,2.0,33.0
42581,Vladimir,Micov,,,"",,,"","","","","",""
203114,Khris,Middleton,,,,,,false,false,false,,,
77589,Zigmund,Mihalik,,,USA,,,True,False,False,-1.0,-1.0,-1.0
2036,Chris,Mihm,,,USA,,,False,False,True,2000.0,1.0,7.0
1628450,Eric,Mika,,,USA,,,False,False,False,-22.0,-22.0,-22.0
77590,Ed,Mikan,,,USA,,,False,False,True,1948.0,1.0,5.0
600012,George,Mikan,,,USA,,,False,False,True,-1.0,-1.0,-1.0
77591,Larry,Mikan,,,USA,,,False,True,False,1970.0,4.0,64.0
77593,Vern,Mikkelsen,,,USA,,,False,True,False,1949.0,"",""
77594,Al,Miksis,,,USA,,,False,False,True,-1.0,-1.0,-1.0
40085,Arturas,Milaknis,,,"",,,"","","","","",""
101223,Aaron,Miles,,,USA,,,True,False,False,-1.0,-1.0,-1.0
101139,CJ,Miles,,,USA,,,True,False,False,2005.0,2.0,34.0
2032,Darius,Miles,,,USA,,,False,True,False,2000.0,1.0,3.0
77596,Eddie,Miles,,,USA,,,True,False,False,1963.0,1.0,4.0
1627776,Isaiah,Miles,,,"",,,"","","","","",""
1641756,Mike,Miles Jr.,,,USA,,,False,False,False,-22.0,-22.0,-22.0
1527,Marko,Milic,,,Slovenia,,,False,False,False,1997.0,2.0,33.0
2545,Darko,Milicic,,,Serbia,,,False,False,True,2003.0,1.0,2.0
41012,Branko,Milisavljevic,,,"",,,"","","","","",""
77598,Nat,Militzok,,,USA,,,False,True,False,-1.0,-1.0,-1.0
1889,Andre,Miller,,,USA,,,True,False,False,1999.0,1.0,8.0
292,Anthony,Miller,,,USA,,,False,True,False,1994.0,2.0,39.0
77605,Bill,Miller,,,USA,,,False,True,False,-1.0,-1.0,-1.0
77603,Bob,Miller,,,USA,,,False,True,False,1978.0,4.0,85.0
1802,Brad,Miller,,,USA,,,False,True,True,-1.0,-1.0,-1.0
1641706,Brandon,Miller,,,,,,false,false,false,,,
203121,Darius,Miller,,,USA,,,False,True,False,2012.0,2.0,46.0
77602,Dick,Miller,,,USA,,,False,True,False,1980.0,2.0,40.0
77599,Eddie,Miller,,,USA,,,False,True,False,1952.0,"",""
1641801,Emanuel,Miller,,,,,,,,,,,
77600,Harry,Miller,,,USA,,,False,False,True,-1.0,-1.0,-1.0
1630627,Isaiah,Miller,,,USA,,,"","","",-1.0,-1.0,-1.0
77601,Jay,Miller,,,USA,,,False,True,False,-1.0,-1.0,-1.0
1641757,Jordan,Miller,,,,,,,,,,,
1631159,Leonard,Miller,,,,,,,,,,,
1626259,Malcolm,Miller,,,USA,,,True,True,False,-1.0,-1.0,-1.0
2034,Mike,Miller,,,USA,,,True,True,False,2000.0,1.0,5.0
932,Oliver,Miller,,,USA,,,False,False,True,1992.0,1.0,22.0
196294550,Patrick,Miller,,,"",,,True,False,False,"","",""
200859,Paul,Miller,,,"",,,"","","","","",""
1966938208,Quincy,Miller,,,"",,,"","","","","",""
203113,Quincy,Miller,,,USA,,,False,True,False,2012.0,2.0,38.0
397,Reggie,Miller,,,USA,,,True,False,False,1987.0,1.0,11.0
77604,Walt,Miller,,,USA,,,False,True,False,-1.0,-1.0,-1.0
1629149,Codi,Miller-McIntyre,,,"",,,"","","","","",""
168,Chris,Mills,,,USA,,,False,True,False,1993.0,1.0,22.0
77606,John,Mills,,,USA,,,False,False,True,-1.0,-1.0,-1.0
201988,Patty,Mills,,,"",,,"","","","","",""
371,Terry,Mills,,,USA,,,False,True,False,1990.0,1.0,16.0
202407,Elijah,Millsap,,,USA,,,True,True,False,-1.0,-1.0,-1.0
200794,Paul,Millsap,,,USA,,,False,True,False,2006.0,2.0,47.0
41207,Strahinja,Milosevic,,,"",,,"","","","","",""
1629003,Shake,Milton,,,"",,,True,False,False,"","",""
2777,Ricky,Minard,,,"",,,"","","","","",""
1631303,Justin,Minaya,,,,,,,,,,,
64149,Rafael,Mineiro,,,"",,,"","","","","",""
114,Harold,Miner,,,USA,,,True,False,False,1992.0,1.0,12.0
2397,Yao,Ming,,,China,,,False,False,True,2002.0,1.0,1.0
1642434,Riley,Minix,,,,,,,,,,,
1626305,Nick,Minnerath,,,"",,,"","","","","",""
1962937771,Nick,Minnerath,,,"",,,False,False,False,"","",""
77609,Dirk,Minniefield,,,USA,,,True,False,False,1983.0,2.0,33.0
77610,Dave,Minor,,,USA,,,True,False,False,-1.0,-1.0,-1.0
65,Greg,Minor,,,USA,,,True,False,False,1994.0,1.0,25.0
77612,Mark,Minor,,,USA,,,False,True,False,1972.0,1.0,165.0
1631169,Josh,Minott,,,,,,,,,,,
1641758,Judah,Mintz,,,USA,,,False,False,False,-22.0,-22.0,-22.0
56078,Albert,Miralles,,,"",,,"","","","","",""
1962937931,Ruan,Miranda,,,"",,,"","","","","",""
202703,Nikola,Mirotic,,,Montenegro,,,False,True,False,2011.0,1.0,23.0
56051,Nikola,Mirotic,,,"",,,"","","","","",""
77613,Wat,Misaka,,,USA,,,True,False,False,1947.0,"",""
1954,Jason,Miskiri,,,USA,,,True,False,False,-1.0,-1.0,-1.0
1642274,Yves,Missi,,,,,,,,,,,
196294591,Nathan,Missia-Dio,,,"",,,"","","","","",""
1642349,Ajay,Mitchell,,,,,,false,false,false,,,
204064,Akil,Mitchell,,,"",,,"","","","","",""
1630558,Davion,Mitchell,,,,,,,,,,,
1628378,Donovan,Mitchell,,,,,,false,false,false,,,
77615,Mike,Mitchell,,,USA,,,False,True,False,1978.0,1.0,15.0
77616,Murray,Mitchell,,,USA,,,False,False,True,1948.0,"",""
417,Sam,Mitchell,,,USA,,,False,True,False,1985.0,3.0,54.0
77614,Todd,Mitchell,,,USA,,,False,True,False,1988.0,2.0,43.0
202959,Tommy,Mitchell,,,"",,,"","","","","",""
203183,Tony,Mitchell,,,USA,,,False,True,False,-1.0,-1.0,-1.0
203502,Tony,Mitchell,,,USA,,,"","","",2013.0,2.0,37.0
1630342,Trhae,Mitchell,,,USA,,,False,False,False,-22.0,-22.0,-22.0
1628513,Naz,Mitrou-Long,,,Canada,,,True,False,False,-1.0,-1.0,-1.0
41211,Aleksandar,Mitrovic,,,"",,,"","","","","",""
77618,Steve,Mix,,,USA,,,False,True,False,1969.0,5.0,61.0
77619,Bill,Mlkvy,,,USA,,,False,True,False,1952.0,"",""
1749,Cuttino,Mobley,,,USA,,,True,False,False,1998.0,2.0,41.0
211,Eric,Mobley,,,USA,,,False,False,True,1994.0,1.0,18.0
1630596,Evan,Mobley,,,,,,false,false,false,,,
1630600,Isaiah,Mobley,,,USA,,,False,True,False,2022.0,2.0,49.0
1627865,Egidijus,Mockevicius,,,"",,,"","","","","",""
77621,Larry,Moffett,,,USA,,,False,True,False,1977.0,2.0,34.0
1642367,Jonathan,Mogbo,,,,,,false,false,false,,,
77622,Leo,Mogus,,,USA,,,False,True,False,-1.0,-1.0,-1.0
1737,Nazr,Mohammed,,,USA,,,False,False,True,1998.0,1.0,29.0
2040,Jerome,Moiso,,,France,,,False,True,False,2000.0,1.0,11.0
544,Moiso,Moiso,,,"",,,"","","","","",""
77623,Paul,Mokeski,,,USA,,,False,False,True,1979.0,2.0,42.0
1629690,Adam,Mokoka,,,France,,,True,False,False,-1.0,-1.0,-1.0
77624,Jack,Molinas,,,USA,,,False,True,False,1953.0,1.0,3.0
77625,Wayne,Molis,,,USA,,,False,True,False,1965.0,10.0,75.0
27026,Craig,Moller,,,"",,,"","","","","",""
64021,Craig,Moller,,,"",,,"","","","","",""
77626,Sidney,Moncrief,,,USA,,,True,False,False,1979.0,1.0,5.0
201776,David,Monds,,,"",,,"","","","","",""
1631320,Chima,Moneke,,,Nigeria,,,False,True,False,-1.0,-1.0,-1.0
77627,Eric,Money,,,USA,,,True,False,False,1974.0,2.0,33.0
2752,Sergei,Monia,,,Russia,,,False,False,False,2004.0,1.0,23.0
1628370,Malik,Monk,,,,,,,,,,,
600006,Earl,Monroe,,,USA,,,True,False,False,1967.0,1.0,2.0
202328,Greg,Monroe,,,USA,,,False,True,True,2010.0,1.0,7.0
77628,Rodney,Monroe,,,USA,,,True,False,False,1991.0,2.0,30.0
1626242,Luis,Montero,,,Dominican Republic,,,False,False,False,-22.0,-22.0,-22.0
1630272,EJ,Montgomery,,,USA,,,False,False,False,-22.0,-22.0,-22.0
77630,Howie,Montgomery,,,USA,,,False,True,False,1962.0,7.0,59.0
376,Eric,Montross,,,USA,,,False,False,True,1994.0,1.0,9.0
1630541,Moses,Moody,,,,,,false,false,false,,,
200081,Jamario,Moon,,,USA,,,False,True,False,-1.0,-1.0,-1.0
1629875,Xavier,Moon,,,USA,,,True,False,False,-1.0,-1.0,-1.0
77631,Jim,Mooney,,,USA,,,False,True,False,-1.0,-1.0,-1.0
1629760,Matt,Mooney,,,USA,,,True,False,False,-1.0,-1.0,-1.0
196295063,Matt,Mooney,,,"",,,False,False,False,"","",""
77632,Andre,Moore,,,USA,,,False,True,False,1987.0,2.0,31.0
64077,Armani,Moore,,,"",,,"","","","","",""
1628500,Ben,Moore,,,USA,,,False,True,False,-1.0,-1.0,-1.0
1629078,Doral,Moore,,,"",,,"","","","","",""
202734,E'Twaun,Moore,,,USA,,,True,False,False,2011.0,2.0,55.0
77634,Jackie,Moore,,,USA,,,False,True,False,-1.0,-1.0,-1.0
77633,Johnny,Moore,,,USA,,,True,False,False,1979.0,2.0,43.0
77635,Lowes,Moore,,,USA,,,True,False,False,1980.0,3.0,52.0
1630,Mikki,Moore,,,USA,,,False,True,True,-1.0,-1.0,-1.0
1641760,Omari,Moore,,,USA,,,False,False,False,-22.0,-22.0,-22.0
77636,Otto,Moore,,,USA,,,False,False,True,1968.0,1.0,6.0
203377,Ramone,Moore,,,"",,,"","","","","",""
77637,Ron,Moore,,,USA,,,False,False,True,1987.0,2.0,25.0
1631386,Taze,Moore,,,USA,,,True,False,False,-22.0,-22.0,-22.0
929,Tracy,Moore,,,USA,,,True,False,False,-1.0,-1.0,-1.0
1631111,Wendell,Moore Jr.,,,,,,,,,,,
196294592,Jonathan,Mor,,,"",,,False,True,False,"","",""
1966938156,Jonathan,Mor,,,"",,,"","","","","",""
203577,Carlos,Morais,,,"",,,"","","","","",""
1631457,Alex,Morales,,,,,,,,,,,
1629630,Ja,Morant,,,,,,,,,,,
6007,Marco,Mordente,,,"",,,"","","","","",""
1626213,Yanick,Moreira,,,"",,,"","","","","",""
203961,Eric,Moreland,,,USA,,,False,True,True,-1.0,-1.0,-1.0
77639,Jackie,Moreland,,,USA,,,False,True,False,1960.0,1.0,4.0
77640,Guy,Morgan,,,USA,,,True,False,False,1982.0,2.0,40.0
1628456,Jeremy,Morgan,,,"",,,"","","","","",""
1629752,Juwan,Morgan,,,USA,,,False,True,False,-1.0,-1.0,-1.0
77641,Rex,Morgan,,,USA,,,True,False,False,1970.0,2.0,21.0
77642,Elmo,Morgenthaler,,,USA,,,False,False,True,-1.0,-1.0,-1.0
1628734,Yannis,Morin,,,"",,,"","","","","",""
56083,Zach,Morley,,,"",,,"","","","","",""
77644,Darren,Morningstar,,,USA,,,False,False,True,1992.0,2.0,47.0
356,Chris,Morris,,,USA,,,False,True,False,1988.0,1.0,4.0
202721,Darius,Morris,,,USA,,,True,False,False,2011.0,2.0,41.0
77647,Isaiah,Morris,,,USA,,,False,True,False,1992.0,2.0,37.0
1628537,Jaylen,Morris,,,USA,,,True,False,False,-1.0,-1.0,-1.0
202693,Markieff,Morris,,,"",,,False,True,False,"","",""
77646,Max,Morris,,,USA,,,False,True,False,-1.0,-1.0,-1.0
1628420,Monte,Morris,,,,,,,,,,,
201043,Randolph,Morris,,,USA,,,False,False,True,-1.0,-1.0,-1.0
2242,Terence,Morris,,,USA,,,"","","",2001.0,2.0,33.0
8009,Terence,Morris,,,"",,,"","","","","",""
101259,Toree,Morris,,,"",,,"","","","","",""
202694,Marcus,Morris Sr.,,,USA,,,False,True,False,2011.0,1.0,14.0
200747,Adam,Morrison,,,USA,,,False,True,False,2006.0,1.0,3.0
77648,Dwight,Morrison,,,USA,,,False,True,False,1954.0,2.0,14.0
77649,Mike,Morrison,,,USA,,,True,False,False,1989.0,2.0,51.0
201627,Anthony,Morrow,,,USA,,,True,False,False,-1.0,-1.0,-1.0
196294092,Anthony,Morse,,,"",,,False,False,False,"","",""
132,Dwayne,Morton,,,USA,,,True,False,False,1994.0,2.0,45.0
1972,John,Morton,,,USA,,,False,True,False,1989.0,1.0,25.0
77652,Richard,Morton,,,USA,,,False,True,False,-22.0,-22.0,-22.0
77653,Glenn,Mosley,,,USA,,,False,True,False,1977.0,1.0,20.0
56069,David,Moss,,,"",,,"","","","","",""
77654,Perry,Moss,,,USA,,,True,False,False,1982.0,3.0,69.0
734,Lawrence,Moten,,,USA,,,True,False,False,1995.0,2.0,36.0
202700,Donatas,Motiejunas,,,Lithuania,,,False,True,True,2011.0,1.0,20.0
1628405,Johnathan,Motley,,,USA,,,False,True,False,-1.0,-1.0,-1.0
196294612,Felipe,Motta,,,"",,,"","","","","",""
2069,Hanno,Mottola,,,Finland,,,False,True,True,2000.0,2.0,40.0
204026,Brock,Motum,,,"",,,"","","","","",""
203102,Arnett,Moultrie,,,USA,,,False,True,False,2012.0,1.0,27.0
297,Alonzo,Mourning,,,USA,,,False,False,True,1992.0,1.0,2.0
202389,Timofey,Mozgov,,,Russia,,,False,False,True,-1.0,-1.0,-1.0
518,Timofey,Mozgov,,,"",,,"","","","","",""
588,Harold,Mrazek,,,"",,,"","","","","",""
77657,Chuck,Mrazovich,,,USA,,,False,True,False,1950.0,3.0,""
1626144,Emmanuel,Mudiay,,,DRC,,,True,False,False,2015.0,1.0,7.0
1966938147,Alex,Mudronja,,,"",,,"","","","","",""
77658,Erwin,Mueller,,,USA,,,False,True,False,1966.0,2.0,20.0
200894,Isma'il,Muhammad,,,"",,,"","","","","",""
203498,Shabazz,Muhammad,,,USA,,,True,True,False,2013.0,1.0,14.0
1628539,Mychal,Mulder,,,Canada,,,True,False,False,-22.0,-22.0,-22.0
77659,Joe,Mullaney,,,USA,,,True,False,False,-22.0,-22.0,-22.0
77660,Bob,Mullens,,,USA,,,False,False,False,-22.0,-22.0,-22.0
201957,Byron,Mullens,,,USA,,,False,False,True,2009.0,1.0,24.0
904,Chris,Mullin,,,USA,,,False,True,False,1985.0,1.0,7.0
77662,Jeff,Mullins,,,USA,,,True,False,False,1964.0,1.0,5.0
40047,Alex,Mumbru,,,"",,,"","","","","",""
42553,Alex,Mumbru,,,"",,,"","","","","",""
942,Todd,Mundt,,,USA,,,False,False,True,-22.0,-22.0,-22.0
204098,Xavier,Munford,,,USA,,,True,False,False,2014.0,"",""
77664,Chris,Munk,,,USA,,,False,True,False,-22.0,-22.0,-22.0
77665,George,Munroe,,,USA,,,True,False,False,-1.0,-1.0,-1.0
201342,Gabe,Muoneke,,,"",,,"","","","","",""
2508,Gabe,Muoneke,,,"",,,"","","","","",""
785,Eric,Murdock,,,USA,,,False,False,False,1991.0,1.0,21.0
49,Gheorghe,Muresan,,,Romania,,,False,False,True,1993.0,2.0,30.0
1630278,Ade,Murkey,,,USA,,,True,False,False,-1.0,-1.0,-1.0
77668,Allen,Murphy,,,USA,,,True,False,False,1975.0,2.0,35.0
77669,Calvin,Murphy,,,USA,,,True,False,False,1970.0,2.0,18.0
77672,Dick,Murphy,,,USA,,,True,False,False,-22.0,-22.0,-22.0
203513,Erik,Murphy,,,Finland,,,False,True,False,2013.0,2.0,49.0
1642438,Grayson,Murphy,,,USA,,,False,False,False,-22.0,-22.0,-22.0
77670,Jay,Murphy,,,USA,,,False,True,False,1984.0,2.0,31.0
77671,John,Murphy,,,USA,,,False,True,False,1975.0,8.0,140.0
1629818,Jordan,Murphy,,,"",,,"","","","","",""
203122,Kevin,Murphy,,,USA,,,True,False,False,2012.0,2.0,47.0
77673,Ronnie,Murphy,,,USA,,,False,True,False,1987.0,1.0,17.0
77674,Tod,Murphy,,,USA,,,False,False,True,1986.0,3.0,53.0
2211,Troy,Murphy,,,USA,,,False,True,True,2001.0,1.0,14.0
1630530,Trey,Murphy III,,,,,,false,false,false,,,
1627749,Dejounte,Murray,,,,,,,,,,,
2436,Flip,Murray,,,USA,,,True,False,False,2002.0,2.0,41.0
1627750,Jamal,Murray,,,,,,false,false,false,,,
1631099,Keegan,Murray,,,,,,false,false,false,,,
77675,Ken,Murray,,,USA,,,True,False,False,1950.0,4.0,""
1631200,Kris,Murray,,,,,,,,,,,
441,Lamond,Murray,,,USA,,,False,True,False,1994.0,1.0,7.0
145,Tracy,Murray,,,USA,,,False,True,False,1992.0,1.0,18.0
1642867,Collin,Murray-Boyles,,,,,,,,,,,
77676,Dorie,Murrey,,,USA,,,False,True,False,1966.0,2.0,12.0
203315,Toure',Murry,,,USA,,,False,True,False,-1.0,-1.0,-1.0
1629058,Dzanan,Musa,,,Bosnia and Herzegovina,,,True,True,False,2018.0,1.0,29.0
196294544,Dzanan,Musa,,,"",,,False,True,False,"","",""
203488,Mike,Muscala,,,USA,,,False,True,True,2013.0,2.0,44.0
77677,Angelo,Musi,,,USA,,,True,False,False,-1.0,-1.0,-1.0
11252,Dejan,Musli,,,"",,,"","","","","",""
1054,Jerrod,Mustaf,,,USA,,,False,True,False,1990.0,1.0,17.0
87,Dikembe,Mutombo,,,Congo,,,False,False,True,1991.0,1.0,4.0
982,Martin,Muursepp,,,Estonia,,,False,True,False,1996.0,1.0,25.0
64132,Shirelijian,Muxtar,,,"",,,True,False,False,"","",""
939,Pete,Myers,,,USA,,,True,False,False,1986.0,6.0,120.0
1629004,Svi,Mykhailiuk,,,,,,false,false,false,,,
1823,Makhtar,N'diaye,,,Senegal,,,False,True,False,-22.0,-22.0,-22.0
2055,Mamadou,N'diaye,,,Senegal,,,False,False,True,2000.0,1.0,26.0
77681,Bob,Naber,,,USA,,,False,True,False,-1.0,-1.0,-1.0
77682,Boris,Nachamkin,,,USA,,,False,True,False,1954.0,2.0,16.0
2411,Bostjan,Nachbar,,,Slovenia,,,False,True,False,2002.0,1.0,15.0
1627846,Abdel,Nader,,,Egypt,,,False,True,False,2016.0,2.0,58.0
77683,Jerry,Nagel,,,USA,,,True,False,False,1949.0,4.0,""
77684,Fred,Nagy,,,USA,,,True,False,False,1947.0,"",""
1924,Lee,Nailon,,,USA,,,False,True,False,1999.0,2.0,43.0
2059,Eduardo,Najera,,,Mexico,,,False,True,False,2000.0,2.0,38.0
77685,Larry,Nance,,,USA,,,False,True,False,1981.0,1.0,20.0
1631250,Pete,Nance,,,,,,,,,,,
1626204,Larry,Nance Jr.,,,,,,,,,,,
203894,Shabazz,Napier,,,USA,,,True,False,False,2014.0,1.0,24.0
77686,Paul,Napolitano,,,USA,,,False,False,False,-22.0,-22.0,-22.0
77688,Bob,Nash,,,USA,,,False,True,False,1972.0,1.0,9.0
77687,Charles,Nash,,,USA,,,False,True,False,1964.0,2.0,12.0
959,Steve,Nash,,,Canada,,,True,False,False,1996.0,1.0,15.0
77689,Swen,Nater,,,USA,,,False,False,True,1973.0,1.0,16.0
77690,Howard,Nathan,,,USA,,,True,False,False,-1.0,-1.0,-1.0
77691,Calvin,Natt,,,USA,,,False,True,False,1979.0,1.0,8.0
77692,Kenny,Natt,,,USA,,,True,False,False,1980.0,2.0,30.0
77693,Willie,Naulls,,,USA,,,False,True,False,1956.0,"",""
2434,Juan Carlos,Navarro,,,Spain,,,False,False,False,2002.0,2.0,39.0
56018,Juan Carlos,Navarro,,,"",,,"","","","","",""
8010,Juan Carlos,Navarro,,,"",,,"","","","","",""
566,Navarro,Navarro,,,"",,,"","","","","",""
202404,Drew,Naymick,,,"",,,"","","","","",""
1642947,Eli John,Ndiaye,,,,,,,,,,,
196294543,Eli John,Ndiaye,,,"",,,"","","","","",""
202380,Hamady,Ndiaye,,,Senegal,,,False,False,True,2010.0,2.0,56.0
101238,Boniface,Ndong,,,Senegal,,,False,False,True,-1.0,-1.0,-1.0
40060,Boniface,Ndong,,,"",,,"","","","","",""
8011,Boniface,Ndong,,,"",,,"","","","","",""
1626254,Maurice,Ndour,,,Senegal,,,False,True,False,-1.0,-1.0,-1.0
1626304,Youssou,Ndoye,,,"",,,"","","","","",""
77694,Craig,Neal,,,USA,,,True,False,False,1988.0,3.0,71.0
202390,Gary,Neal,,,USA,,,True,False,False,-1.0,-1.0,-1.0
77695,Jim,Neal,,,USA,,,False,False,True,1953.0,1.0,6.0
77696,Lloyd,Neal,,,USA,,,False,True,False,1972.0,3.0,31.0
77697,Ed,Nealy,,,USA,,,False,True,False,1982.0,8.0,166.0
203517,Nemanja,Nedovic,,,Serbia,,,True,False,False,2013.0,1.0,30.0
77698,Al,Negratti,,,USA,,,False,True,False,-1.0,-1.0,-1.0
202957,Drew,Neitzel,,,"",,,"","","","","",""
77699,Barry,Nelson,,,USA,,,False,False,True,1971.0,5.0,85.0
201634,DeMarcus,Nelson,,,USA,,,True,False,False,-1.0,-1.0,-1.0
77700,Don,Nelson,,,USA,,,False,True,False,1962.0,3.0,17.0
1641761,Grant,Nelson,,,,,,,,,,,
2749,Jameer,Nelson,,,USA,,,True,False,False,2004.0,1.0,20.0
77701,Louie,Nelson,,,USA,,,True,False,False,1973.0,2.0,19.0
101226,Matt,Nelson,,,"",,,"","","","","",""
203153,Reeves,Nelson,,,"",,,"","","","","",""
101208,Spencer,Nelson,,,"",,,"","","","","",""
1629614,Andrew,Nembhard,,,,,,false,false,false,,,
1129,Ruben,Nembhard,,,USA,,,True,False,False,-1.0,-1.0,-1.0
1642948,Ryan,Nembhard,,,,,,,,,,,
1630612,RJ,Nembhard Jr.,,,USA,,,True,False,False,-1.0,-1.0,-1.0
64152,David,Nesbitt,,,"",,,"","","","","",""
1838,Tyrone,Nesby,,,USA,,,True,True,False,-1.0,-1.0,-1.0
1630174,Aaron,Nesmith,,,,,,false,false,false,,,
77704,Martin,Nessley,,,USA,,,False,True,False,1987.0,6.0,116.0
1725,Rasho,Nesterovic,,,Slovenia,,,False,False,True,1998.0,1.0,17.0
203526,Raul,Neto,,,Brazil,,,True,False,False,2013.0,2.0,47.0
1966938132,Elio,Netto,,,"",,,"","","","","",""
77705,Johnny,Neumann,,,USA,,,True,False,False,1973.0,6.0,98.0
77706,Paul,Neumann,,,USA,,,True,False,False,1959.0,4.0,27.0
202075,Luke,Nevill,,,"",,,"","","","","",""
77707,Chuck,Nevitt,,,USA,,,False,False,True,1982.0,3.0,63.0
1116,Melvin,Newbern,,,USA,,,True,False,False,-1.0,-1.0,-1.0
1096,Ivano,Newbill,,,USA,,,False,False,True,-22.0,-22.0,-22.0
1956,Ira,Newble,,,USA,,,True,True,False,-1.0,-1.0,-1.0
1642854,Asa,Newell,,,,,,,,,,,
1962937734,Brad,Newley,,,"",,,False,False,False,"","",""
201194,Brad,Newley,,,"",,,"","","","","",""
77710,Mike,Newlin,,,USA,,,True,False,False,1971.0,2.0,24.0
271,Johnny,Newman,,,USA,,,False,True,False,1986.0,2.0,29.0
1629005,Malik,Newman,,,USA,,,True,False,False,2018.0,"",""
77712,Dave,Newmark,,,USA,,,False,False,True,1968.0,3.0,31.0
201232,Jared,Newson,,,"",,,"","","","","",""
1641803,Tristen,Newton,,,,,,,,,,,
64081,Jordan,Ngatai,,,"",,,"","","","","",""
162777,Georges,Niang,,,"",,,"","","","","",""
1627777,Georges,Niang,,,,,,,,,,,
581,Drew,Nicholas,,,"",,,"","","","","",""
201193,Demetris,Nichols,,,USA,,,False,False,False,2007.0,2.0,53.0
77713,Jack,Nichols,,,USA,,,False,False,True,1948.0,1.0,12.0
203094,Andrew,Nicholson,,,Canada,,,False,True,False,2012.0,1.0,19.0
1093,Gaylon,Nickerson,,,USA,,,True,False,False,1994.0,2.0,34.0
77715,Carl,Nicks,,,USA,,,True,False,False,1980.0,1.0,23.0
1642949,Yanic Konan,Niederhauser,,,,,,,,,,,
6663993,Matthew,Nielsen,,,"",,,"","","","","",""
77716,Rich,Niemann,,,USA,,,False,False,True,1968.0,4.0,42.0
77717,John,Niemiera,,,USA,,,True,False,False,-1.0,-1.0,-1.0
77718,Mike,Niles,,,USA,,,False,True,False,1979.0,4.0,83.0
77719,Kurt,Nimphius,,,USA,,,False,False,True,1980.0,3.0,47.0
7007,Yoni,Nir,,,"",,,"","","","","",""
1630227,Daishen,Nix,,,"",,,"","","","","",""
77720,Dyron,Nix,,,USA,,,True,False,False,1989.0,2.0,29.0
77721,Norm,Nixon,,,USA,,,True,False,False,1977.0,1.0,22.0
1630192,Zeke,Nnaji,,,,,,,,,,,
1628477,Landry,Nnoko,,,"",,,"","","","","",""
201149,Joakim,Noah,,,USA,,,False,True,True,2007.0,1.0,9.0
77722,Chuck,Noble,,,USA,,,True,False,False,1954.0,4.0,30.0
2804,Andres,Nocioni,,,Argentina,,,"","","",-1.0,-1.0,-1.0
200786,David,Noel,,,USA,,,True,True,False,2006.0,2.0,39.0
203457,Nerlens,Noel,,,USA,,,False,True,True,2013.0,1.0,6.0
77723,Paul,Noel,,,USA,,,False,True,False,-1.0,-1.0,-1.0
203512,Lucas,Nogueira,,,Brazil,,,False,False,True,2013.0,1.0,16.0
77724,Jim,Nolan,,,USA,,,False,False,True,1949.0,2.0,""
77725,Paul,Nolen,,,USA,,,False,False,True,1953.0,"",""
1641805,Landers,Nolley II,,,USA,,,False,False,False,-22.0,-22.0,-22.0
999,Jeff,Nordgaard,,,USA,,,False,True,False,1996.0,2.0,53.0
77727,Robert,Nordmann,,,USA,,,False,False,True,1961.0,3.0,25.0
77728,Johnny,Norlander,,,USA,,,False,True,False,-1.0,-1.0,-1.0
77729,Connie,Norman,,,USA,,,True,False,False,1974.0,3.0,37.0
80,Ken,Norman,,,USA,,,False,True,False,1987.0,1.0,19.0
77731,Audie,Norris,,,USA,,,False,False,True,1982.0,2.0,37.0
1641936,Miles,Norris,,,USA,,,False,False,False,-22.0,-22.0,-22.0
983,Moochie,Norris,,,USA,,,True,False,False,1996.0,2.0,33.0
77732,Sylvester,Norris,,,USA,,,False,False,True,1979.0,3.0,63.0
64036,Mitch,Norton,,,"",,,"","","","","",""
1629668,Zach,Norvell Jr.,,,USA,,,False,False,False,-22.0,-22.0,-22.0
77733,Willie,Norwood,,,USA,,,False,True,False,1969.0,2.0,19.0
77734,George,Nostrand,,,USA,,,False,False,True,-1.0,-1.0,-1.0
77735,Stan,Noszka,,,USA,,,True,False,False,-1.0,-1.0,-1.0
77736,Mike,Novak,,,USA,,,False,False,True,-1.0,-1.0,-1.0
200779,Steve,Novak,,,USA,,,False,True,False,2006.0,2.0,32.0
1629669,Jaylen,Nowell,,,USA,,,True,False,False,2019.0,2.0,43.0
1641806,Markquis,Nowell,,,USA,,,False,False,False,-22.0,-22.0,-22.0
77737,Mel,Nowell,,,USA,,,True,False,False,1962.0,12.0,90.0
1717,Dirk,Nowitzki,,,Germany,,,False,True,False,1998.0,1.0,9.0
1628373,Frank,Ntilikina,,,France,,,True,False,False,2017.0,1.0,8.0
1629134,Kendrick,Nunn,,,USA,,,True,False,False,-1.0,-1.0,-1.0
203263,James,Nunnally,,,USA,,,False,True,False,-1.0,-1.0,-1.0
203994,Jusuf,Nurkic,,,,,,false,false,false,,,
77738,Dennis,Nutt,,,USA,,,True,False,False,-1.0,-1.0,-1.0
1628021,David,Nwaba,,,USA,,,True,True,False,-22.0,-22.0,-22.0
203327,Daniel,Nwaelele,,,"",,,"","","","","",""
1636,Ike,Nwankwo,,,"",,,"","","","","",""
1629670,Jordan,Nwora,,,USA,,,False,True,False,2020.0,2.0,45.0
1022,Julius,Nwosu,,,USA,,,False,True,False,-1.0,-1.0,-1.0
1525,Charles,O'Bannon,,,USA,,,True,False,False,1997.0,2.0,31.0
709,Ed,O'Bannon,,,USA,,,False,True,False,1995.0,1.0,9.0
77741,Ed,O'Bannon,,,"",,,"","","","","",""
7008,Larry,O'Bannon,,,"",,,"","","","","",""
77742,John,O'Boyle,,,USA,,,True,False,False,-1.0,-1.0,-1.0
77744,Bob,O'Brien,,,USA,,,False,True,False,-1.0,-1.0,-1.0
77743,Buckshot,O'Brien,,,USA,,,"","","",1950.0,6.0,""
1626266,JJ,O'Brien,,,USA,,,False,True,False,-1.0,-1.0,-1.0
200753,Patrick,O'Bryant,,,USA,,,False,False,True,2006.0,1.0,9.0
203948,Johnny,O'Bryant III,,,USA,,,False,False,False,2014.0,2.0,36.0
1631499,Alex,O'Connell,,,USA,,,False,False,False,-22.0,-22.0,-22.0
77745,Dermie,O'Connell,,,USA,,,True,False,False,-1.0,-1.0,-1.0
77746,Andy,O'Donnell,,,USA,,,True,False,False,-1.0,-1.0,-1.0
77750,Francis,O'Grady,,,USA,,,True,False,False,-1.0,-1.0,-1.0
77752,Dick,O'Keefe,,,USA,,,False,False,False,1947.0,1.0,9.0
77753,Tommy,O'Keefe,,,USA,,,True,False,False,1950.0,4.0,""
77754,Mike,O'Koren,,,USA,,,False,True,False,1980.0,1.0,6.0
77766,Grady,O'Malley,,,USA,,,False,True,False,1969.0,1.0,214.0
979,Jermaine,O'Neal,,,USA,,,False,True,True,1996.0,1.0,17.0
406,Shaquille,O'Neal,,,USA,,,False,False,True,1992.0,1.0,1.0
1626220,Royce,O'Neale,,,,,,,,,,,
77767,Mike,O'Neill,,,USA,,,False,True,False,-1.0,-1.0,-1.0
203124,Kyle,O'Quinn,,,USA,,,False,True,True,2012.0,2.0,49.0
77773,Kevin,O'Shea,,,USA,,,False,False,False,1950.0,1.0,10.0
77774,Garland,O'Shields,,,USA,,,True,False,False,-1.0,-1.0,-1.0
77776,Dan,O'Sullivan,,,USA,,,"","","",-1.0,-1.0,-1.0
891,Charles,Oakley,,,USA,,,False,True,False,1985.0,1.0,9.0
101177,Fabricio,Oberto,,,Argentina,,,False,False,True,-1.0,-1.0,-1.0
201236,Lukasz,Obrzut,,,"",,,"","","","","",""
1627849,Daniel,Ochefu,,,USA,,,False,True,False,-1.0,-1.0,-1.0
201141,Greg,Oden,,,USA,,,False,False,True,2007.0,1.0,1.0
1629826,Norense,Odiase,,,"",,,"","","","","",""
1885,Lamar,Odom,,,USA,,,False,True,False,1999.0,1.0,4.0
1642490,Josh,Oduro,,,USA,,,False,False,False,-22.0,-22.0,-22.0
42568,Ike,Ofoegbu,,,"",,,"","","","","",""
43237,Ike,Ofoegbu,,,"",,,"","","","","",""
77747,Carlos,Ogden,,,USA,,,False,True,False,1969.0,1.0,13.0
77748,Ralph,Ogden,,,USA,,,False,True,False,1970.0,4.0,53.0
1628,Alan,Ogg,,,USA,,,False,False,True,-1.0,-1.0,-1.0
196294593,Yogev,Ohayon,,,"",,,"","","","","",""
43189,Yogev,Ohayon,,,"",,,"","","","","",""
77751,Don,Ohl,,,USA,,,True,False,False,1958.0,5.0,36.0
203317,Tim,Ohlbrecht,,,Germany,,,False,True,True,-1.0,-1.0,-1.0
1628400,Semi,Ojeleye,,,USA,,,False,True,False,2017.0,2.0,37.0
2731,Emeka,Okafor,,,USA,,,False,False,True,2004.0,1.0,2.0
1626143,Jahlil,Okafor,,,USA,,,False,True,True,2015.0,1.0,3.0
1629643,Chuma,Okeke,,,USA,,,False,True,False,2019.0,1.0,16.0
1629059,Elie,Okobo,,,France,,,True,True,False,2018.0,2.0,31.0
1629006,Josh,Okogie,,,,,,,,,,,
1630168,Onyeka,Okongwu,,,,,,,,,,,
1630171,Isaac,Okoro,,,,,,false,false,false,,,
1629644,KZ,Okpala,,,USA,,,True,True,False,2019.0,2.0,32.0
2144,Ademola,Okulaja,,,"",,,"","","","","",""
519,Ademola,Okulaja,,,"",,,"","","","","",""
2246,Mehmet,Okur,,,Turkey,,,False,False,True,2001.0,2.0,37.0
203506,Victor,Oladipo,,,,,,false,false,false,,,
165,Hakeem,Olajuwon,,,Nigeria,,,False,False,True,1984.0,1.0,1.0
77756,Mark,Olberding,,,USA,,,False,True,False,-1.0,-1.0,-1.0
1642950,Lachlan,Olbrich,,,,,,,,,,,
77757,Jawann,Oldham,,,USA,,,False,False,True,1980.0,2.0,41.0
77758,Johnny,Oldham,,,USA,,,True,False,False,1949.0,2.0,""
196295498,Shai,Olearchik,,,,,,,,,,,
11256,Brad,Oleson,,,"",,,"","","","","",""
77759,Frank,Oleynick,,,USA,,,True,False,False,1975.0,1.0,12.0
1642439,Quincy,Olivari,,,"",,,"","","","","",""
77760,John,Olive,,,USA,,,False,True,False,1977.0,8.0,168.0
202935,Adrian,Oliver,,,"",,,"","","","","",""
1680,Brian,Oliver,,,USA,,,True,False,False,1990.0,2.0,32.0
1628419,Cameron,Oliver,,,USA,,,False,True,False,-1.0,-1.0,-1.0
2352,Dean,Oliver,,,USA,,,True,False,False,-1.0,-1.0,-1.0
1429,Jimmy,Oliver,,,USA,,,True,False,False,1991.0,2.0,39.0
1563,Kevin,Ollie,,,USA,,,True,False,False,-1.0,-1.0,-1.0
77764,Gene,Ollrich,,,USA,,,True,False,False,-1.0,-1.0,-1.0
42547,Ayberk,Olmaz,,,"",,,"","","","","",""
1709,Michael,Olowokandi,,,Nigeria,,,False,False,True,1998.0,1.0,1.0
77765,Enoch,Olsen,,,USA,,,False,True,False,1962.0,2.0,13.0
203482,Kelly,Olynyk,,,,,,,,,,,
1641807,Norchad,Omier,,,,,,,,,,,
1630647,Eugene,Omoruyi,,,"",,,"","","","","",""
1629245,Nuni,Omot,,,Kenya,,,False,False,False,-22.0,-22.0,-22.0
56001,Omer,Onan,,,"",,,"","","","","",""
1641861,Nick,Ongenda,,,South Africa,,,False,False,False,-22.0,-22.0,-22.0
1629671,Miye,Oni,,,USA,,,True,True,False,2019.0,2.0,58.0
1630601,EJ,Onu,,,USA,,,False,False,False,-22.0,-22.0,-22.0
202620,Arinze,Onuaku,,,USA,,,False,True,True,-1.0,-1.0,-1.0
1627778,Chinanu,Onuaku,,,USA,,,False,False,True,2016.0,2.0,37.0
77768,Barry,Orms,,,USA,,,True,False,False,1968.0,8.0,96.0
77769,Johnny,Orr,,,USA,,,False,False,False,-22.0,-22.0,-22.0
77770,Louis,Orr,,,USA,,,False,True,False,1980.0,2.0,29.0
77771,Jose,Ortiz,,,USA,,,False,True,False,1987.0,1.0,15.0
202350,Daniel,Orton,,,USA,,,False,False,True,2010.0,1.0,29.0
77772,Chuck,Osborne,,,USA,,,False,True,False,1961.0,3.0,28.0
203528,Romero,Osby,,,"",,,"","","","","",""
1626224,Cedi,Osman,,,Turkey,,,False,True,False,2015.0,2.0,31.0
77775,Wally,Osterkorn,,,USA,,,False,True,False,1950.0,2.0,""
731,Greg,Ostertag,,,USA,,,False,False,True,1995.0,1.0,28.0
77777,Matt,Othick,,,USA,,,True,False,False,-1.0,-1.0,-1.0
77778,Don,Otten,,,USA,,,False,False,True,-1.0,-1.0,-1.0
77779,Mac,Otten,,,USA,,,False,True,False,1949.0,3.0,""
1630187,Daniel,Oturu,,,USA,,,False,False,True,2020.0,2.0,33.0
1628473,Yakuba,Ouattara,,,"",,,"","","","","",""
1626162,Kelly,Oubre Jr.,,,,,,false,false,false,,,
448,Bo,Outlaw,,,USA,,,False,True,False,-1.0,-1.0,-1.0
2566,Travis,Outlaw,,,USA,,,False,True,False,2003.0,1.0,23.0
77780,Claude,Overton,,,USA,,,True,False,False,1950.0,5.0,""
77,Doug,Overton,,,USA,,,True,False,False,1991.0,2.0,40.0
101261,Andre,Owens,,,USA,,,True,False,False,-1.0,-1.0,-1.0
182,Billy,Owens,,,USA,,,True,True,False,1991.0,1.0,3.0
2442,Chris,Owens,,,USA,,,False,True,False,2002.0,2.0,47.0
77782,Eddie,Owens,,,USA,,,False,True,False,1977.0,2.0,31.0
77783,James,Owens,,,USA,,,True,False,False,-1.0,-1.0,-1.0
77784,Jim,Owens,,,USA,,,False,True,False,1973.0,8.0,128.0
77785,Keith,Owens,,,USA,,,False,True,False,-1.0,-1.0,-1.0
202082,Larry,Owens,,,USA,,,True,True,False,-1.0,-1.0,-1.0
1629745,Tariq,Owens,,,USA,,,False,True,False,-22.0,-22.0,-22.0
77786,Tom,Owens,,,USA,,,False,False,True,1971.0,4.0,58.0
1077,Ray,Owes,,,USA,,,False,True,False,-1.0,-1.0,-1.0
2071,Olumide,Oyedeji,,,Nigeria,,,False,False,False,2000.0,2.0,42.0
77788,Joe,Pace,,,USA,,,False,False,True,1976.0,2.0,31.0
529,Pachoutine,Pachoutine,,,"",,,"","","","","",""
2585,Zaza,Pachulia,,,Georgia,,,False,False,True,2003.0,2.0,42.0
123,Robert,Pack,,,USA,,,True,False,False,-1.0,-1.0,-1.0
584,Bora Hun,Pacun,,,"",,,"","","","","",""
77789,Gerald,Paddio,,,USA,,,False,True,False,1988.0,3.0,74.0
201624,David,Padgett,,,"",,,"","","","","",""
1909,Scott,Padgett,,,USA,,,False,True,False,1999.0,1.0,28.0
1629873,Jaysean,Paige,,,USA,,,True,False,False,-1.0,-1.0,-1.0
1627779,Marcus,Paige,,,USA,,,True,False,False,2016.0,2.0,55.0
77790,Fred,Paine,,,USA,,,False,True,False,-1.0,-1.0,-1.0
1960,Milt,Palacio,,,Belize,,,True,False,False,-1.0,-1.0,-1.0
77791,Togo,Palazzi,,,USA,,,False,True,False,1954.0,1.0,5.0
77792,Jim,Palmer,,,USA,,,False,True,False,1957.0,2.0,12.0
77793,John,Palmer,,,USA,,,False,True,False,-1.0,-1.0,-1.0
202402,Kevin,Palmer,,,"",,,"","","","","",""
1629309,Trayvon,Palmer,,,USA,,,True,False,False,-1.0,-1.0,-1.0
1185,Violet,Palmer,,,"",,,"","","","","",""
77794,Walter,Palmer,,,USA,,,False,False,True,1990.0,2.0,33.0
1629615,James,Palmer Jr.,,,"",,,"","","","","",""
204215,Bubu,Palo,,,"",,,"","","","","",""
1630698,Kevin,Pangos,,,Canada,,,True,False,False,-1.0,-1.0,-1.0
1950,Andy,Panko,,,USA,,,False,True,False,-1.0,-1.0,-1.0
40046,Lazaros,Papadopoulos,,,"",,,"","","","","",""
1627834,Georgios,Papagiannis,,,Greece,,,False,False,True,2016.0,1.0,13.0
530,Theo,Papaloukas,,,"",,,"","","","","",""
267617,Theodoros,Papaloukas,,,"",,,"","","","","",""
203123,Kostas,Papanikolaou,,,Greece,,,False,True,False,2012.0,2.0,48.0
2847,Adam,Parada,,,"",,,"","","","","",""
2457,Jannero,Pargo,,,USA,,,True,False,False,-1.0,-1.0,-1.0
202951,Jeremy,Pargo,,,USA,,,False,False,False,2009.0,0.0,0.0
42582,Jeremy,Pargo,,,"",,,"","","","","",""
43181,Jeremy,Pargo,,,"",,,False,False,False,"","",""
77797,Estes,Parham,,,USA,,,False,True,False,1948.0,"",""
305,Robert,Parish,,,USA,,,False,False,True,1976.0,1.0,8.0
77799,Medford,Park,,,USA,,,True,False,False,-1.0,-1.0,-1.0
1515,Anthony,Parker,,,USA,,,True,False,False,1997.0,1.0,21.0
203953,Jabari,Parker,,,USA,,,False,True,False,2014.0,1.0,2.0
2470,Smush,Parker,,,USA,,,True,False,False,-1.0,-1.0,-1.0
77800,Sonny,Parker,,,USA,,,False,True,False,1976.0,1.0,17.0
2225,Tony,Parker,,,France,,,True,False,False,2001.0,1.0,28.0
77801,Jack,Parkinson,,,USA,,,True,False,False,1948.0,"",""
685,Cherokee,Parks,,,USA,,,False,True,True,1995.0,1.0,12.0
1966938137,Luciano,Parodi,,,"",,,True,False,False,"","",""
196295481,Regina,Parquet,,,,,,,,,,,
77802,Jack,Parr,,,USA,,,False,False,True,1958.0,10.0,70.0
77803,Doyle,Parrack,,,USA,,,False,True,False,-1.0,-1.0,-1.0
77804,Charlie,Parsley,,,USA,,,True,False,False,-1.0,-1.0,-1.0
202718,Chandler,Parsons,,,USA,,,False,True,False,2011.0,2.0,38.0
1629672,Eric,Paschall,,,USA,,,False,True,False,2019.0,2.0,41.0
1628394,Anzejs,Pasecniks,,,Latvia,,,False,True,True,2017.0,1.0,25.0
1097,Zarko,Paspalj,,,Serbia,,,False,True,False,-1.0,-1.0,-1.0
77806,Marty,Passaglia,,,USA,,,True,False,False,-1.0,-1.0,-1.0
77807,George A.,Pastushok,,,USA,,,"","","",-1.0,-1.0,-1.0
77808,Myles,Patrick,,,USA,,,False,True,False,-1.0,-1.0,-1.0
77809,Stan,Patrick,,,USA,,,False,True,False,-1.0,-1.0,-1.0
1754,Andrae,Patterson,,,USA,,,False,True,False,1998.0,2.0,46.0
201001,Andre,Patterson,,,"",,,"","","","","",""
77811,George,Patterson,,,USA,,,False,False,True,1961.0,12.0,100.0
203934,Lamar,Patterson,,,USA,,,True,True,False,2014.0,2.0,48.0
202335,Patrick,Patterson,,,USA,,,False,True,False,2010.0,1.0,14.0
1739,Ruben,Patterson,,,USA,,,False,True,False,1998.0,2.0,31.0
77812,Steve,Patterson,,,USA,,,False,False,True,1971.0,2.0,18.0
77813,Tommy,Patterson,,,USA,,,False,True,False,1972.0,2.0,25.0
77814,Worthy,Patterson,,,USA,,,True,False,False,-1.0,-1.0,-1.0
1628383,Justin,Patton,,,USA,,,False,False,True,2017.0,1.0,16.0
203464,Brandon,Paul,,,USA,,,True,False,False,-1.0,-1.0,-1.0
101108,Chris,Paul,,,,,,,,,,,
77815,Charlie,Paulk,,,USA,,,False,True,False,1968.0,1.0,7.0
77816,Jerry,Paulson,,,USA,,,True,False,False,1957.0,3.0,17.0
77817,Billy,Paultz,,,USA,,,False,False,True,1970.0,7.0,103.0
100686,Michaela,Pavlickova,,,"",,,"","","","","",""
2562,Sasha,Pavlovic,,,Montenegro,,,True,True,False,2003.0,1.0,19.0
77818,Jim,Paxson,,,USA,,,True,False,False,1956.0,1.0,3.0
77819,Jim,Paxson,,,USA,,,True,False,False,1979.0,1.0,12.0
77820,John,Paxson,,,USA,,,True,False,False,1983.0,1.0,19.0
77821,Johnny,Payak,,,USA,,,True,False,False,-1.0,-1.0,-1.0
203940,Adreian,Payne,,,USA,,,False,True,False,2014.0,1.0,15.0
1626166,Cameron,Payne,,,,,,false,false,false,,,
77822,Kenny,Payne,,,USA,,,False,True,False,1989.0,1.0,19.0
77823,Tom,Payne,,,USA,,,False,False,True,-1.0,-1.0,-1.0
203901,Elfrid,Payton,,,USA,,,True,False,False,2014.0,1.0,10.0
56,Gary,Payton,,,USA,,,True,False,False,1990.0,1.0,2.0
77824,Mel,Payton,,,USA,,,True,False,False,1951.0,2.0,18.0
1627780,Gary,Payton II,,,,,,,,,,,
1628433,L.J.,Peak,,,"",,,"","","","","",""
77825,George,Pearcy,,,USA,,,True,False,False,-1.0,-1.0,-1.0
77826,Henry,Pearcy,,,USA,,,True,False,False,-1.0,-1.0,-1.0
1642877,Micah,Peavy,,,,,,,,,,,
200762,Oleksiy,Pecherov,,,Ukraine,,,False,True,True,2006.0,1.0,18.0
6008,Oleksiy,Pecherov,,,"",,,"","","","","",""
77827,Wiley,Peck,,,USA,,,True,False,False,1979.0,1.0,19.0
324,Anthony,Peeler,,,USA,,,True,False,False,1992.0,1.0,15.0
56005,Kaya,Peker,,,"",,,"","","","","",""
201593,Nikola,Pekovic,,,Montenegro,,,False,False,True,2008.0,2.0,31.0
40042,Michalis,Pelekanos,,,"",,,"","","","","",""
77828,Jake,Pelkington,,,USA,,,False,False,True,-1.0,-1.0,-1.0
203658,Norvel,Pelle,,,Antigua and Barbuda,,,False,False,True,-1.0,-1.0,-1.0
77829,Sam,Pellom,,,USA,,,False,True,False,-1.0,-1.0,-1.0
2130,Mike,Penberthy,,,USA,,,"","","",-1.0,-1.0,-1.0
1642869,Noah,Penda,,,,,,,,,,,
1962937761,Yan,Peng,,,"",,,"","","","","",""
64090,Yan,Peng,,,"",,,"","","","","",""
2667,Desmond,Penigar,,,USA,,,False,True,False,-1.0,-1.0,-1.0
1626285,Kleon,Penn,,,"",,,"","","","","",""
2632,Kirk,Penney,,,USA,,,True,False,False,-1.0,-1.0,-1.0
46,Mike,Peplowski,,,USA,,,False,False,True,1993.0,2.0,52.0
781,Will,Perdue,,,USA,,,False,False,True,1988.0,1.0,11.0
1641970,Maozinha,Pereira,,,Brazil,,,False,False,False,-22.0,-22.0,-22.0
41625,Doron,Perkins,,,"",,,"","","","","",""
1629616,Josh,Perkins,,,"",,,"","","","","",""
2570,Kendrick,Perkins,,,USA,,,False,False,True,2003.0,1.0,27.0
64,Sam,Perkins,,,USA,,,False,True,True,1984.0,1.0,4.0
77834,Warren,Perkins,,,USA,,,True,False,False,1949.0,4.0,""
200785,Kosta,Perovic,,,Serbia,,,False,False,True,2006.0,2.0,38.0
8012,Kosta,Perovic,,,"",,,"","","","","",""
40068,Efstratios,Perperoglou,,,"",,,"","","","","",""
1628506,London,Perrantes,,,USA,,,True,False,False,2017.0,"",""
1962937828,London,Perrantes,,,"",,,"","","","","",""
77835,Curtis,Perry,,,USA,,,False,True,False,1970.0,3.0,35.0
386,Elliot,Perry,,,USA,,,True,False,False,1991.0,2.0,37.0
2855,Marque,Perry,,,"",,,"","","","","",""
1629617,Reggie,Perry,,,USA,,,False,True,True,2020.0,2.0,57.0
897,Tim,Perry,,,USA,,,False,True,False,1988.0,1.0,7.0
456,Chuck,Person,,,USA,,,False,True,False,1986.0,1.0,4.0
445,Wesley,Person,,,USA,,,True,True,False,1994.0,1.0,23.0
1643007,Taelon,Peter,,,,,,,,,,,
1628409,Alec,Peters,,,USA,,,False,True,False,2017.0,2.0,54.0
1629777,Lamar,Peters,,,"",,,"","","","","",""
77839,Jim,Petersen,,,USA,,,False,True,False,1984.0,3.0,51.0
77840,Loy,Petersen,,,USA,,,True,False,False,1968.0,2.0,17.0
77843,Bob,Peterson,,,USA,,,False,True,False,1953.0,"",""
1641809,Drew,Peterson,,,,,,,,,,,
77841,Ed,Peterson,,,USA,,,False,False,True,1948.0,"",""
77842,Mel,Peterson,,,USA,,,True,False,False,1960.0,11.0,78.0
2050,Morris,Peterson,,,USA,,,False,False,False,2000.0,1.0,21.0
1628517,Luke,Petrasek,,,"",,,"","","","","",""
44048,Marijonas,Petravicius,,,"",,,"","","","","",""
6009,Marius,Petravicius,,,"",,,"","","","","",""
27015,Anthony,Petrie,,,"",,,"","","","","",""
77844,Geoff,Petrie,,,USA,,,True,False,False,1970.0,1.0,8.0
101130,Johan,Petro,,,France,,,False,False,True,2005.0,1.0,25.0
77845,Drazen,Petrovic,,,Croatia,,,True,False,False,1986.0,3.0,60.0
1630196,Filip,Petrusev,,,Serbia,,,False,False,False,2021.0,2.0,50.0
77846,Richard,Petruska,,,USA,,,False,False,True,1993.0,2.0,46.0
1626189,Terran,Petteway,,,"",,,"","","","","",""
77847,Bob,Pettit,,,USA,,,False,True,False,1954.0,1.0,2.0
1630566,John,Petty Jr.,,,USA,,,False,False,False,-22.0,-22.0,-22.0
201237,Brent,Petway,,,"",,,"","","","","",""
196294600,Elfrid,Peyton,,,"",,,"","","","","",""
77848,Roger,Phegley,,,USA,,,True,False,False,1978.0,1.0,14.0
77850,Jack,Phelan,,,USA,,,False,True,False,-1.0,-1.0,-1.0
77849,Jim,Phelan,,,USA,,,True,False,False,1951.0,8.0,77.0
74,Derrick,Phelps,,,USA,,,False,True,False,-1.0,-1.0,-1.0
77852,Mike,Phelps,,,USA,,,True,False,False,1985.0,7.0,144.0
77853,Andy,Phillip,,,USA,,,True,False,False,-22.0,-22.0,-22.0
1629341,Tarik,Phillip,,,USA,,,True,False,False,-22.0,-22.0,-22.0
77854,Eddie,Phillips,,,USA,,,False,True,False,1982.0,1.0,21.0
77855,Gary,Phillips,,,USA,,,True,False,False,1961.0,1.0,9.0
1641763,Julian,Phillips,,,,,,,,,,,
184,Bobby,Phills,,,USA,,,False,False,False,1991.0,2.0,45.0
15,Eric,Piatkowski,,,USA,,,True,True,False,1994.0,1.0,15.0
1629618,Jalen,Pickett,,,,,,,,,,,
1630691,Jamorko,Pickett,,,USA,,,False,True,False,-1.0,-1.0,-1.0
2773,Tim,Pickett,,,"",,,"","","","","",""
1718,Paul,Pierce,,,USA,,,False,True,False,1998.0,1.0,10.0
894,Ricky,Pierce,,,USA,,,True,False,False,1982.0,1.0,18.0
1630321,Nate,Pierre-Louis,,,USA,,,"","","",-1.0,-1.0,-1.0
77858,Stan,Pietkiewicz,,,USA,,,True,False,False,1978.0,7.0,133.0
40019,Florent,Pietrus,,,"",,,"","","","","",""
2554,Mickael,Pietrus,,,France,,,False,True,False,2003.0,1.0,11.0
77859,John,Pilch,,,USA,,,False,True,False,1950.0,2.0,""
42550,Fran,Pilepic,,,"",,,"","","","","",""
291,Ed,Pinckney,,,USA,,,False,True,False,1985.0,1.0,10.0
1962937740,Dane,Pineau,,,"",,,"","","","","",""
196294574,Dane,Pineau,,,"",,,"","","","","",""
196295066,Dane,Pineau,,,"",,,"","","","","",""
64057,Dane,Pineau,,,"",,,"","","","","",""
1629753,Isaiah,Pineiro,,,"",,,"","","","","",""
1966938169,Facundo,Pinero,,,"",,,False,False,True,"","",""
200838,Kevinn,Pinkney,,,USA,,,False,True,False,-1.0,-1.0,-1.0
200805,JR,Pinnock,,,"",,,"","","","","",""
77861,John,Pinone,,,USA,,,False,True,False,1983.0,3.0,58.0
1629033,Theo,Pinson,,,USA,,,True,True,False,-1.0,-1.0,-1.0
77862,Dave,Piontek,,,USA,,,False,True,False,1956.0,"",""
77863,Tom,Piotrowski,,,USA,,,False,False,True,1983.0,3.0,62.0
1629800,Kavion,Pippen,,,"",,,"","","","","",""
937,Scottie,Pippen,,,USA,,,True,True,False,1987.0,1.0,5.0
1630590,Scotty,Pippen Jr.,,,,,,,,,,,
77864,Charlie,Pittman,,,USA,,,False,True,False,1982.0,3.0,61.0
202354,Dexter,Pittman,,,USA,,,False,False,True,2010.0,2.0,32.0
200819,Kevin,Pittsnogle,,,"",,,"","","","","",""
56039,Dario,Piva,,,"",,,"","","","","",""
201610,Trent,Plaisted,,,"",,,"","","","","",""
2565,Zoran,Planinic,,,Croatia,,,"","","",2003.0,1.0,22.0
64029,Alex,Pledger,,,"",,,"","","","","",""
202353,Tibor,Pleiss,,,Germany,,,False,False,True,2010.0,2.0,31.0
1631342,Daeqwon,Plowden,,,,,,,,,,,
1627850,Marshall,Plumlee,,,USA,,,False,False,True,-1.0,-1.0,-1.0
203486,Mason,Plumlee,,,,,,,,,,,
203101,Miles,Plumlee,,,USA,,,False,False,True,2012.0,1.0,26.0
196295091,Alfonso ,Plummer,,,"",,,False,False,False,"","",""
77865,Gary,Plummer,,,USA,,,False,True,False,1984.0,2.0,45.0
41627,Guy,Pnini,,,"",,,"","","","","",""
43187,Guy,Pnini,,,"",,,False,False,False,"","",""
56048,Martynas,Pocius,,,"",,,"","","","","",""
2750,Pavel,Podkolzin,,,Russia,,,False,False,True,2004.0,1.0,21.0
520,Pavel,Podkolzin,,,"",,,"","","","","",""
1641764,Brandin,Podziemski,,,,,,false,false,false,,,
1627751,Jakob,Poeltl,,,,,,,,,,,
1626218,Sir'Dominic,Pointer,,,"",,,"","","","","",""
1629738,Vincent,Poirier,,,France,,,False,True,True,-1.0,-1.0,-1.0
196294539,Vincent,Poirier,,,"",,,"","","","","",""
1630197,Aleksej,Pokusevski,,,Serbia,,,False,True,False,2020.0,1.0,17.0
77866,Dwayne,Polee,,,USA,,,False,True,False,1986.0,3.0,54.0
77867,Jim,Pollard,,,USA,,,False,True,False,-22.0,-22.0,-22.0
1513,Scot,Pollard,,,USA,,,False,True,True,1997.0,1.0,19.0
77868,Ralph,Polson,,,USA,,,False,True,False,1952.0,1.0,5.0
178,Olden,Polynice,,,USA,,,False,False,False,1987.0,1.0,8.0
77869,Cliff,Pondexter,,,USA,,,False,True,False,1974.0,1.0,16.0
202347,Quincy,Pondexter,,,USA,,,False,True,False,2010.0,1.0,26.0
1629044,Shamorie,Ponds,,,USA,,,True,False,False,-1.0,-1.0,-1.0
531,Anton,Ponkrashov,,,"",,,"","","","","",""
1630582,Yves,Pons,,,France,,,False,True,False,-1.0,-1.0,-1.0
1629673,Jordan,Poole,,,,,,false,false,false,,,
77870,David,Pope,,,USA,,,False,True,False,1984.0,3.0,62.0
998,Mark,Pope,,,USA,,,False,True,True,1996.0,2.0,52.0
40054,Bojan,Popovic,,,"",,,"","","","","",""
40088,Marko,Popovic,,,"",,,"","","","","",""
77872,Dave,Popson,,,USA,,,False,False,True,1987.0,4.0,88.0
77873,Ben,Poquette,,,USA,,,False,True,False,1977.0,2.0,36.0
2084,Chris,Porter,,,USA,,,False,True,False,2000.0,2.0,55.0
77875,Howard,Porter,,,USA,,,False,True,False,1971.0,2.0,32.0
1629007,Jontay,Porter,,,USA,,,False,True,True,-1.0,-1.0,-1.0
77876,Kevin,Porter,,,USA,,,True,False,False,1972.0,3.0,39.0
345,Terry,Porter,,,USA,,,True,False,False,1985.0,1.0,24.0
1641854,Craig,Porter Jr.,,,,,,,,,,,
1629645,Kevin,Porter Jr.,,,,,,false,false,false,,,
1629008,Michael,Porter Jr.,,,,,,false,false,false,,,
203490,Otto,Porter Jr.,,,USA,,,False,True,False,2013.0,1.0,3.0
1626171,Bobby,Portis,,,,,,,,,,,
77878,Bob,Portman,,,USA,,,False,True,False,1969.0,1.0,7.0
204001,Kristaps,Porzingis,,,,,,false,false,false,,,
1899,James,Posey,,,USA,,,False,True,False,1999.0,1.0,18.0
1642366,Quinten,Post,,,,,,,,,,,
2068,Lavor,Postell,,,USA,,,True,True,False,2000.0,2.0,39.0
958,Vitaly,Potapenko,,,Ukraine,,,False,True,True,1996.0,1.0,12.0
1630695,Micah,Potter,,,,,,,,,,,
1642967,John,Poulakidas,,,,,,,,,,,
200796,Leon,Powe,,,USA,,,False,True,False,2006.0,2.0,49.0
201225,Carlos,Powell,,,"",,,"","","","","",""
1642962,Drake,Powell,,,,,,,,,,,
203939,Dwight,Powell,,,,,,,,,,,
2694,Josh,Powell,,,USA,,,False,True,False,-1.0,-1.0,-1.0
1641920,Justin,Powell,,,USA,,,False,False,False,-22.0,-22.0,-22.0
2867,Kasib,Powell,,,USA,,,False,True,False,-1.0,-1.0,-1.0
1629619,Myles,Powell,,,USA,,,True,False,False,-1.0,-1.0,-1.0
1626181,Norman,Powell,,,,,,false,false,false,,,
101232,Roger,Powell,,,USA,,,False,False,False,-22.0,-22.0,-22.0
1627816,Alex,Poythress,,,USA,,,False,True,False,-1.0,-1.0,-1.0
521,G.,Pozzecco,,,"",,,"","","","","",""
204062,Casey,Prather,,,"",,,"","","","","",""
44050,Marius,Prekevicius,,,"",,,"","","","","",""
42545,Emir,Preldzic,,,"",,,"","","","","",""
43315,Emir,Preldzic,,,"",,,False,False,False,"","",""
56010,Emir,Preldzic,,,"",,,"","","","","",""
77879,Paul,Pressey,,,USA,,,True,False,False,1982.0,1.0,20.0
203515,Phil,Pressey,,,USA,,,True,False,False,-1.0,-1.0,-1.0
77880,Dominic,Pressley,,,USA,,,True,False,False,1986.0,5.0,99.0
77881,Harold,Pressley,,,USA,,,False,True,False,1986.0,1.0,17.0
1962936103,Paulao,Prestes,,,"",,,"","","","","",""
1629009,Billy,Preston,,,"",,,"","","","","",""
1630554,Jason,Preston,,,,,,,,,,,
201985,AJ,Price,,,USA,,,True,False,False,2009.0,2.0,52.0
85,Brent,Price,,,USA,,,True,False,False,1992.0,2.0,32.0
77883,Jim,Price,,,USA,,,True,False,False,1972.0,2.0,16.0
899,Mark,Price,,,USA,,,True,False,False,1986.0,2.0,25.0
77884,Mike,Price,,,USA,,,True,False,False,1970.0,1.0,17.0
101179,Ronnie,Price,,,USA,,,True,False,False,-1.0,-1.0,-1.0
77882,Tony,Price,,,USA,,,True,False,False,1979.0,2.0,29.0
77886,Bob,Priddy,,,USA,,,False,False,False,-22.0,-22.0,-22.0
203143,Pablo,Prigioni,,,Argentina,,,True,False,False,-22.0,-22.0,-22.0
41540,Pablo,Prigioni,,,"",,,"","","","","",""
1630563,Joshua,Primo,,,Canada,,,True,False,False,2021.0,1.0,12.0
1627752,Taurean,Prince,,,,,,,,,,,
2419,Tayshaun,Prince,,,USA,,,False,True,False,2002.0,1.0,23.0
77887,John,Pritchard,,,USA,,,False,False,True,1949.0,7.0,""
340,Kevin,Pritchard,,,USA,,,True,False,False,1990.0,2.0,34.0
1630202,Payton,Pritchard,,,,,,,,,,,
1642878,Tyrese,Proctor,,,,,,,,,,,
1919,Laron,Profit,,,USA,,,True,True,False,1999.0,2.0,38.0
1641765,Olivier-Maxence,Prosper,,,,,,,,,,,
201172,Gabe,Pruitt,,,USA,,,True,False,False,2007.0,2.0,32.0
202065,Shaun,Pruitt,,,"",,,"","","","","",""
2038,Joel,Przybilla,,,USA,,,False,False,True,2000.0,1.0,9.0
77888,Les,Pugh,,,USA,,,False,False,True,-1.0,-1.0,-1.0
77889,Roy,Pugh,,,USA,,,"","","",1948.0,"",""
77890,Anthony,Pullard,,,USA,,,False,True,False,-1.0,-1.0,-1.0
1626643,Jacob,Pullen,,,USA,,,False,False,False,-22.0,-22.0,-22.0
1642389,Zyon,Pullin,,,,,,,,,,,
1628681,Rodney,Purvis,,,USA,,,True,False,False,-22.0,-22.0,-22.0
77891,Don,Putman,,,USA,,,False,False,False,-22.0,-22.0,-22.0
204192,Raphiael,Putney,,,"",,,"","","","","",""
1627753,Zhou,Qi,,,China,,,False,False,False,2016.0,2.0,43.0
1626180,Michael,Qualls,,,"",,,"","","","","",""
1627817,Tim,Quarterman,,,USA,,,False,False,False,-22.0,-22.0,-22.0
1642852,Derik,Queen,,,,,,,,,,,
1630243,Trevelin,Queen,,,"",,,"","","","","",""
1629674,Neemias,Queta,,,,,,,,,,,
77892,Bob,Quick,,,USA,,,False,True,False,1968.0,2.0,18.0
1630193,Immanuel,Quickley,,,,,,false,false,false,,,
200809,Chris,Quinn,,,USA,,,True,False,False,-22.0,-22.0,-22.0
77893,Brian,Quinnett,,,USA,,,True,False,False,1989.0,2.0,50.0
1631311,Lester,Quinones,,,,,,,,,,,
204041,Brian,Qvale,,,"",,,"","","","","",""
56023,Xavi,Rabaseda,,,"",,,"","","","","",""
1628397,Ivan,Rabb,,,USA,,,False,True,False,2017.0,2.0,35.0
1630672,Brandon,Rachal,,,USA,,,False,False,False,-22.0,-22.0,-22.0
77894,Luke,Rackley,,,USA,,,False,False,True,1969.0,3.0,37.0
77895,Howie,Rader,,,USA,,,True,False,False,-1.0,-1.0,-1.0
77896,Mark,Radford,,,USA,,,True,False,False,1981.0,3.0,53.0
77897,Wayne,Radford,,,USA,,,True,False,False,1978.0,2.0,27.0
129,Dino,Radja,,,Croatia,,,False,False,True,1989.0,2.0,40.0
2209,Vladimir,Radmanovic,,,Serbia,,,False,True,False,2001.0,1.0,12.0
1893,Aleksandar,Radojevic,,,Bosnia and Herzegovina,,,False,False,True,1999.0,1.0,12.0
43208,Leon,Radosevic,,,"",,,False,False,False,"","",""
77899,Frank,Radovich,,,USA,,,False,True,False,1960.0,2.0,14.0
77900,Moe,Radovich,,,USA,,,True,False,False,1952.0,"",""
203545,Miroslav,Raduljica,,,Serbia,,,False,False,True,-1.0,-1.0,-1.0
77901,Ray,Radziszewski,,,USA,,,False,True,False,1957.0,4.0,30.0
77902,Ray,Ragelis,,,USA,,,False,True,False,1951.0,2.0,17.0
77903,Sherwin,Raiken,,,USA,,,True,False,False,-1.0,-1.0,-1.0
77904,Ed,Rains,,,USA,,,False,True,False,1981.0,2.0,30.0
2080,Igor,Rakocevic,,,Serbia,,,True,False,False,2000.0,2.0,51.0
41201,Zarko,Rakocevic,,,"",,,"","","","","",""
1272,Kurt,Rambis,,,"",,,"","","","","",""
77905,Kurt,Rambis,,,USA,,,False,True,False,1980.0,3.0,58.0
64146,Deryk,Ramos,,,"",,,"","","","","",""
2762,Peter John,Ramos,,,Puerto Rico,,,False,False,True,2004.0,2.0,32.0
77906,Cal,Ramsey,,,USA,,,False,True,False,1959.0,2.0,13.0
77907,Frank,Ramsey,,,USA,,,False,True,False,1953.0,1.0,5.0
1630186,Jahmi'us,Ramsey,,,USA,,,True,False,False,2020.0,2.0,43.0
77908,Ray,Ramsey,,,USA,,,True,False,False,-1.0,-1.0,-1.0
1966938149,Jerome,Randall,,,"",,,True,False,False,"","",""
1821,Mark,Randall,,,USA,,,False,True,False,1991.0,1.0,26.0
196294108,Craig,Randall II,,,"",,,False,False,False,"","",""
42569,Brian,Randle,,,"",,,"","","","","",""
43184,Brian,Randle,,,"",,,"","","","","",""
1626184,Chasson,Randle,,,USA,,,True,False,False,-22.0,-22.0,-22.0
202963,Jerome,Randle,,,"",,,"","","","","",""
203944,Julius,Randle,,,,,,false,false,false,,,
201576,Anthony,Randolph,,,USA,,,"","","",2008.0,1.0,14.0
1626260,Levi,Randolph,,,USA,,,False,False,False,-22.0,-22.0,-22.0
101183,Shavlik,Randolph,,,USA,,,False,True,False,-1.0,-1.0,-1.0
2216,Zach,Randolph,,,USA,,,False,True,False,2001.0,1.0,19.0
77910,Wally,Rank,,,USA,,,False,True,False,1980.0,5.0,99.0
77911,Kelvin,Ransey,,,USA,,,True,False,False,1980.0,1.0,4.0
77912,Sam,Ranzino,,,USA,,,True,False,False,1951.0,1.0,8.0
41205,Aleksandar,Rasic,,,"",,,"","","","","",""
56059,Aleksandar,Rasic,,,"",,,"","","","","",""
78656,Blair,Rasmussen,,,USA,,,False,True,False,1985.0,1.0,15.0
1628504,Xavier,Rathan-Mayes,,,Canada,,,True,False,False,2017.0,"",""
77913,George,Ratkovicz,,,USA,,,False,True,False,-22.0,-22.0,-22.0
77914,Ed,Ratleff,,,USA,,,True,False,False,1973.0,1.0,6.0
77915,Mike,Ratliff,,,USA,,,False,False,True,1972.0,2.0,28.0
689,Theo,Ratliff,,,USA,,,False,False,True,1995.0,1.0,18.0
202360,Andy,Rautins,,,USA,,,True,False,False,2010.0,2.0,38.0
77916,Leo,Rautins,,,USA,,,False,True,False,1983.0,1.0,17.0
200810,Allan,Ray,,,USA,,,"","","",-1.0,-1.0,-1.0
40038,Allan,Ray,,,"",,,"","","","","",""
77917,Clifford,Ray,,,USA,,,False,False,True,1971.0,3.0,40.0
77918,Don,Ray,,,USA,,,False,True,False,1948.0,1.0,11.0
77920,Jamesearl,Ray,,,USA,,,False,True,False,1980.0,1.0,5.0
77919,Jim,Ray,,,USA,,,True,False,False,1956.0,"",""
77921,Craig,Raymond,,,USA,,,False,False,True,1967.0,1.0,12.0
1642875,Maxime,Raynaud,,,,,,,,,,,
77922,Connie,Rea,,,USA,,,True,False,False,1953.0,"",""
1641871,Duop,Reath,,,,,,,,,,,
1630559,Austin,Reaves,,,,,,false,false,false,,,
77923,Joe,Reaves,,,USA,,,False,True,False,1973.0,3.0,42.0
1629729,Josh,Reaves,,,USA,,,True,True,False,-22.0,-22.0,-22.0
1442,Zeljko,Rebraca,,,Serbia,,,False,False,True,1994.0,2.0,54.0
695,Eldridge,Recasner,,,USA,,,False,False,False,-22.0,-22.0,-22.0
2072,Michael,Redd,,,USA,,,True,False,False,2000.0,2.0,43.0
43201,Reggie,Redding,,,"",,,False,False,False,"","",""
1629629,Cam,Reddish,,,"",,,"","","","","",""
77925,Frank,Reddout,,,USA,,,False,True,False,1953.0,"",""
200755,JJ,Redick,,,USA,,,True,False,False,2006.0,1.0,11.0
77926,Marlon,Redmond,,,USA,,,True,False,False,1977.0,3.0,60.0
1628432,Davon,Reed,,,USA,,,True,False,False,2017.0,2.0,32.0
77927,Hub,Reed,,,USA,,,False,False,True,1958.0,2.0,14.0
2770,Justin,Reed,,,USA,,,False,True,False,2004.0,2.0,40.0
1630194,Paul,Reed,,,,,,,,,,,
77928,Ron,Reed,,,USA,,,False,True,False,1965.0,3.0,20.0
203186,Willie,Reed,,,USA,,,False,False,True,2011.0,0.0,0.0
77929,Willis,Reed,,,USA,,,False,False,True,1964.0,2.0,8.0
1642024,Alex,Reese,,,USA,,,False,False,False,-22.0,-22.0,-22.0
1642882,Julian,Reese,,,,,,,,,,,
1641810,Antonio,Reeves,,,,,,,,,,,
735,Bryant,Reeves,,,USA,,,False,False,True,1995.0,1.0,6.0
234,Khalid,Reeves,,,USA,,,True,False,False,1994.0,1.0,12.0
77932,Richie,Regan,,,USA,,,True,False,False,1953.0,1.0,4.0
77933,Don,Rehfeldt,,,USA,,,False,True,False,1950.0,1.0,2.0
77937,Billy,Reid,,,USA,,,True,False,False,1980.0,9.0,182.0
690,Don,Reid,,,USA,,,False,True,False,1995.0,2.0,58.0
462,J.R.,Reid,,,USA,,,False,True,False,1989.0,1.0,5.0
77935,Jim,Reid,,,USA,,,False,False,True,-22.0,-22.0,-22.0
1629675,Naz,Reid,,,,,,false,false,false,,,
77936,Robert,Reid,,,USA,,,False,True,False,1977.0,2.0,40.0
202385,Ryan,Reid,,,USA,,,False,True,False,2010.0,2.0,57.0
2876,Jared,Reiner,,,USA,,,False,False,True,-22.0,-22.0,-22.0
42570,Ben,Reis,,,"",,,"","","","","",""
77938,Joseph,Reiser,,,USA,,,True,False,False,1947.0,"",""
77939,Richard,Rellford,,,USA,,,False,True,False,1986.0,5.0,95.0
720,Terrence,Rencher,,,USA,,,True,False,False,1995.0,2.0,32.0
43204,Alex,Renfoe,,,"",,,"","","","","",""
77941,John,Rennicke,,,USA,,,True,False,False,1951.0,6.0,51.0
77942,Rob,Rensberger,,,USA,,,False,False,False,-22.0,-22.0,-22.0
981,Efthimios,Rentzias,,,Greece,,,False,False,True,1996.0,1.0,23.0
704,Shawn,Respert,,,USA,,,True,False,False,1995.0,1.0,8.0
56065,Tomas,Ress,,,"",,,"","","","","",""
77944,Kevin,Restani,,,USA,,,False,True,False,1974.0,3.0,39.0
44052,Xavi,Rey,,,"",,,"","","","","",""
56050,Felipe,Reyes,,,"",,,"","","","","",""
1629244,Cam,Reynolds,,,USA,,,False,True,False,-1.0,-1.0,-1.0
77945,George,Reynolds,,,USA,,,True,False,False,1969.0,9.0,117.0
77946,Jerry,Reynolds,,,USA,,,True,False,False,1985.0,1.0,22.0
1631197,Jared,Rhoden,,,,,,,,,,,
201652,Charles,Rhodes,,,"",,,"","","","","",""
77947,Gene,Rhodes,,,USA,,,False,False,False,-22.0,-22.0,-22.0
1518,Rodrick,Rhodes,,,USA,,,True,False,False,1997.0,1.0,24.0
11000,Pau,Ribas,,,"",,,"","","","","",""
2827,Darius,Rice,,,"",,,"","","","","",""
203318,Glen,Rice,,,USA,,,True,True,False,2013.0,2.0,35.0
779,Glen,Rice,,,USA,,,True,True,False,1989.0,1.0,4.0
1641811,Sir'Jabari,Rice,,,USA,,,False,False,False,-22.0,-22.0,-22.0
201181,Chris,Richard,,,USA,,,False,True,False,2007.0,2.0,41.0
266283,Chris,Richard,,,"",,,"","","","","",""
1626710,Patrick,Richard,,,"",,,"","","","","",""
1642954,Will,Richard,,,,,,,,,,,
1630208,Nick,Richards,,,,,,,,,,,
201248,Anthony,Richardson,,,"",,,"","","","","",""
77950,Clint,Richardson,,,USA,,,True,False,False,1979.0,2.0,36.0
1642859,Jase,Richardson,,,,,,,,,,,
2202,Jason,Richardson,,,USA,,,True,False,False,2001.0,1.0,5.0
200978,Jeremy,Richardson,,,USA,,,True,True,False,-1.0,-1.0,-1.0
1626196,Josh,Richardson,,,"",,,"","","","","",""
1627781,Malachi,Richardson,,,USA,,,True,False,False,2016.0,1.0,22.0
77952,Micheal Ray,Richardson,,,USA,,,True,False,False,1978.0,1.0,4.0
2369,Norman,Richardson,,,USA,,,True,False,False,-22.0,-22.0,-22.0
71,Pooh,Richardson,,,USA,,,True,False,False,1989.0,1.0,10.0
2047,Quentin,Richardson,,,USA,,,False,True,False,2000.0,1.0,18.0
1642019,Will,Richardson,,,USA,,,False,False,False,-22.0,-22.0,-22.0
1642955,Kadary,Richmond,,,,,,,,,,,
782,Mitch,Richmond,,,USA,,,True,False,False,1988.0,1.0,5.0
77954,John,Richter,,,USA,,,False,True,False,1959.0,1.0,6.0
2598,Rick,Rickert,,,"",,,"","","","","",""
77955,Dick,Ricketts,,,USA,,,False,True,False,1955.0,1.0,1.0
375,Isaiah,Rider,,,USA,,,True,False,False,1993.0,1.0,5.0
77957,Jackie,Ridgle,,,USA,,,True,False,False,1971.0,3.0,41.0
2557,Luke,Ridnour,,,USA,,,True,False,False,2003.0,1.0,14.0
77958,Mel,Riebe,,,USA,,,False,False,False,-22.0,-22.0,-22.0
77959,Jim,Riffey,,,USA,,,False,True,False,-22.0,-22.0,-22.0
2541,Antoine,Rigaudeau,,,France,,,True,False,False,-1.0,-1.0,-1.0
545,Righetti,Righetti,,,"",,,"","","","","",""
77960,Tom,Riker,,,USA,,,False,True,False,1972.0,1.0,8.0
77963,Bob,Riley,,,USA,,,False,True,False,1970.0,5.0,82.0
35,Eric,Riley,,,USA,,,False,False,True,1993.0,2.0,33.0
77962,Pat,Riley,,,USA,,,True,False,False,1967.0,1.0,7.0
77964,Ron,Riley,,,USA,,,False,True,False,1972.0,3.0,38.0
1642860,Will,Riley,,,,,,,,,,,
1630203,Grant,Riller,,,USA,,,True,False,False,2020.0,2.0,56.0
77965,Rich,Rinaldi,,,USA,,,True,False,False,1971.0,3.0,43.0
77966,Mike,Riordan,,,USA,,,False,True,False,1967.0,12.0,128.0
1642258,Zaccharie,Risacher,,,,,,false,false,false,,,
77967,Arnie,Risen,,,USA,,,False,False,True,-1.0,-1.0,-1.0
77968,Goebel,Ritter,,,USA,,,True,False,False,-22.0,-22.0,-22.0
77969,Ramon,Rivas,,,Puerto Rico,,,False,True,False,-1.0,-1.0,-1.0
101245,Filiberto,Rivera,,,"",,,"","","","","",""
203085,Austin,Rivers,,,USA,,,True,False,False,2012.0,1.0,10.0
77970,David,Rivers,,,USA,,,True,False,False,1988.0,1.0,25.0
470,Doc,Rivers,,,USA,,,True,False,False,1983.0,2.0,31.0
77972,Lee,Robbins,,,USA,,,False,True,False,-1.0,-1.0,-1.0
1641857,Liam,Robbins,,,USA,,,False,False,True,-22.0,-22.0,-22.0
203460,Andre,Roberson,,,USA,,,True,True,False,2013.0,1.0,26.0
101194,Anthony,Roberson,,,USA,,,True,False,False,-22.0,-22.0,-22.0
1629166,Jeff,Roberson,,,"",,,"","","","","",""
77973,Rick,Roberson,,,USA,,,False,False,True,1969.0,1.0,15.0
2121,Terrance,Roberson,,,USA,,,"","","",-1.0,-1.0,-1.0
77975,Anthony,Roberts,,,USA,,,False,True,False,1977.0,1.0,21.0
77979,Bill,Roberts,,,USA,,,"","","",-1.0,-1.0,-1.0
203148,Brian,Roberts,,,USA,,,True,False,False,-1.0,-1.0,-1.0
122,Fred,Roberts,,,USA,,,False,True,False,1982.0,2.0,27.0
1626294,Jaleel,Roberts,,,"",,,"","","","","",""
77977,Joe,Roberts,,,USA,,,False,True,False,1960.0,3.0,21.0
196294558,Josh,Roberts,,,"",,,"","","","","",""
101160,Lawrence,Roberts,,,USA,,,False,True,False,2005.0,2.0,55.0
77978,Marv,Roberts,,,USA,,,False,True,False,1971.0,3.0,45.0
914,Stanley,Roberts,,,USA,,,False,False,True,1991.0,1.0,23.0
204040,Ronald,Roberts Jr.,,,"",,,"","","","","",""
926,Alvin,Robertson,,,USA,,,True,False,False,1984.0,1.0,7.0
600015,Oscar,Robertson,,,USA,,,True,False,False,1960.0,1.0,1.0
1926,Ryan,Robertson,,,USA,,,True,False,False,1999.0,2.0,45.0
77983,Tony,Robertson,,,USA,,,True,False,False,1977.0,4.0,88.0
77984,Rick,Robey,,,USA,,,False,False,True,1978.0,1.0,3.0
201015,Antywane,Robinson,,,"",,,"","","","","",""
2774,Bernard,Robinson,,,USA,,,True,True,False,2004.0,2.0,45.0
200583,Brandon,Robinson,,,"",,,"","","","","",""
997,Chris,Robinson,,,USA,,,True,False,False,1996.0,2.0,51.0
77986,Cliff T.,Robinson,,,USA,,,False,True,False,1979.0,1.0,11.0
361,Clifford,Robinson,,,USA,,,False,True,True,1989.0,2.0,36.0
764,David,Robinson,,,USA,,,False,False,True,1987.0,1.0,1.0
200845,Dawan,Robinson,,,"",,,"","","","","",""
1628421,Devin,Robinson,,,USA,,,False,True,False,2017.0,"",""
1629130,Duncan,Robinson,,,,,,,,,,,
1944,Eddie,Robinson,,,USA,,,False,True,False,-22.0,-22.0,-22.0
77988,Flynn,Robinson,,,USA,,,True,False,False,1965.0,2.0,15.0
201648,Frank,Robinson,,,"",,,"","","","","",""
7009,Frank,Robinson,,,"",,,"","","","","",""
299,Glenn,Robinson,,,USA,,,False,True,False,1994.0,1.0,1.0
77989,Jackie,Robinson,,,USA,,,False,True,False,1978.0,4.0,67.0
1554,Jamal,Robinson,,,USA,,,"","","",1997.0,"",""
381,James,Robinson,,,USA,,,True,False,False,1993.0,1.0,21.0
1629010,Jerome,Robinson,,,USA,,,True,False,False,2018.0,1.0,13.0
1629620,Justin,Robinson,,,USA,,,True,False,False,2019.0,"",""
1683,Larry,Robinson,,,USA,,,True,False,False,-1.0,-1.0,-1.0
1629011,Mitchell,Robinson,,,,,,false,false,false,,,
101126,Nate,Robinson,,,USA,,,True,False,False,2005.0,1.0,21.0
77994,Oliver,Robinson,,,USA,,,True,False,False,1982.0,2.0,24.0
1631115,Orlando,Robinson,,,,,,,,,,,
716,Rumeal,Robinson,,,USA,,,True,False,False,1990.0,1.0,10.0
201781,Russell,Robinson,,,"",,,"","","","","",""
202383,Stanley,Robinson,,,"",,,"","","","","",""
203080,Thomas,Robinson,,,USA,,,False,True,False,2012.0,1.0,5.0
77993,Truck,Robinson,,,USA,,,False,True,False,1974.0,2.0,22.0
77996,Wayne,Robinson,,,USA,,,False,True,False,1980.0,2.0,31.0
203922,Glenn,Robinson III,,,USA,,,False,True,False,2014.0,2.0,40.0
1630526,Jeremiah,Robinson-Earl,,,,,,,,,,,
77997,Bill,Robinzine,,,USA,,,False,True,False,1975.0,1.0,10.0
77998,Dave,Robisch,,,USA,,,False,False,True,1971.0,3.0,44.0
1629676,Isaiah,Roby,,,USA,,,False,True,False,2019.0,2.0,45.0
196295096,Isaiah,Roby,,,"",,,"","","","","",""
6010,Mason,Rocca,,,"",,,"","","","","",""
77999,Red,Rocha,,,USA,,,False,False,True,1947.0,"",""
78000,John,Roche,,,USA,,,True,False,False,1971.0,1.0,14.0
78001,Gene,Rock,,,USA,,,True,False,False,-1.0,-1.0,-1.0
78002,Jack,Rocker,,,USA,,,False,False,True,-22.0,-22.0,-22.0
1631223,David,Roddy,,,,,,,,,,,
78003,Guy,Rodgers,,,USA,,,True,False,False,-22.0,-22.0,-22.0
202078,Leon,Rodgers,,,"",,,"","","","","",""
1642485,DJ,Rodman,,,,,,,,,,,
23,Dennis,Rodman,,,USA,,,False,True,False,1986.0,2.0,27.0
1629285,Angel,Rodriguez,,,"",,,"","","","","",""
52526,Angel,Rodriguez,,,"",,,False,False,False,"","",""
40055,Berni,Rodriguez,,,"",,,"","","","","",""
1629184,Desi,Rodriguez,,,"",,,"","","","","",""
196294538,Sergio,Rodriguez,,,"",,,"","","","","",""
200771,Sergio,Rodriguez,,,Spain,,,True,False,False,2006.0,1.0,27.0
56052,Sergio,Rodriguez,,,"",,,"","","","","",""
691,Lou,Roe,,,USA,,,False,True,False,1995.0,2.0,30.0
435,Carlos,Rogers,,,USA,,,False,True,True,1994.0,1.0,11.0
78007,Johnny,Rogers,,,USA,,,False,True,False,1986.0,2.0,34.0
78008,Marshall,Rogers,,,USA,,,True,False,False,1976.0,2.0,34.0
202418,Matt,Rogers,,,"",,,"","","","","",""
915,Rodney,Rogers,,,USA,,,False,True,False,1993.0,1.0,9.0
964,Roy,Rogers,,,USA,,,False,True,False,1996.0,1.0,22.0
78010,Al,Roges,,,USA,,,False,True,False,-1.0,-1.0,-1.0
78011,Ken,Rohloff,,,USA,,,True,False,False,1963.0,7.0,59.0
202375,Magnum,Rolle,,,Bahamas,,,False,True,False,2010.0,2.0,51.0
78012,Kenny,Rollins,,,USA,,,True,False,False,1948.0,"",""
78013,Phil,Rollins,,,USA,,,True,False,False,1956.0,"",""
1631157,Ryan,Rollins,,,,,,,,,,,
78014,Tree,Rollins,,,USA,,,False,False,True,1977.0,1.0,14.0
78015,Lorenzo,Romar,,,USA,,,True,False,False,1980.0,7.0,141.0
200765,Rajon,Rondo,,,USA,,,True,False,False,2006.0,1.0,21.0
399,Sean,Rooks,,,USA,,,False,False,True,1992.0,2.0,30.0
201565,Derrick,Rose,,,USA,,,True,False,False,2008.0,1.0,1.0
147,Jalen,Rose,,,USA,,,True,True,False,1994.0,1.0,13.0
990,Malik,Rose,,,USA,,,False,True,False,1996.0,2.0,44.0
78016,Robert,Rose,,,USA,,,False,True,False,-1.0,-1.0,-1.0
78017,Alexander,Rosenberg,,,USA,,,True,False,False,-1.0,-1.0,-1.0
78018,Lennie,Rosenbluth,,,USA,,,False,True,False,1957.0,1.0,6.0
78019,Hank,Rosenstein,,,USA,,,False,True,False,-1.0,-1.0,-1.0
78020,Dick,Rosenthal,,,USA,,,False,True,False,1954.0,1.0,4.0
2624,Quinton,Ross,,,USA,,,False,False,False,-22.0,-22.0,-22.0
203082,Terrence,Ross,,,USA,,,True,True,False,2012.0,1.0,8.0
64142,David,Rossetto,,,"",,,"","","","","",""
78021,Doug,Roth,,,USA,,,False,True,False,1989.0,2.0,41.0
42571,Moran,Roth,,,"",,,"","","","","",""
78022,Scott,Roth,,,USA,,,False,True,False,1985.0,4.0,82.0
7010,Robert,Rothbart,,,"",,,"","","","","",""
78023,Irv,Rothenberg,,,USA,,,False,False,True,1947.0,"",""
78024,Mickey,Rottner,,,USA,,,True,False,False,-1.0,-1.0,-1.0
43238,Rene,Rougeau,,,"",,,False,False,False,"","",""
78025,Dan,Roundfield,,,USA,,,False,True,False,1975.0,2.0,28.0
78026,Giff,Roux,,,USA,,,False,True,False,-1.0,-1.0,-1.0
78027,Ron,Rowan,,,USA,,,False,True,False,1986.0,3.0,67.0
78028,Curtis,Rowe,,,USA,,,False,True,False,1971.0,1.0,11.0
1642050,Jackson,Rowe,,,,,,,,,,,
78029,Jim,Rowinski,,,USA,,,False,False,True,1984.0,4.0,86.0
78030,Derrick,Rowland,,,USA,,,False,True,False,1981.0,10.0,211.0
78031,Brian,Rowsom,,,USA,,,False,True,False,1987.0,2.0,34.0
200750,Brandon,Roy,,,USA,,,True,False,False,2006.0,1.0,6.0
140,Donald,Royal,,,USA,,,False,True,False,1987.0,3.0,52.0
78033,Bob,Royer,,,USA,,,True,False,False,1949.0,8.0,""
32,Clifford,Rozier,,,USA,,,False,False,True,1994.0,1.0,16.0
1626179,Terry,Rozier,,,,,,,,,,,
201937,Ricky,Rubio,,,Spain,,,True,False,False,2009.0,1.0,5.0
8013,Ricky,Rubio,,,"",,,"","","","","",""
196294602,Mantas,Rubstavicius,,,"",,,"","","","","",""
2462,Guy,Rucker,,,USA,,,False,True,True,1999.0,"",""
78035,Delaney,Rudd,,,USA,,,True,False,False,1985.0,4.0,83.0
78036,John,Rudd,,,USA,,,False,True,False,1978.0,2.0,32.0
204014,Damjan,Rudez,,,Croatia,,,False,True,False,-1.0,-1.0,-1.0
78037,John,Rudometkin,,,USA,,,False,True,False,1962.0,2.0,9.0
1913,Michael,Ruffin,,,USA,,,False,True,True,1999.0,2.0,32.0
460,Trevor,Ruffin,,,USA,,,True,False,False,-22.0,-22.0,-22.0
78039,Paul,Ruffner,,,USA,,,False,False,True,1970.0,2.0,28.0
196294594,Jared,Ruiz,,,"",,,"","","","","",""
78040,Joe,Ruklick,,,USA,,,False,True,False,1959.0,2.0,9.0
78041,Jeff,Ruland,,,USA,,,False,False,True,1980.0,2.0,25.0
78042,Bob,Rule,,,USA,,,False,False,True,1967.0,2.0,19.0
78043,Jerry,Rullo,,,USA,,,True,False,False,-1.0,-1.0,-1.0
1641712,Rayan,Rupert,,,,,,,,,,,
1966938187,Ethan,Rusbatch,,,"",,,"","","","","",""
474,Stefano,Rusconi,,,Italy,,,False,True,False,1990.0,2.0,52.0
201575,Brandon,Rush,,,USA,,,True,True,False,2008.0,1.0,13.0
2416,Kareem,Rush,,,USA,,,True,False,False,2002.0,1.0,20.0
78049,Bill,Russell,,,USA,,,False,False,True,1956.0,1.0,2.0
935,Bryon,Russell,,,USA,,,True,True,False,1993.0,2.0,45.0
78047,Campy,Russell,,,USA,,,False,True,False,1974.0,1.0,8.0
78045,Cazzie,Russell,,,USA,,,False,True,False,1966.0,1.0,1.0
1626156,D'Angelo,Russell,,,,,,false,false,false,,,
78046,Frank,Russell,,,USA,,,True,False,False,1972.0,3.0,35.0
201041,Walker,Russell,,,USA,,,True,False,False,1982.0,4.0,78.0
78048,Walker,Russell,,,USA,,,True,False,False,1982.0,4.0,78.0
1642504,Cormac,Ryan,,,,,,,,,,,
1630346,Matt,Ryan,,,,,,,,,,,
717,Arvydas,Sabonis,,,Lithuania,,,False,False,True,1986.0,1.0,24.0
1627734,Domantas,Sabonis,,,,,,false,false,false,,,
203135,Robert,Sacre,,,Canada,,,False,False,True,2012.0,2.0,60.0
44055,Victor,Sada,,,"",,,"","","","","",""
8014,Victor,Sada,,,"",,,"","","","","",""
78050,Ed,Sadowski,,,USA,,,False,False,True,-1.0,-1.0,-1.0
52604,Selem,Safar,,,"",,,"","","","","",""
78051,Kenny,Sailors,,,USA,,,True,False,False,-1.0,-1.0,-1.0
27002,Sani,Sakakini,,,"",,,False,False,False,"","",""
1642275,Tidjane,Salaun,,,,,,,,,,,
40084,Dainius,Salenga,,,"",,,"","","","","",""
927,John,Salley,,,USA,,,False,True,True,1986.0,1.0,11.0
1642282,Hunter,Sallis,,,,,,,,,,,
2422,John,Salmons,,,USA,,,False,True,False,2002.0,1.0,26.0
1089,Kevin,Salvadori,,,USA,,,False,False,True,-1.0,-1.0,-1.0
2066,Soumaila,Samake,,,Mali,,,False,False,True,2000.0,2.0,36.0
1629677,Luka,Samanic,,,Croatia,,,False,True,False,2019.0,1.0,19.0
200798,Cheikh,Samb,,,Senegal,,,False,False,True,2006.0,2.0,51.0
41549,Cheikh,Samb,,,"",,,"","","","","",""
1629102,Brandon,Sampson,,,USA,,,True,False,False,2018.0,"",""
203960,JaKarr,Sampson,,,USA,,,False,True,False,-1.0,-1.0,-1.0
2441,Jamal,Sampson,,,USA,,,False,True,True,2002.0,2.0,46.0
78055,Ralph,Sampson,,,USA,,,False,False,True,1983.0,1.0,1.0
1642487,Tyrese,Samuel,,,,,,,,,,,
202396,Samardo,Samuels,,,Jamaica,,,"","","",-1.0,-1.0,-1.0
1631257,Jermaine,Samuels Jr.,,,USA,,,False,True,False,-22.0,-22.0,-22.0
11253,Fernando,San Emeterio,,,"",,,"","","","","",""
40063,Alfonso,Sanchez,,,"",,,"","","","","",""
204044,Orlando,Sanchez,,,"",,,"","","","","",""
2143,Pepe,Sanchez,,,Argentina,,,True,False,False,-1.0,-1.0,-1.0
40017,Sergio,Sanchez,,,"",,,"","","","","",""
78057,Frankie,Sanders,,,USA,,,False,True,False,1978.0,1.0,20.0
1874,Jeff,Sanders,,,USA,,,False,True,False,1989.0,1.0,20.0
1642920,Kobe,Sanders,,,,,,,,,,,
202336,Larry,Sanders,,,USA,,,False,False,False,2010.0,1.0,15.0
2684,Melvin,Sanders,,,USA,,,True,True,False,-1.0,-1.0,-1.0
78059,Mike,Sanders,,,USA,,,False,True,False,1982.0,4.0,74.0
78060,Thomas,Sanders,,,USA,,,False,True,False,1960.0,1.0,8.0
52610,Matias,Sandes,,,"",,,"","","","","",""
101257,Eric,Sandrin,,,"",,,"","","","","",""
56064,Viktor,Sanikidze,,,"",,,"","","","","",""
1641766,Adama,Sanogo,,,Mali,,,False,True,False,-22.0,-22.0,-22.0
2091,Daniel,Santiago,,,Puerto Rico,,,False,False,True,-1.0,-1.0,-1.0
40065,Daniel,Santiago,,,"",,,"","","","","",""
78061,Bob,Santini,,,USA,,,False,True,False,1953.0,5.0,""
1630611,Gui,Santos,,,,,,,,,,,
196295089,Marcio,Santos,,,"",,,"","","","","",""
1966938131,Marcio,Santos,,,"",,,"","","","","",""
196294093,Alon,Sapir,,,"",,,"","","","","",""
78062,Wayne,Sappleton,,,USA,,,False,True,False,1982.0,2.0,38.0
1642879,Ben,Saraf,,,,,,false,false,false,,,
196295100,Ben,Saraf,,,"",,,False,False,False,"","",""
203967,Dario,Saric,,,,,,,,,,,
1642259,Alex,Sarr,,,,,,false,false,false,,,
1630846,Olivier,Sarr,,,,,,,,,,,
987,Jason,Sasser,,,USA,,,False,True,False,1996.0,2.0,41.0
2219,Jeryl,Sasser,,,USA,,,True,False,False,2001.0,1.0,22.0
1631204,Marcus,Sasser,,,,,,,,,,,
2781,Romain,Sato,,,"",,,"","","","","",""
56003,Romain,Sato,,,"",,,"","","","","",""
203107,Tomas,Satoransky,,,Czech Republic,,,True,False,False,2012.0,2.0,32.0
2261,Kenny,Satterfield,,,USA,,,True,False,False,2001.0,2.0,53.0
78063,Frank,Saul,,,USA,,,True,False,False,1949.0,1.0,10.0
78064,Woody,Sauldsberry,,,USA,,,False,True,False,1957.0,8.0,60.0
78065,Fred,Saunders,,,USA,,,False,True,False,1974.0,2.0,31.0
1626201,Wesley,Saunders,,,"",,,"","","","","",""
78066,Don,Savage,,,USA,,,False,True,False,1951.0,2.0,14.0
43310,Oguz,Savas,,,"",,,False,False,False,"","",""
56006,Oguz,Savas,,,"",,,"","","","","",""
522,Savkov,Savkov,,,"",,,"","","","","",""
2453,Predrag,Savovic,,,Serbia,,,True,False,False,-22.0,-22.0,-22.0
40091,Alexey,Savrasenko,,,"",,,"","","","","",""
78067,Alan,Sawyer,,,USA,,,False,True,False,1950.0,3.0,""
52601,Santiago,Scala,,,"",,,"","","","","",""
2243,Brian,Scalabrine,,,USA,,,False,True,False,2001.0,2.0,34.0
2637,Alex,Scales,,,USA,,,True,False,False,-1.0,-1.0,-1.0
78068,Dewayne,Scales,,,USA,,,False,True,False,1980.0,2.0,36.0
78069,Frank,Schade,,,USA,,,True,False,False,1972.0,4.0,53.0
78070,Ben,Schadler,,,USA,,,False,True,False,1947.0,"",""
78071,Herm,Schaefer,,,USA,,,True,False,False,-1.0,-1.0,-1.0
78072,Bob,Schafer,,,USA,,,True,False,False,1955.0,3.0,17.0
56073,Heiko,Schaffartzik,,,"",,,"","","","","",""
1630648,Jordan,Schakel,,,USA,,,True,False,False,-1.0,-1.0,-1.0
78073,Ben,Scharnus,,,USA,,,False,True,False,-1.0,-1.0,-1.0
1966938136,Carlos,Schattmann,,,"",,,"","","","","",""
78074,Marv,Schatzman,,,USA,,,False,True,False,1949.0,"",""
78075,Fred,Schaus,,,USA,,,False,True,False,-22.0,-22.0,-22.0
7,Dan,Schayes,,,USA,,,False,False,True,1981.0,1.0,13.0
78076,Dolph,Schayes,,,USA,,,False,True,False,1948.0,1.0,4.0
78078,Ossie,Schectman,,,USA,,,True,False,False,-1.0,-1.0,-1.0
88,Steve,Scheffler,,,USA,,,False,True,False,1990.0,2.0,39.0
78080,Tom,Scheffler,,,USA,,,False,False,True,1977.0,6.0,117.0
1631248,Baylor,Scheierman,,,,,,,,,,,
78081,Dave,Schellhase,,,USA,,,True,False,False,1966.0,1.0,10.0
101195,Luke,Schenscher,,,USA,,,False,False,True,-22.0,-22.0,-22.0
78082,Herb,Scherer,,,USA,,,False,False,True,1950.0,2.0,""
202416,Jon,Scheyer,,,"",,,"","","","","",""
368,Dwayne,Schintzius,,,USA,,,False,False,True,1990.0,1.0,24.0
78084,Dale,Schlueter,,,USA,,,False,False,True,1967.0,6.0,63.0
78085,Otto,Schnellbacher,,,USA,,,False,False,False,-22.0,-22.0,-22.0
78086,Dick,Schnittker,,,USA,,,False,True,False,1950.0,1.0,4.0
78087,Russ,Schoene,,,USA,,,False,True,False,1982.0,2.0,45.0
1629678,Admiral,Schofield,,,United Kingdom,,,False,True,False,2019.0,2.0,42.0
78088,Dave,Scholz,,,USA,,,False,True,False,1969.0,4.0,56.0
78089,Milt,Schoon,,,USA,,,False,False,True,-1.0,-1.0,-1.0
267636,Sofoklis,Schortsanitis,,,"",,,"","","","","",""
96,Detlef,Schrempf,,,USA,,,False,True,False,1985.0,1.0,8.0
203471,Dennis,Schroder,,,,,,false,false,false,,,
78091,Howie,Schultz,,,USA,,,False,True,False,-1.0,-1.0,-1.0
56071,Sven,Schultze,,,"",,,"","","","","",""
78092,Dick,Schulz,,,USA,,,False,True,False,-1.0,-1.0,-1.0
78093,John,Schweitz,,,USA,,,True,False,False,1982.0,6.0,138.0
2449,Luis,Scola,,,Argentina,,,False,True,False,2002.0,2.0,55.0
64093,Luis,Scola,,,"",,,False,True,False,"","",""
78094,Freddie,Scolari,,,USA,,,True,False,False,-1.0,-1.0,-1.0
78095,Alvin,Scott,,,USA,,,False,True,False,1977.0,7.0,136.0
1064,Brent,Scott,,,USA,,,False,True,True,-1.0,-1.0,-1.0
2,Byron,Scott,,,USA,,,True,False,False,1983.0,1.0,4.0
203163,Carleton,Scott,,,"",,,"","","","","",""
78097,Charlie,Scott,,,USA,,,True,False,False,1970.0,7.0,106.0
192,Dennis,Scott,,,USA,,,False,True,False,1990.0,1.0,4.0
1628677,Durand,Scott,,,"",,,"","","","","",""
1109,James,Scott,,,USA,,,False,True,False,-1.0,-1.0,-1.0
203118,Mike,Scott,,,USA,,,False,True,False,2012.0,2.0,43.0
78100,Ray,Scott,,,USA,,,False,True,False,1961.0,1.0,4.0
1626263,Shannon,Scott,,,"",,,"","","","","",""
1035,Shawnelle,Scott,,,USA,,,False,False,True,1994.0,2.0,43.0
1630286,Tre,Scott,,,USA,,,False,False,False,-22.0,-22.0,-22.0
1630206,Jay,Scrubb,,,USA,,,False,False,False,2020.0,2.0,55.0
78102,Carey,Scurry,,,USA,,,False,True,False,1985.0,2.0,37.0
1631220,Dereon,Seabron,,,USA,,,True,False,False,-1.0,-1.0,-1.0
78103,Bruce,Seals,,,USA,,,False,True,False,1975.0,2.0,21.0
1578,Shea,Seals,,,USA,,,True,False,False,-1.0,-1.0,-1.0
907,Malik,Sealy,,,USA,,,True,True,False,1992.0,1.0,14.0
203204,Devin,Searcy,,,"",,,"","","","","",""
78105,Ed,Searcy,,,USA,,,False,True,False,1974.0,5.0,82.0
78106,Ken,Sears,,,USA,,,False,True,False,1955.0,1.0,4.0
1641813,Mark,Sears,,,,,,,,,,,
78107,Wayne,See,,,USA,,,True,False,False,-1.0,-1.0,-1.0
200757,Thabo,Sefolosha,,,Switzerland,,,True,True,False,2006.0,1.0,13.0
56090,Lior,Segev,,,"",,,"","","","","",""
938,Rony,Seikaly,,,USA,,,False,False,True,1988.0,1.0,9.0
40044,Blagota,Sekulic,,,"",,,"","","","","",""
78109,Glen,Selbo,,,USA,,,False,True,False,1947.0,1.0,2.0
202729,Josh,Selby,,,USA,,,True,False,False,2011.0,2.0,49.0
1627782,Wayne,Selden,,,USA,,,True,False,False,2016.0,"",""
78110,Brad,Sellers,,,USA,,,False,True,False,1986.0,1.0,9.0
78111,Phil,Sellers,,,USA,,,False,True,False,1976.0,3.0,38.0
78112,Rollie,Seltz,,,USA,,,True,False,False,-1.0,-1.0,-1.0
78113,Frank,Selvy,,,USA,,,True,False,False,1954.0,1.0,1.0
78114,Jim,Seminoff,,,USA,,,True,False,False,-1.0,-1.0,-1.0
200754,Mouhamed,Sene,,,Senegal,,,False,False,True,2006.0,1.0,10.0
78115,George,Senesky,,,USA,,,True,False,False,-22.0,-22.0,-22.0
1628496,Jeremy,Senglin,,,"",,,"","","","","",""
1630578,Alperen,Sengun,,,,,,false,false,false,,,
1641729,Brice,Sensabaugh,,,,,,,,,,,
202338,Kevin,Seraphin,,,France,,,False,True,True,2010.0,1.0,17.0
1738,Ansu,Sesay,,,USA,,,False,True,False,1998.0,2.0,30.0
201196,Ramon,Sessions,,,USA,,,True,False,False,2007.0,2.0,56.0
196295524,Henry,Sewell,,,,,,,,,,,
78116,Tom,Sewell,,,USA,,,True,False,False,1984.0,1.0,22.0
1629012,Collin,Sexton,,,,,,,,,,,
78117,Paul,Seymour,,,USA,,,True,False,False,-1.0,-1.0,-1.0
78118,Nick,Shaback,,,USA,,,True,False,False,-1.0,-1.0,-1.0
1631455,Jaden,Shackelford,,,USA,,,False,False,False,-22.0,-22.0,-22.0
1593,Charles,Shackleford,,,USA,,,False,False,True,1988.0,2.0,32.0
78120,Carl,Shaeffer,,,USA,,,True,False,False,-1.0,-1.0,-1.0
78121,Lee,Shaffer,,,USA,,,False,True,False,1960.0,1.0,5.0
201203,Mustafa,Shakur,,,USA,,,True,False,False,-1.0,-1.0,-1.0
1629013,Landry,Shamet,,,,,,,,,,,
1539,God,Shammgod,,,USA,,,True,False,False,1997.0,2.0,45.0
78123,Earl,Shannon,,,USA,,,True,False,False,-1.0,-1.0,-1.0
78124,Howie,Shannon,,,USA,,,True,False,False,1949.0,1.0,1.0
1630545,Terrence,Shannon Jr.,,,,,,,,,,,
78125,Charlie,Share,,,USA,,,False,False,True,1950.0,1.0,1.0
78126,Bill,Sharman,,,USA,,,True,False,False,1950.0,2.0,""
41623,Derrick,Sharp,,,"",,,"","","","","",""
556,Derrick,Sharp,,,"",,,"","","","","",""
1642481,Jamarion,Sharp,,,USA,,,False,False,False,-22.0,-22.0,-22.0
1630549,Day'Ron,Sharpe,,,,,,,,,,,
1631101,Shaedon,Sharpe,,,,,,false,false,false,,,
201594,Walter,Sharpe,,,USA,,,False,True,False,2008.0,2.0,32.0
1117,John,Shasky,,,USA,,,False,False,True,1986.0,3.0,61.0
557,Shason,Shason,,,"",,,"","","","","",""
78128,Ron,Shavlik,,,USA,,,False,True,False,1956.0,1.0,4.0
216,Brian,Shaw,,,USA,,,True,False,False,1988.0,1.0,24.0
1745,Casey,Shaw,,,USA,,,False,False,True,1998.0,2.0,37.0
1629621,Marial,Shayok,,,Canada,,,True,True,False,2019.0,2.0,54.0
78130,Bob,Shea,,,USA,,,False,True,False,-1.0,-1.0,-1.0
1642347,Jamal,Shead,,,,,,,,,,,
78131,Fred,Sheffield,,,USA,,,False,True,False,-1.0,-1.0,-1.0
78132,Craig,Shelton,,,USA,,,False,True,False,1980.0,2.0,28.0
78133,Lonnie,Shelton,,,USA,,,False,True,False,1976.0,2.0,25.0
203129,Tornike,Shengelia,,,Georgia,,,False,True,False,2012.0,2.0,54.0
1641767,Ben,Sheppard,,,,,,,,,,,
1852,Jeff,Sheppard,,,USA,,,True,False,False,-1.0,-1.0,-1.0
2135,Nick,Sheppard,,,"",,,"","","","","",""
1642263,Reed,Sheppard,,,,,,false,false,false,,,
78135,Steve,Sheppard,,,USA,,,False,True,False,1977.0,2.0,30.0
78136,Edmund,Sherod,,,USA,,,True,False,False,1981.0,4.0,72.0
1962937730,Jun,Shi,,,"",,,"","","","","",""
101251,Ricky,Shields,,,"",,,"","","","","",""
78653,Charlie,Shipp,,,USA,,,True,False,False,-1.0,-1.0,-1.0
200517,Joe,Shipp,,,"",,,"","","","","",""
2321,Paul,Shirley,,,USA,,,False,True,False,-1.0,-1.0,-1.0
1629679,Simisola,Shittu,,,Canada,,,False,False,False,-22.0,-22.0,-22.0
78138,Gene,Short,,,USA,,,False,True,False,1975.0,1.0,9.0
78139,Purvis,Short,,,USA,,,False,True,False,1978.0,1.0,5.0
1962937787,Sam,Short,,,"",,,"","","","","",""
64019,Sam,Short,,,"",,,"","","","","",""
78140,Dexter,Shouse,,,USA,,,False,True,False,1985.0,4.0,92.0
43239,Anton,Shoutvin,,,"",,,"","","","","",""
56091,Anton,Shoutvin,,,"",,,"","","","","",""
78141,Dick,Shrider,,,USA,,,True,False,False,-22.0,-22.0,-22.0
78142,Gene,Shue,,,USA,,,True,False,False,1954.0,1.0,3.0
1630675,Devontae,Shuler,,,USA,,,False,False,False,-22.0,-22.0,-22.0
1642917,Max,Shulga,,,,,,,,,,,
1643104,Christian,Shumate,,,,,,,,,,,
78143,John,Shumate,,,USA,,,False,True,False,1974.0,1.0,4.0
202697,Iman,Shumpert,,,USA,,,True,False,False,2011.0,1.0,17.0
203157,John,Shurna,,,"",,,"","","","","",""
203144,Alexey,Shved,,,Russia,,,True,False,False,-1.0,-1.0,-1.0
40093,Alexey,Shved,,,"",,,"","","","","",""
9008,Alexey,Shved,,,"",,,"","","","","",""
64139,Kun,Si,,,"",,,"","","","","",""
1627783,Pascal,Siakam,,,,,,false,false,false,,,
1626296,Jordan,Sibert,,,USA,,,True,False,False,2015.0,"",""
78144,Sam,Sibert,,,USA,,,False,True,False,1972.0,2.0,19.0
78145,Mark,Sibley,,,USA,,,True,False,False,1973.0,4.0,64.0
78146,Jerry,Sichting,,,USA,,,True,False,False,1979.0,4.0,82.0
78147,Larry,Siegfried,,,USA,,,True,False,False,1961.0,1.0,3.0
78148,Ralph,Siewert,,,USA,,,False,False,True,-1.0,-1.0,-1.0
196294094,Jason,Siggers,,,"",,,False,False,False,"","",""
196294595,Jason,Siggers,,,"",,,"","","","","",""
78149,Jack,Sikma,,,USA,,,False,False,True,1977.0,1.0,8.0
78150,James,Silas,,,USA,,,True,False,False,1972.0,5.0,70.0
78151,Paul,Silas,,,USA,,,False,True,False,1964.0,2.0,10.0
202918,Xavier,Silas,,,USA,,,True,False,False,2011.0,"",""
202081,Garret,Siler,,,USA,,,False,False,True,-1.0,-1.0,-1.0
78152,Mike,Silliman,,,USA,,,False,True,False,1966.0,8.0,69.0
1629735,Chris,Silva,,,Gabon,,,False,False,False,-22.0,-22.0,-22.0
101134,Wayne,Simien,,,USA,,,False,True,False,2005.0,1.0,29.0
1627732,Ben,Simmons,,,"",,,"","","","","",""
2250,Bobby,Simmons,,,USA,,,False,True,False,2001.0,2.0,41.0
200759,Cedric,Simmons,,,USA,,,False,True,False,2006.0,1.0,15.0
78153,Connie,Simmons,,,USA,,,False,False,True,-22.0,-22.0,-22.0
78154,Johnny,Simmons,,,USA,,,True,False,False,-22.0,-22.0,-22.0
203613,Jonathon,Simmons,,,USA,,,False,True,False,2012.0,0.0,0.0
1628424,Kobi,Simmons,,,USA,,,False,False,False,-22.0,-22.0,-22.0
1489,Lionel,Simmons,,,USA,,,False,True,False,1990.0,1.0,7.0
204136,Marcus,Simmons,,,"",,,"","","","","",""
1630603,Aamir,Simms,,,USA,,,False,False,False,-22.0,-22.0,-22.0
1629779,Justin,Simon,,,"",,,"","","","","",""
1750,Miles,Simon,,,USA,,,True,False,False,1998.0,2.0,42.0
1630250,Marko,Simonovic,,,Montenegro,,,False,False,True,2020.0,2.0,44.0
1629014,Anfernee,Simons,,,,,,,,,,,
54,Dickey,Simpkins,,,USA,,,False,True,False,1994.0,1.0,21.0
202067,Diamon,Simpson,,,USA,,,False,True,False,-1.0,-1.0,-1.0
1642354,KJ,Simpson,,,,,,,,,,,
78157,Ralph,Simpson,,,USA,,,True,False,False,1972.0,1.0,11.0
1630285,Zavier,Simpson,,,USA,,,False,False,False,-22.0,-22.0,-22.0
1591,Alvin,Sims,,,USA,,,True,False,False,-1.0,-1.0,-1.0
78160,Bob,Sims,,,USA,,,False,True,False,1960.0,7.0,54.0
201235,Courtney,Sims,,,USA,,,False,False,False,-22.0,-22.0,-22.0
202586,DeShawn,Sims,,,"",,,"","","","","",""
78159,Doug,Sims,,,USA,,,False,True,False,-1.0,-1.0,-1.0
203156,Henry,Sims,,,USA,,,False,True,True,-1.0,-1.0,-1.0
1631301,Jaylen,Sims,,,USA,,,"","","",-1.0,-1.0,-1.0
1630579,Jericho,Sims,,,,,,,,,,,
78161,Scott,Sims,,,USA,,,True,False,False,1977.0,5.0,103.0
1962937741,Amritpal,Singh,,,"",,,"","","","","",""
203560,E.J.,Singler,,,"",,,"","","","","",""
202713,Kyle,Singler,,,USA,,,False,True,False,2011.0,2.0,33.0
201606,Sean,Singletary,,,USA,,,True,False,False,2008.0,2.0,42.0
202698,Chris,Singleton,,,USA,,,False,True,False,2011.0,1.0,18.0
101189,James,Singleton,,,USA,,,False,True,False,-1.0,-1.0,-1.0
78162,Mckinley,Singleton,,,USA,,,False,True,False,1984.0,6.0,120.0
41010,Justas,Sinica,,,"",,,"","","","","",""
78163,Zeke,Sinicola,,,USA,,,True,False,False,1951.0,1.0,4.0
41206,Stefan,Sinovec,,,"",,,"","","","","",""
42542,Kenan,Sipahi,,,"",,,"","","","","",""
43314,Kenan,Sipahi,,,"",,,"","","","","",""
1629686,Deividas,Sirvydis,,,Lithuania,,,True,True,False,2019.0,2.0,37.0
44037,Ramunas,Siskauskas,,,"",,,"","","","","",""
9009,Ramunas,Siskauskas,,,"",,,"","","","","",""
78164,Charlie,Sitton,,,USA,,,False,True,False,1984.0,2.0,38.0
203491,Peyton,Siva,,,USA,,,True,False,False,2013.0,2.0,56.0
1631376,Dmytro,Skapintsev,,,,,,,,,,,
101,Scott,Skiles,,,USA,,,True,False,False,1986.0,1.0,22.0
1654,Scott,Skiles,,,"",,,"","","","","",""
78167,Al,Skinner,,,USA,,,True,False,False,1974.0,9.0,160.0
1730,Brian,Skinner,,,USA,,,False,False,False,1998.0,1.0,22.0
1962936489,Brian,Skinner,,,"",,,"","","","","",""
78168,Talvin,Skinner,,,USA,,,False,True,False,1974.0,3.0,44.0
78169,Whitey,Skoog,,,USA,,,True,False,False,1951.0,"",""
40078,Ezequiel,Skverer,,,"",,,"","","","","",""
78170,Jeff,Slade,,,USA,,,False,True,False,1962.0,11.0,85.0
1073,Reggie,Slater,,,USA,,,False,True,False,-1.0,-1.0,-1.0
78171,Jim,Slaughter,,,USA,,,False,False,True,1951.0,4.0,31.0
78172,Jose,Slaughter,,,USA,,,True,False,False,1982.0,2.0,43.0
201201,Marcus,Slaughter,,,"",,,"","","","","",""
56057,Marcus,Slaughter,,,"",,,"","","","","",""
1641771,Jalen,Slawson,,,,,,,,,,,
2447,Tamar,Slay,,,USA,,,True,False,False,2002.0,2.0,53.0
202388,Donald,Sloan,,,USA,,,True,False,False,-1.0,-1.0,-1.0
78173,Jerry,Sloan,,,USA,,,True,False,False,1965.0,1.0,4.0
101166,Uros,Slokar,,,Slovenia,,,False,True,False,2005.0,2.0,58.0
267635,Kostas,Sloukas,,,"",,,"","","","","",""
78174,Tom,Sluby,,,USA,,,True,False,False,1984.0,2.0,41.0
1629346,Alen,Smailagic,,,Serbia,,,False,True,False,2019.0,2.0,39.0
1642914,Javon,Small,,,,,,,,,,,
1630606,Javonte,Smart,,,,,,,,,,,
78175,Keith,Smart,,,USA,,,True,False,False,1988.0,2.0,41.0
203935,Marcus,Smart,,,,,,,,,,,
78176,Belus,Smawley,,,USA,,,True,False,False,-1.0,-1.0,-1.0
78177,Jack,Smiley,,,USA,,,True,False,False,-1.0,-1.0,-1.0
78178,Adrian,Smith,,,USA,,,True,False,False,1958.0,15.0,85.0
78207,Bill,Smith,,,USA,,,False,False,True,1971.0,3.0,42.0
78209,Bill,Smith,,,USA,,,False,False,False,1961.0,5.0,42.0
78202,Bingo,Smith,,,USA,,,False,True,False,1969.0,1.0,6.0
78203,Bobby,Smith,,,USA,,,True,False,False,1959.0,3.0,18.0
1520,Charles,Smith,,,USA,,,True,False,False,1997.0,1.0,26.0
293,Charles,Smith,,,USA,,,False,True,False,1988.0,1.0,3.0
40043,Charles,Smith,,,"",,,"","","","","",""
78179,Charles,Smith,,,USA,,,False,True,False,-1.0,-1.0,-1.0
1630607,Chris,Smith,,,USA,,,False,False,False,-22.0,-22.0,-22.0
1814,Chris,Smith,,,USA,,,True,False,False,1992.0,2.0,34.0
203147,Chris,Smith,,,USA,,,True,False,False,-1.0,-1.0,-1.0
78181,Clinton,Smith,,,USA,,,False,True,False,1986.0,5.0,97.0
200783,Craig,Smith,,,USA,,,False,True,False,2006.0,2.0,36.0
78182,Deb,Smith,,,USA,,,False,False,False,-22.0,-22.0,-22.0
1643090,Deivon,Smith,,,,,,,,,,,
78183,Derek,Smith,,,USA,,,True,False,False,1982.0,2.0,35.0
43183,Devin,Smith,,,"",,,False,False,False,"","",""
78184,Don,Smith,,,USA,,,True,False,False,1974.0,2.0,19.0
78185,Donald,Smith,,,USA,,,False,True,False,1947.0,"",""
2764,Donta,Smith,,,USA,,,True,False,False,2004.0,2.0,34.0
42572,Donta,Smith,,,"",,,"","","","","",""
56092,Donta,Smith,,,"",,,"","","","","",""
475,Doug,Smith,,,USA,,,False,True,False,1991.0,1.0,6.0
1630696,Dru,Smith,,,,,,,,,,,
78187,Ed,Smith,,,USA,,,False,True,False,1951.0,1.0,6.0
78188,Elmore,Smith,,,USA,,,False,False,True,1971.0,1.0,3.0
78189,Garfield,Smith,,,USA,,,False,False,True,1968.0,3.0,32.0
202962,Greg,Smith,,,USA,,,False,False,True,-1.0,-1.0,-1.0
78190,Greg,Smith,,,USA,,,False,True,False,1968.0,4.0,50.0
202397,Ish,Smith,,,USA,,,False,False,False,-22.0,-22.0,-22.0
2747,JR,Smith,,,USA,,,True,False,False,2004.0,1.0,18.0
201650,JaJuan,Smith,,,"",,,"","","","","",""
2074,Jabari,Smith,,,USA,,,False,False,True,2000.0,2.0,45.0
1630188,Jalen,Smith,,,,,,,,,,,
200815,Jamar,Smith,,,"",,,"","","","","",""
202446,Jamar,Smith,,,"",,,"","","","","",""
201160,Jason,Smith,,,USA,,,False,True,True,2007.0,1.0,20.0
202536,Jerry,Smith,,,USA,,,True,False,False,1963.0,2.0,12.0
78191,Jim,Smith,,,USA,,,False,True,False,1981.0,3.0,54.0
693,Joe,Smith,,,USA,,,False,True,True,1995.0,1.0,1.0
2746,Josh,Smith,,,USA,,,False,True,False,2004.0,1.0,17.0
1626288,Joshua,Smith,,,"",,,"","","","","",""
1630676,Justin,Smith,,,,,,,,,,,
78192,Keith,Smith,,,USA,,,True,False,False,1986.0,2.0,45.0
181,Kenny,Smith,,,USA,,,True,False,False,1987.0,1.0,6.0
78194,Labradford,Smith,,,USA,,,False,True,False,1991.0,1.0,19.0
201831,Lanny,Smith,,,"",,,"","","","","",""
78195,Larry,Smith,,,USA,,,False,True,False,1980.0,2.0,24.0
1910,Leon,Smith,,,USA,,,False,True,False,1999.0,1.0,29.0
63,Michael,Smith,,,USA,,,False,True,False,1994.0,2.0,35.0
78197,Michael,Smith,,,USA,,,True,False,False,1989.0,1.0,13.0
2065,Mike,Smith,,,USA,,,False,True,False,2000.0,2.0,35.0
202701,Nolan,Smith,,,USA,,,True,False,False,2011.0,1.0,21.0
78198,Otis,Smith,,,USA,,,False,True,False,1986.0,2.0,41.0
78199,Phil,Smith,,,USA,,,True,False,False,1974.0,2.0,29.0
78200,Randy,Smith,,,USA,,,True,False,False,1971.0,7.0,104.0
78201,Reggie,Smith,,,USA,,,False,True,False,1992.0,2.0,31.0
78204,Robert,Smith,,,USA,,,True,False,False,1977.0,3.0,65.0
203964,Roscoe,Smith,,,"",,,"","","","","",""
203893,Russ,Smith,,,USA,,,True,False,False,2014.0,2.0,47.0
78205,Sammy,Smith,,,USA,,,False,True,False,1977.0,3.0,48.0
120,Steven,Smith,,,USA,,,True,True,False,1991.0,1.0,5.0
200848,Steven,Smith,,,USA,,,False,True,False,-1.0,-1.0,-1.0
1478,Stevin,Smith,,,USA,,,True,False,False,-1.0,-1.0,-1.0
1631173,Terquavion,Smith,,,USA,,,True,False,False,-22.0,-22.0,-22.0
2604,Theron,Smith,,,USA,,,False,True,False,-1.0,-1.0,-1.0
1642449,Tolu,Smith,,,,,,,,,,,
2596,Tommy,Smith,,,"",,,"","","","","",""
380,Tony,Smith,,,USA,,,False,False,False,1990.0,2.0,51.0
1641890,Tyler,Smith,,,,,,,,,,,
78208,Willie,Smith,,,USA,,,True,False,False,1976.0,2.0,18.0
1629146,Zach,Smith,,,"",,,"","","","","",""
1629015,Zhaire,Smith,,,USA,,,True,False,False,2018.0,1.0,16.0
1628372,Dennis,Smith Jr.,,,,,,,,,,,
1631095,Jabari,Smith Jr.,,,,,,false,false,false,,,
1641733,Nick,Smith Jr.,,,,,,,,,,,
64023,Tohi,Smith-Milner,,,"",,,"","","","","",""
7021,Tohi,Smith-Milner,,,"",,,"","","","","",""
1627886,D'Vauntes,Smith-Rivera,,,"",,,"","","","","",""
22,Rik,Smits,,,USA,,,False,False,True,1988.0,1.0,2.0
9010,Matjaz,Smodis,,,"",,,"","","","","",""
533,Smodis,Smodis,,,"",,,"","","","","",""
1091,Mike,Smrek,,,USA,,,False,False,True,1985.0,2.0,25.0
78212,Joe,Smyth,,,USA,,,False,True,False,1953.0,"",""
1630270,Xavier,Sneed,,,USA,,,False,True,False,-1.0,-1.0,-1.0
203503,Tony,Snell,,,USA,,,True,False,False,2013.0,1.0,20.0
727,Eric,Snow,,,USA,,,True,False,False,1995.0,2.0,43.0
100729,Michelle,Snow,,,"",,,"","","","","",""
78213,Dick,Snyder,,,USA,,,True,False,False,1966.0,2.0,14.0
2745,Kirk,Snyder,,,USA,,,True,True,False,2004.0,1.0,16.0
78214,George,Sobek,,,USA,,,True,False,False,-1.0,-1.0,-1.0
78215,Ricky,Sobers,,,USA,,,True,False,False,1975.0,1.0,16.0
196295501,Nathan,Sobey,,,,,,false,false,false,,,
64069,Nathan,Sobey,,,"",,,"","","","","",""
78216,Ron,Sobie,,,USA,,,True,False,False,1956.0,1.0,6.0
1631110,Jeremy,Sochan,,,,,,,,,,,
78217,Mike,Sojourner,,,USA,,,False,False,True,1974.0,1.0,10.0
9011,Dmitry,Sokolov,,,"",,,"","","","","",""
204076,Richard,Solomon,,,"",,,"","","","","",""
2226,Will,Solomon,,,USA,,,True,False,False,2001.0,2.0,32.0
78219,Willie,Somerset,,,USA,,,True,False,False,1965.0,7.0,56.0
203154,Greg,Somogyi,,,"",,,"","","","","",""
2443,Darius,Songaila,,,Lithuania,,,False,True,False,2002.0,2.0,49.0
78220,Dave,Sorenson,,,USA,,,False,True,False,1970.0,2.0,26.0
64013,Roman,Sorkin,,,"",,,"","","","","",""
1626293,Edgar,Sosa,,,"",,,"","","","","",""
196294107,Kai,Sotto,,,"",,,"","","","","",""
203480,James,Southerland,,,USA,,,False,True,False,-1.0,-1.0,-1.0
1962937928,Marcus Vinicius,Souza,,,"",,,"","","","","",""
78221,Gino,Sovran,,,USA,,,False,True,False,-1.0,-1.0,-1.0
2776,Pape,Sow,,,Senegal,,,False,True,False,2004.0,2.0,47.0
1629034,Ray,Spalding,,,USA,,,False,True,False,2018.0,2.0,56.0
78222,Jim,Spanarkel,,,USA,,,True,False,False,1979.0,1.0,16.0
2779,Vassilis,Spanoulis,,,Greece,,,True,False,False,2004.0,2.0,50.0
78223,Guy,Sparrow,,,USA,,,False,True,False,1955.0,3.0,19.0
600009,Rory,Sparrow,,,USA,,,True,False,False,1980.0,4.0,75.0
78225,Odie,Spears,,,USA,,,False,True,False,1948.0,"",""
78226,Art,Spector,,,USA,,,False,True,False,-1.0,-1.0,-1.0
201578,Marreese,Speights,,,USA,,,False,True,True,2008.0,1.0,16.0
1629016,Omari,Spellman,,,USA,,,False,True,False,2018.0,1.0,30.0
78227,Andre,Spencer,,,USA,,,False,True,False,-1.0,-1.0,-1.0
1642285,Cam,Spencer,,,,,,,,,,,
771,Elmore,Spencer,,,USA,,,False,False,True,1992.0,1.0,25.0
280,Felton,Spencer,,,USA,,,False,False,True,1990.0,1.0,6.0
1630311,Pat,Spencer,,,,,,,,,,,
78230,Lou,Spicer,,,USA,,,False,True,False,-1.0,-1.0,-1.0
78231,Craig,Spitzer,,,USA,,,False,False,True,-22.0,-22.0,-22.0
201168,Tiago,Splitter,,,Brazil,,,False,True,True,2007.0,1.0,28.0
78232,Art,Spoelstra,,,USA,,,False,False,True,1954.0,4.0,34.0
84,Latrell,Sprewell,,,USA,,,True,False,False,1992.0,1.0,24.0
78233,Larry,Spriggs,,,USA,,,False,True,False,1981.0,4.0,81.0
1630531,Jaden,Springer,,,,,,,,,,,
78234,Jim,Springer,,,USA,,,False,False,True,1956.0,"",""
78235,Jim,Spruill,,,USA,,,False,True,False,-1.0,-1.0,-1.0
1756,Ryan,Stack,,,USA,,,False,True,False,1998.0,2.0,48.0
711,Jerry,Stackhouse,,,USA,,,False,True,False,1995.0,1.0,3.0
78237,Kevin,Stacom,,,USA,,,True,False,False,1974.0,2.0,35.0
78238,Dave,Stallworth,,,USA,,,False,True,False,1965.0,1.0,3.0
78239,Isaac,Stallworth,,,USA,,,False,True,False,1972.0,1.0,7.0
78240,Ed,Stanczak,,,USA,,,False,True,False,-1.0,-1.0,-1.0
1630199,Cassius,Stanley,,,USA,,,True,False,False,2020.0,2.0,54.0
78241,Terence,Stansbury,,,USA,,,True,False,False,1984.0,1.0,15.0
1629236,Jonathan,Stark,,,"",,,"","","","","",""
317,John,Starks,,,USA,,,True,False,False,-1.0,-1.0,-1.0
200853,Ondrej,Starosta,,,"",,,"","","","","",""
78243,Keith,Starr,,,USA,,,True,False,False,1976.0,4.0,52.0
1626219,Juwan,Staten,,,"",,,"","","","","",""
203917,Nik,Stauskas,,,Canada,,,True,False,False,2014.0,1.0,8.0
78244,Larry,Staverman,,,USA,,,False,True,False,1958.0,9.0,64.0
78245,Larry,Steele,,,USA,,,True,False,False,1971.0,3.0,37.0
2629,Jon,Stefansson,,,"",,,"","","","","",""
40030,Jon,Stefansson,,,"",,,"","","","","",""
1099,Matt,Steigenga,,,USA,,,False,True,False,1992.0,2.0,52.0
64043,Clint,Steindl,,,"",,,"","","","","",""
1735,Vladimir,Stepania,,,Georgia,,,False,False,True,1998.0,1.0,27.0
203474,DJ,Stephens,,,USA,,,True,True,False,-1.0,-1.0,-1.0
78247,Everette,Stephens,,,USA,,,True,False,False,1988.0,2.0,31.0
78249,Jack,Stephens,,,USA,,,True,False,False,1955.0,2.0,7.0
1641868,Jake,Stephens,,,USA,,,False,False,False,-22.0,-22.0,-22.0
1086,Joe,Stephens,,,USA,,,False,True,False,-1.0,-1.0,-1.0
202362,Lance,Stephenson,,,USA,,,False,True,False,2010.0,2.0,40.0
1627293,Alex,Stepheson,,,USA,,,False,True,False,-1.0,-1.0,-1.0
2786,Blake,Stepp,,,"",,,"","","","","",""
78250,Brook,Steppe,,,USA,,,True,False,False,1982.0,1.0,17.0
78251,Barry,Stevens,,,USA,,,True,False,False,1985.0,2.0,43.0
1641815,Isaiah,Stevens,,,,,,,,,,,
1630205,Lamar,Stevens,,,USA,,,False,True,False,-1.0,-1.0,-1.0
78252,Wayne,Stevens,,,USA,,,False,True,False,1958.0,7.0,49.0
2052,DeShawn,Stevenson,,,USA,,,True,True,False,2000.0,1.0,23.0
1641907,Erik,Stevenson,,,USA,,,False,False,False,-22.0,-22.0,-22.0
1630569,DJ,Steward,,,USA,,,False,False,False,-22.0,-22.0,-22.0
1630597,DJ,Stewart,,,USA,,,True,False,False,-1.0,-1.0,-1.0
78253,Dennis,Stewart,,,USA,,,False,True,False,1969.0,4.0,44.0
1629136,Elijah,Stewart,,,"",,,"","","","","",""
1630191,Isaiah,Stewart,,,,,,false,false,false,,,
1529,Kebu,Stewart,,,USA,,,False,True,False,1997.0,2.0,35.0
1125,Larry,Stewart,,,USA,,,False,True,False,-22.0,-22.0,-22.0
1565,Michael,Stewart,,,USA,,,False,False,True,-1.0,-1.0,-1.0
78256,Norm,Stewart,,,USA,,,False,True,False,1956.0,"",""
200855,Frans,Steyn,,,"",,,"","","","","",""
201880,Greg,Stiemsma,,,USA,,,False,False,True,-1.0,-1.0,-1.0
78257,Steve,Stipanovich,,,USA,,,False,False,True,1983.0,1.0,2.0
56031,Rok,Stipcevic,,,"",,,"","","","","",""
179,Bryant,Stith,,,USA,,,True,False,False,1992.0,1.0,13.0
7020,Dillon,Stith,,,"",,,"","","","","",""
78259,Sam,Stith,,,USA,,,True,False,False,1960.0,8.0,56.0
78260,Tom,Stith,,,USA,,,False,True,False,1961.0,1.0,2.0
43240,Demontez,Stitt,,,"",,,False,False,False,"","",""
78261,Alex,Stivrins,,,USA,,,False,True,False,1985.0,4.0,75.0
204065,David,Stockton,,,USA,,,True,False,False,2014.0,0.0,0.0
304,John,Stockton,,,USA,,,True,False,False,1984.0,1.0,16.0
978,Peja,Stojakovic,,,Serbia,,,False,True,False,1996.0,1.0,14.0
43203,Vojdan,Stojanovski,,,"",,,"","","","","",""
1055,Ed,Stokes,,,USA,,,False,False,False,1993.0,2.0,35.0
78264,Greg,Stokes,,,USA,,,False,True,False,1985.0,2.0,33.0
203950,Jarnell,Stokes,,,USA,,,False,True,True,2014.0,2.0,35.0
600016,Maurice,Stokes,,,USA,,,False,True,False,1955.0,1.0,2.0
78266,Art,Stolkey,,,USA,,,True,False,False,-1.0,-1.0,-1.0
56093,Paul,Stoll,,,"",,,"","","","","",""
1627754,Diamond,Stone,,,USA,,,False,False,True,2016.0,2.0,40.0
202933,Julyan,Stone,,,USA,,,True,False,False,-22.0,-22.0,-22.0
2852,Awvee,Storey,,,USA,,,True,True,False,-1.0,-1.0,-1.0
757,Damon,Stoudamire,,,USA,,,True,False,False,1995.0,1.0,7.0
101136,Salim,Stoudamire,,,USA,,,False,False,False,2005.0,2.0,31.0
2405,Amar'e,Stoudemire,,,USA,,,False,True,True,2002.0,1.0,9.0
78267,Paul,Stovall,,,USA,,,False,True,False,1972.0,2.0,22.0
201199,DJ,Strawberry,,,USA,,,True,False,False,2007.0,2.0,59.0
78268,Joe,Strawder,,,USA,,,False,False,True,1964.0,4.0,34.0
1631124,Julian,Strawther,,,,,,,,,,,
78269,Bill,Stricker,,,USA,,,False,True,False,1970.0,4.0,54.0
201240,Brad,Stricker,,,"",,,"","","","","",""
1065,Erick,Strickland,,,USA,,,True,False,False,-1.0,-1.0,-1.0
1110,Mark,Strickland,,,USA,,,False,True,False,-1.0,-1.0,-1.0
393,Rod,Strickland,,,USA,,,True,False,False,1988.0,1.0,19.0
78270,Roger,Strickland,,,USA,,,False,True,False,1963.0,1.0,7.0
78271,John,Stroeder,,,USA,,,False,True,False,1980.0,8.0,168.0
400,Derek,Strong,,,USA,,,False,True,False,1990.0,2.0,47.0
78273,Lamont,Strothers,,,USA,,,True,False,False,1991.0,2.0,43.0
78274,John,Stroud,,,USA,,,False,True,False,1980.0,2.0,27.0
1629622,Max,Strus,,,,,,,,,,,
201155,Rodney,Stuckey,,,USA,,,False,False,False,2007.0,1.0,15.0
78275,Gene,Stump,,,USA,,,False,True,False,1947.0,"",""
55086,Eric,Stuteville,,,"",,,"","","","","",""
78276,Stan,Stutz,,,USA,,,False,False,False,-22.0,-22.0,-22.0
40021,Carlos,Suarez,,,"",,,"","","","","",""
56049,Carlos,Suarez,,,"",,,"","","","","",""
1630591,Jalen,Suggs,,,,,,,,,,,
1966938157,Scott,Suggs,,,"",,,False,True,False,"","",""
78277,Gary,Suiter,,,USA,,,False,False,True,-22.0,-22.0,-22.0
1627881,Rasheed,Sulaimon,,,"",,,"","","","","",""
203096,Jared,Sullinger,,,USA,,,False,True,True,2012.0,1.0,21.0
201969,DaJuan,Summers,,,USA,,,False,True,False,2009.0,2.0,35.0
202872,Durrell,Summers,,,"",,,"","","","","",""
1628410,Edmond,Sumner,,,USA,,,True,False,False,2017.0,2.0,52.0
78654,Barry,Sumpter,,,USA,,,False,True,False,1988.0,3.0,56.0
201641,Curtis,Sumpter,,,"",,,"","","","","",""
64126,Haofeng,Sun,,,"",,,"","","","","",""
201180,Yue,Sun,,,China,,,True,False,False,2007.0,2.0,40.0
21016,Yue,Sun,,,"",,,"","","","","",""
78278,Don,Sunderlage,,,USA,,,True,False,False,1951.0,1.0,9.0
1743,Bruno,Sundov,,,Croatia,,,False,False,True,1998.0,2.0,35.0
78279,Jon,Sundvold,,,USA,,,True,False,False,1983.0,1.0,16.0
682,Bob,Sura,,,USA,,,True,False,False,1995.0,1.0,17.0
78280,Dick,Surhoff,,,USA,,,False,True,False,1952.0,"",""
201983,Goran,Suton,,,"",,,"","","","","",""
78281,Dane,Suttle,,,USA,,,True,False,False,1983.0,7.0,152.0
1630263,Dwayne,Sutton,,,USA,,,False,False,False,-22.0,-22.0,-22.0
357,Greg,Sutton,,,USA,,,True,False,False,1991.0,2.0,49.0
78283,Bennie,Swain,,,USA,,,False,True,False,1958.0,1.0,7.0
1628403,Caleb,Swanigan,,,USA,,,False,True,False,2017.0,1.0,26.0
78284,Norm,Swanson,,,USA,,,False,True,False,1953.0,"",""
78285,Dan,Swartz,,,USA,,,False,True,False,1956.0,4.0,""
202464,Devin,Sweetney,,,"",,,"","","","","",""
2552,Michael,Sweetney,,,USA,,,False,True,False,2003.0,1.0,9.0
1631306,Cole,Swider,,,USA,,,False,True,False,-1.0,-1.0,-1.0
2741,Robert,Swift,,,USA,,,False,False,True,2004.0,1.0,12.0
2031,Stromile,Swift,,,USA,,,False,True,True,2000.0,1.0,2.0
78286,Aaron,Swinson,,,USA,,,False,True,False,-1.0,-1.0,-1.0
1628591,Craig,Sword,,,USA,,,True,False,False,-1.0,-1.0,-1.0
509,Amara,Sy,,,"",,,"","","","","",""
202377,Pape,Sy,,,France,,,True,True,False,2010.0,2.0,53.0
78287,Wallace,Sydnor,,,USA,,,True,False,False,-1.0,-1.0,-1.0
1626208,Keifer,Sykes,,,USA,,,True,False,False,-1.0,-1.0,-1.0
1132,Larry,Sykes,,,USA,,,False,True,False,-1.0,-1.0,-1.0
202074,Raymond,Sykes,,,"",,,"","","","","",""
1136,Brett,Szabo,,,USA,,,False,False,True,-1.0,-1.0,-1.0
1887,Wally,Szczerbiak,,,USA,,,True,True,False,1999.0,1.0,6.0
440,Zan,Tabak,,,Croatia,,,False,False,True,1991.0,2.0,51.0
2657,Yuta,Tabuse,,,USA,,,True,False,False,-1.0,-1.0,-1.0
101147,Chris,Taft,,,USA,,,False,True,False,2005.0,2.0,42.0
78291,Sid,Tannenbaum,,,USA,,,True,False,False,-22.0,-22.0,-22.0
1627818,Kaleb,Tarczewski,,,"",,,"","","","","",""
1434,Dragan,Tarlac,,,Serbia,,,False,True,True,1995.0,2.0,31.0
78293,Roy,Tarpley,,,USA,,,False,True,False,1986.0,1.0,7.0
64121,Jianiyou,Taruike,,,"",,,"","","","","",""
196295488,Nicholas,Tata,,,,,,,,,,,
1630256,Jae'Sean,Tate,,,,,,,,,,,
78294,Earl,Tatum,,,USA,,,True,False,False,1976.0,2.0,21.0
201249,Jamaal,Tatum,,,"",,,"","","","","",""
1628369,Jayson,Tatum,,,,,,,,,,,
204002,Edy,Tavares,,,Cabo Verde,,,False,False,True,2014.0,2.0,43.0
196294609,Maique,Tavares,,,"",,,"","","","","",""
196294540,Walter,Tavares,,,"",,,False,False,True,"","",""
78295,Anthony,Taylor,,,USA,,,True,False,False,1988.0,2.0,44.0
1629806,B.J.,Taylor,,,"",,,"","","","","",""
78296,Brian,Taylor,,,USA,,,True,False,False,1972.0,2.0,23.0
56599,Deshon,Taylor,,,"",,,"","","","","",""
101182,Donell,Taylor,,,USA,,,True,False,False,-1.0,-1.0,-1.0
78298,Fred,Taylor,,,USA,,,True,False,False,1970.0,2.0,27.0
1627819,Isaiah,Taylor,,,USA,,,True,False,False,-22.0,-22.0,-22.0
78297,Jay,Taylor,,,USA,,,False,True,False,-1.0,-1.0,-1.0
78299,Jeff,Taylor,,,USA,,,True,False,False,1982.0,2.0,42.0
203106,Jeffery,Taylor,,,Sweden,,,False,False,False,2012.0,2.0,31.0
201966,Jermaine,Taylor,,,USA,,,True,False,False,2009.0,2.0,32.0
1511,Johnny,Taylor,,,USA,,,False,True,False,1997.0,1.0,17.0
202518,Kammron,Taylor,,,"",,,"","","","","",""
78301,Leonard,Taylor,,,USA,,,False,True,False,-22.0,-22.0,-22.0
1630260,Marlon,Taylor,,,USA,,,False,False,False,-22.0,-22.0,-22.0
1508,Maurice,Taylor,,,USA,,,False,True,True,1997.0,1.0,14.0
201446,Mike,Taylor,,,USA,,,True,False,False,2008.0,2.0,55.0
78302,Roland,Taylor,,,USA,,,True,False,False,1969.0,12.0,167.0
1630678,Terry,Taylor,,,USA,,,False,True,False,-1.0,-1.0,-1.0
203116,Tyshawn,Taylor,,,USA,,,True,False,False,2012.0,2.0,41.0
78303,Vince,Taylor,,,USA,,,True,False,False,1982.0,2.0,34.0
27019,Reuben,Te Rangi,,,"",,,"","","","","",""
78304,Terry,Teagle,,,USA,,,True,False,False,1982.0,1.0,16.0
201952,Jeff,Teague,,,USA,,,True,False,False,2009.0,1.0,19.0
1630617,MaCio,Teague,,,USA,,,False,False,False,-22.0,-22.0,-22.0
203104,Marquis,Teague,,,USA,,,True,False,False,2012.0,1.0,29.0
11251,Mirza,Teletovic,,,"",,,"","","","","",""
203141,Mirza,Teletovic,,,Bosnia and Herzegovina,,,False,True,False,-1.0,-1.0,-1.0
2742,Sebastian,Telfair,,,USA,,,True,False,False,2004.0,1.0,13.0
1643141,Jahmyl,Telfort,,,,,,,,,,,
202066,Garrett,Temple,,,,,,,,,,,
1628462,Milos,Teodosic,,,Serbia,,,True,False,False,-1.0,-1.0,-1.0
267634,Milos,Teodosic,,,"",,,"","","","","",""
42584,Milos,Teodosic,,,"",,,"","","","","",""
78305,Ira,Terrell,,,USA,,,False,True,False,1976.0,3.0,45.0
1629123,Jared,Terrell,,,USA,,,True,False,False,-22.0,-22.0,-22.0
78307,Carlos,Terry,,,USA,,,True,False,False,1978.0,5.0,104.0
78306,Chuck,Terry,,,USA,,,True,False,False,1972.0,2.0,29.0
78308,Claude,Terry,,,USA,,,True,False,False,1972.0,3.0,42.0
1631207,Dalen,Terry,,,,,,,,,,,
1629150,Emanuel,Terry,,,USA,,,False,True,False,-1.0,-1.0,-1.0
1891,Jason,Terry,,,USA,,,True,False,False,1999.0,1.0,10.0
201184,Reyshawn,Terry,,,"",,,"","","","","",""
1630179,Tyrell,Terry,,,USA,,,True,False,False,2020.0,2.0,31.0
1630257,Jon,Teske,,,USA,,,False,False,True,-1.0,-1.0,-1.0
64063,Brendan,Teys,,,"",,,"","","","","",""
201934,Hasheem,Thabeet,,,Tanzania,,,False,False,True,2009.0,1.0,2.0
78309,Tom,Thacker,,,USA,,,True,False,False,1963.0,"",""
1628464,Daniel,Theis,,,"",,,"","","","","",""
78310,Reggie,Theus,,,USA,,,True,False,False,1978.0,1.0,9.0
196294109,Cameron,Thew,,,"",,,"","","","","",""
78311,Peter,Thibeaux,,,USA,,,False,True,False,1983.0,4.0,77.0
78312,Bill,Thieben,,,USA,,,False,True,False,1956.0,"",""
1642876,Adou,Thiero,,,,,,,,,,,
78313,Justus,Thigpen,,,USA,,,True,False,False,1969.0,11.0,147.0
78314,David,Thirdkill,,,USA,,,False,True,False,1982.0,1.0,15.0
203519,Adonis,Thomas,,,USA,,,True,True,False,-22.0,-22.0,-22.0
2873,Billy,Thomas,,,USA,,,True,False,False,-1.0,-1.0,-1.0
1630271,Brodric,Thomas,,,USA,,,True,False,False,-22.0,-22.0,-22.0
1630560,Cam,Thomas,,,,,,false,false,false,,,
1063,Carl,Thomas,,,USA,,,True,False,False,-1.0,-1.0,-1.0
78316,Charles,Thomas,,,USA,,,True,False,False,-1.0,-1.0,-1.0
203472,Deshaun,Thomas,,,"",,,"","","","","",""
201230,Doug,Thomas,,,"",,,"","","","","",""
2041,Etan,Thomas,,,USA,,,False,False,True,2000.0,1.0,12.0
78317,Irving,Thomas,,,USA,,,False,True,False,-1.0,-1.0,-1.0
202738,Isaiah,Thomas,,,USA,,,True,False,False,2011.0,2.0,60.0
78318,Isiah,Thomas,,,USA,,,True,False,False,1981.0,1.0,2.0
1975,Jamel,Thomas,,,USA,,,False,True,False,-1.0,-1.0,-1.0
2839,James,Thomas,,,USA,,,False,True,False,-1.0,-1.0,-1.0
56094,James,Thomas,,,"",,,"","","","","",""
78320,Jim,Thomas,,,USA,,,True,False,False,1983.0,2.0,40.0
78321,Joe,Thomas,,,USA,,,False,True,False,1970.0,6.0,95.0
1519,John,Thomas,,,USA,,,False,False,True,1997.0,1.0,25.0
1903,Kenny,Thomas,,,USA,,,False,True,True,1999.0,1.0,22.0
1629017,Khyri,Thomas,,,USA,,,True,False,False,2018.0,2.0,38.0
703,Kurt,Thomas,,,USA,,,False,True,False,1995.0,1.0,10.0
202498,Lance,Thomas,,,USA,,,False,True,False,-22.0,-22.0,-22.0
202952,Malcolm,Thomas,,,USA,,,False,True,False,-1.0,-1.0,-1.0
1629744,Matt,Thomas,,,USA,,,True,False,False,-1.0,-1.0,-1.0
1628577,Rashawn,Thomas,,,"",,,"","","","","",""
1643148,Saint,Thomas,,,,,,,,,,,
78322,Terry,Thomas,,,USA,,,False,True,False,1975.0,9.0,151.0
1501,Tim,Thomas,,,USA,,,False,True,False,1997.0,1.0,7.0
200748,Tyrus,Thomas,,,USA,,,False,True,False,2006.0,1.0,4.0
202717,Trey,Thompkins,,,USA,,,False,True,False,2011.0,2.0,37.0
1641708,Amen,Thompson,,,,,,false,false,false,,,
1641709,Ausar,Thompson,,,,,,false,false,false,,,
78323,Bernard,Thompson,,,USA,,,True,False,False,1984.0,1.0,19.0
1631,Billy,Thompson,,,USA,,,False,True,False,1986.0,1.0,19.0
240,Brooks,Thompson,,,USA,,,True,False,False,1994.0,1.0,27.0
78325,Corny,Thompson,,,USA,,,False,True,False,1982.0,3.0,50.0
78326,David,Thompson,,,USA,,,True,False,False,1975.0,1.0,1.0
56074,Deon,Thompson,,,"",,,"","","","","",""
101159,Dijon,Thompson,,,USA,,,True,True,False,2005.0,2.0,54.0
1630679,Ethan,Thompson,,,,,,,,,,,
78327,George,Thompson,,,USA,,,True,False,False,1969.0,5.0,66.0
203138,Hollis,Thompson,,,USA,,,False,True,False,-1.0,-1.0,-1.0
201574,Jason,Thompson,,,USA,,,False,True,True,2008.0,1.0,12.0
78328,John,Thompson,,,USA,,,False,True,False,1964.0,3.0,25.0
78329,Kevin,Thompson,,,USA,,,False,False,True,1993.0,2.0,48.0
202691,Klay,Thompson,,,,,,false,false,false,,,
78,LaSalle,Thompson,,,USA,,,False,False,False,1982.0,1.0,5.0
78331,Mychal,Thompson,,,USA,,,False,False,True,1978.0,1.0,1.0
202814,Mychel,Thompson,,,USA,,,False,True,False,-1.0,-1.0,-1.0
78332,Paul,Thompson,,,USA,,,True,False,False,1983.0,3.0,50.0
202421,Ryan,Thompson,,,"",,,"","","","","",""
1626280,Sam,Thompson,,,"",,,"","","","","",""
78333,Stephen,Thompson,,,USA,,,False,True,False,-1.0,-1.0,-1.0
202684,Tristan,Thompson,,,"",,,"","","","","",""
202770,Tristan,Thompson,,,"",,,"","","","","",""
1630550,JT,Thor,,,"",,,"","","","","",""
78335,Rod,Thorn,,,USA,,,True,False,False,1963.0,1.0,2.0
203180,Hank,Thorns,,,"",,,"","","","","",""
201154,Al,Thornton,,,USA,,,False,True,False,2007.0,1.0,14.0
738,Bob,Thornton,,,USA,,,False,True,False,1984.0,4.0,87.0
201977,Marcus,Thornton,,,USA,,,True,True,False,2009.0,2.0,43.0
1628414,Sindarius,Thornwell,,,USA,,,True,False,False,2017.0,2.0,48.0
196294095,Sindarius,Thornwell,,,"",,,"","","","","",""
901,Otis,Thorpe,,,USA,,,False,True,True,1984.0,1.0,9.0
1962937742,Adam,Thoseby,,,"",,,"","","","","",""
9,Sedale,Threatt,,,USA,,,True,False,False,1983.0,6.0,139.0
600001,Nate,Thurmond,,,USA,,,False,False,True,1963.0,1.0,3.0
78340,Mel,Thurston,,,USA,,,True,False,False,-1.0,-1.0,-1.0
1629680,Matisse,Thybulle,,,,,,,,,,,
1966938170,Firmin,Thygesen,,,"",,,"","","","","",""
1966938196,Yuheng,Tian,,,"",,,"","","","","",""
78341,Howard,Tidrick,,,USA,,,True,False,False,-1.0,-1.0,-1.0
78342,Dan,Tieman,,,USA,,,True,False,False,-1.0,-1.0,-1.0
1629681,Killian,Tillie,,,France,,,False,True,True,-22.0,-22.0,-22.0
78343,Darren,Tillis,,,USA,,,False,False,True,1982.0,1.0,23.0
1629460,Justin,Tillman,,,USA,,,False,False,False,-22.0,-22.0,-22.0
1630214,Xavier,Tillman,,,,,,false,false,false,,,
1630777,Jeremiah,Tilmon,,,USA,,,False,False,False,-22.0,-22.0,-22.0
1631166,Drew,Timme,,,,,,,,,,,
78344,Jack,Tingle,,,USA,,,False,False,False,-22.0,-22.0,-22.0
2224,Jamaal,Tinsley,,,USA,,,True,False,False,2001.0,1.0,27.0
101186,Lucas,Tischer,,,"",,,"","","","","",""
47,Wayman,Tisdale,,,USA,,,False,True,False,1985.0,1.0,2.0
1627861,Mike,Tobey,,,USA,,,False,False,True,-1.0,-1.0,-1.0
1630225,Isaiah,Todd,,,USA,,,False,True,False,2021.0,2.0,31.0
56020,Marko,Todorovic,,,"",,,"","","","","",""
78346,Marko,Todorovich,,,USA,,,False,True,False,1947.0,-22.0,-22.0
204078,Yuki,Togashi,,,"",,,"","","","","",""
1626160,JP,Tokoto,,,"",,,"","","","","",""
78348,Ray,Tolbert,,,USA,,,False,True,False,1981.0,1.0,18.0
78347,Tom,Tolbert,,,USA,,,False,True,False,1988.0,2.0,34.0
201229,Anthony,Tolliver,,,USA,,,False,True,False,-1.0,-1.0,-1.0
78349,Dean,Tolson,,,USA,,,False,True,False,1974.0,5.0,80.0
40073,Dejan,Tomasevic,,,"",,,"","","","","",""
56029,Ante,Tomic,,,"",,,"","","","","",""
78350,Rudy,Tomjanovich,,,USA,,,False,True,False,1970.0,1.0,2.0
1641772,Nae'Qwan,Tomlin,,,,,,,,,,,
78351,Andrew,Toney,,,USA,,,True,False,False,1980.0,1.0,8.0
1631421,Au'Diese,Toney,,,USA,,,False,False,False,-22.0,-22.0,-22.0
78352,Sedric,Toney,,,USA,,,True,False,False,1985.0,3.0,59.0
1962937767,Wang,Tong,,,"",,,"","","","","",""
64101,Wang,Tong,,,"",,,"","","","","",""
1642910,John,Tonje,,,,,,,,,,,
78353,Andy,Tonkovich,,,USA,,,True,False,False,1948.0,1.0,1.0
40033,Alessandro,Tonolli,,,"",,,"","","","","",""
546,Tonolli,Tonolli,,,"",,,"","","","","",""
1642893,Alex,Toohey,,,,,,,,,,,
342,Andy,Toolson,,,USA,,,False,True,False,-1.0,-1.0,-1.0
1630255,Jake,Toolson,,,USA,,,False,False,False,-22.0,-22.0,-22.0
78355,Jack,Toomay,,,USA,,,False,False,False,-22.0,-22.0,-22.0
78356,Bernard,Toone,,,USA,,,False,True,False,1979.0,2.0,37.0
1642260,Nikola,Topic,,,,,,false,false,false,,,
1631210,Jacob,Toppin,,,,,,,,,,,
1630167,Obi,Toppin,,,,,,,,,,,
78357,Irv,Torgoff,,,USA,,,False,True,False,-1.0,-1.0,-1.0
78358,Gene,Tormohlen,,,USA,,,False,False,True,1959.0,2.0,11.0
40025,Caio,Torres,,,"",,,"","","","","",""
2351,Oscar,Torres,,,Venezuela,,,True,True,False,-1.0,-1.0,-1.0
523,Torres,Torres,,,"",,,"","","","","",""
1629308,Juan,Toscano-Anderson,,,USA,,,False,True,False,-1.0,-1.0,-1.0
78359,Bill,Tosheff,,,USA,,,True,False,False,1951.0,4.0,32.0
78360,Bob,Tough,,,USA,,,True,False,False,-1.0,-1.0,-1.0
1626253,Axel,Toupane,,,France,,,True,True,False,-1.0,-1.0,-1.0
78361,Monte,Towe,,,USA,,,True,False,False,1975.0,4.0,57.0
700,Keith,Tower,,,USA,,,False,False,True,-1.0,-1.0,-1.0
78363,William,Towery,,,USA,,,False,False,True,-1.0,-1.0,-1.0
78364,Linton,Townes,,,USA,,,False,True,False,1982.0,2.0,33.0
1626157,Karl-Anthony,Towns,,,,,,false,false,false,,,
78365,Raymond,Townsend,,,USA,,,True,False,False,1978.0,1.0,22.0
1642422,Armel,Traore,,,"",,,"","","","","",""
1642849,Nolan,Traore,,,,,,,,,,,
78366,George,Trapp,,,USA,,,False,True,False,1971.0,1.0,5.0
78367,John,Trapp,,,USA,,,False,True,False,1968.0,2.0,15.0
1631247,Luke,Travers,,,,,,,,,,,
1714,Robert,Traylor,,,USA,,,False,True,True,1998.0,1.0,6.0
718,Gary,Trent,,,USA,,,False,True,False,1995.0,1.0,11.0
1629018,Gary,Trent Jr.,,,,,,false,false,false,,,
2244,Jeff,Trepagnier,,,USA,,,True,False,False,2001.0,2.0,35.0
78651,John,Tresvant,,,USA,,,False,True,False,1964.0,5.0,40.0
567,Trias,Trias,,,"",,,"","","","","",""
44839,Travis,Trice,,,"",,,False,False,False,"","",""
1626275,Travis,Trice II,,,"",,,"","","","","",""
1629019,Allonzo,Trier,,,USA,,,True,False,False,2018.0,"",""
1628453,Melo,Trimble,,,"",,,"","","","","",""
1630261,Jahlil,Tripp,,,USA,,,False,False,False,-22.0,-22.0,-22.0
78368,Dick,Triptow,,,USA,,,True,False,False,-1.0,-1.0,-1.0
78369,Kelly,Tripucka,,,USA,,,False,True,False,1981.0,1.0,12.0
64024,Daniel,Trist,,,"",,,"","","","","",""
510,Troutman,Troutman,,,"",,,"","","","","",""
2456,Cezary,Trybanski,,,Poland,,,False,False,True,-1.0,-1.0,-1.0
2054,Jake,Tsakalidis,,,Greece,,,False,False,True,2000.0,1.0,25.0
40071,Kostas,Tsartsaris,,,"",,,"","","","","",""
78370,John,Tschogl,,,USA,,,False,True,False,-1.0,-1.0,-1.0
1631131,Oscar,Tshiebwe,,,,,,,,,,,
1962936546,Giorgios,Tsiaras,,,"",,,"","","","","",""
78371,Lou,Tsioropoulos,,,USA,,,False,True,False,1953.0,7.0,""
2401,Nikoloz,Tskitishvili,,,Georgia,,,False,True,False,2002.0,1.0,5.0
1641773,Azuolas,Tubelis,,,Lithuania,,,False,False,False,-22.0,-22.0,-22.0
78372,Al,Tucker,,,USA,,,False,True,False,1967.0,1.0,6.0
201169,Alando,Tucker,,,USA,,,False,True,False,2007.0,1.0,29.0
141,Anthony,Tucker,,,USA,,,False,True,False,-22.0,-22.0,-22.0
196294596,Dakarai,Tucker,,,"",,,True,False,False,"","",""
1966938171,Darquavis,Tucker,,,"",,,True,False,False,"","",""
78374,Jim,Tucker,,,USA,,,False,True,False,1954.0,3.0,24.0
1630733,Jordan,Tucker,,,USA,,,False,False,False,-22.0,-22.0,-22.0
200782,P.J.,Tucker,,,"",,,False,True,False,"","",""
1629730,Rayjon,Tucker,,,USA,,,True,False,False,-1.0,-1.0,-1.0
78375,Trent,Tucker,,,USA,,,True,False,False,1982.0,1.0,6.0
40049,Kerem,Tunceri,,,"",,,"","","","","",""
101142,Ronny,Turiaf,,,France,,,False,False,False,2005.0,2.0,37.0
1726,Mirsad,Turkcan,,,Turkey,,,False,True,False,1998.0,1.0,18.0
2045,Hedo,Turkoglu,,,Turkey,,,False,True,False,2000.0,1.0,16.0
42537,Izzet,Turkyilmaz,,,"",,,"","","","","",""
43305,Izzet,Turkyilmaz,,,"",,,"","","","","",""
78377,Andre,Turner,,,USA,,,True,False,False,1986.0,3.0,69.0
78385,Bill,Turner,,,USA,,,False,True,False,1967.0,3.0,27.0
78378,Elston,Turner,,,USA,,,True,False,False,1981.0,2.0,43.0
202323,Evan,Turner,,,USA,,,True,True,False,2010.0,1.0,2.0
78379,Henry,Turner,,,USA,,,True,False,False,-1.0,-1.0,-1.0
78380,Jack,Turner,,,USA,,,True,False,False,1954.0,1.0,8.0
78382,Jack,Turner,,,USA,,,False,False,False,1961.0,2.0,18.0
78381,Jeff,Turner,,,USA,,,False,True,False,1984.0,1.0,17.0
1819,John,Turner,,,USA,,,False,True,False,1991.0,1.0,20.0
201213,Larry,Turner,,,"",,,"","","","","",""
1626167,Myles,Turner,,,,,,false,false,false,,,
1943,Wayne,Turner,,,USA,,,True,False,False,-1.0,-1.0,-1.0
78386,Mel,Turpin,,,USA,,,False,False,True,1984.0,1.0,6.0
78387,Dave,Twardzik,,,USA,,,True,False,False,1972.0,2.0,26.0
78388,Jack,Twyman,,,USA,,,False,True,False,1955.0,2.0,8.0
189,B.J.,Tyler,,,USA,,,True,False,False,1994.0,1.0,20.0
202719,Jeremy,Tyler,,,USA,,,False,True,False,2011.0,2.0,39.0
78390,Terry,Tyler,,,USA,,,False,True,False,1978.0,2.0,23.0
78391,Charlie,Tyra,,,USA,,,False,False,True,1957.0,1.0,2.0
1630254,Breein,Tyree,,,USA,,,False,False,False,-22.0,-22.0,-22.0
1641816,Hunter,Tyson,,,,,,,,,,,
1642281,Jaylon,Tyson,,,,,,false,false,false,,,
43186,Alex,Tyus,,,"",,,"","","","","",""
202775,Edwin,Ubiles,,,Puerto Rico,,,True,True,False,-1.0,-1.0,-1.0
1627224,Chris,Udofia,,,"",,,"","","","","",""
1962937116,Ekpe,Udoh,,,"",,,False,False,False,"","",""
202327,Ekpe,Udoh,,,USA,,,False,True,True,2010.0,1.0,6.0
2137,Ime,Udoka,,,USA,,,False,False,False,-22.0,-22.0,-22.0
2757,Beno,Udrih,,,Slovenia,,,True,False,False,2004.0,1.0,28.0
42546,Berk,Ugurlu,,,"",,,"","","","","",""
43312,Berk,Ugurlu,,,"",,,"","","","","",""
101146,Roko,Ukic,,,Croatia,,,True,False,False,2005.0,2.0,41.0
40039,Roko,Ukic,,,"",,,"","","","","",""
568,Ukic,Ukic,,,"",,,"","","","","",""
1627755,Tyler,Ulis,,,USA,,,True,False,False,2016.0,2.0,34.0
1630649,Stanley,Umude,,,,,,,,,,,
78392,Wes,Unseld,,,USA,,,False,False,True,1968.0,1.0,2.0
78393,Hal,Uplinger,,,USA,,,True,False,False,-1.0,-1.0,-1.0
78394,Kelvin,Upshaw,,,USA,,,True,False,False,-1.0,-1.0,-1.0
1626193,Robert,Upshaw,,,"",,,"","","","","",""
40018,Txemi,Urtasun,,,"",,,"","","","","",""
1627784,Jarrod,Uthoff,,,USA,,,False,True,False,-1.0,-1.0,-1.0
202386,Ben,Uzoh,,,USA,,,True,False,False,-1.0,-1.0,-1.0
201987,Robert,Vaden,,,USA,,,True,True,False,2009.0,2.0,54.0
64042,Rhys,Vague,,,"",,,"","","","","",""
202685,Jonas,Valanciunas,,,,,,,,,,,
78395,Darnell,Valentine,,,USA,,,True,False,False,1981.0,1.0,16.0
1627756,Denzel,Valentine,,,USA,,,True,False,False,2016.0,1.0,14.0
78396,Ron,Valentine,,,USA,,,False,True,False,1980.0,3.0,51.0
1641941,Vincent,Valerio-Bodon,,,Hungary,,,False,False,False,-22.0,-22.0,-22.0
78397,John,Vallely,,,USA,,,True,False,False,1970.0,1.0,14.0
78398,Dick,Van Arsdale,,,USA,,,True,False,False,1965.0,2.0,10.0
78399,Tom,Van Arsdale,,,USA,,,False,True,False,1965.0,2.0,11.0
78401,Butch,Van Breda Kolff,,,USA,,,True,True,False,-1.0,-1.0,-1.0
78400,Jan,Van Breda Kolff,,,USA,,,False,True,False,1974.0,2.0,20.0
534,Van Den Spiegel,Van Den Spiegel,,,"",,,"","","","","",""
89,Nick,Van Exel,,,USA,,,True,False,False,1993.0,2.0,37.0
1297,Jeff,Van Gundy,,,"",,,"","","","","",""
1496,Keith,Van Horn,,,USA,,,False,True,False,1997.0,1.0,2.0
78406,Norm,Van Lier,,,USA,,,True,False,False,1969.0,3.0,34.0
1627832,Fred,VanVleet,,,,,,,,,,,
78402,Gene,Vance,,,USA,,,True,False,False,1947.0,"",""
78403,Log,Vander Velden,,,USA,,,False,True,False,-1.0,-1.0,-1.0
1629020,Jarred,Vanderbilt,,,,,,false,false,false,,,
78405,Ernie,Vandeweghe,,,USA,,,False,True,False,-22.0,-22.0,-22.0
78404,Kiki,Vandeweghe,,,USA,,,False,True,False,1980.0,1.0,11.0
78407,Nick,Vanos,,,USA,,,False,False,True,1985.0,2.0,32.0
2128,David,Vanterpool,,,USA,,,True,False,False,-1.0,-1.0,-1.0
535,Vanterpool,Vanterpool,,,"",,,"","","","","",""
2237,Ratko,Varda,,,Bosnia and Herzegovina,,,False,False,True,-1.0,-1.0,-1.0
2760,Anderson,Varejao,,,Brazil,,,False,True,False,2004.0,2.0,30.0
43199,Akeem,Vargas,,,"",,,"","","","","",""
1966938158,Gregory,Vargas,,,"",,,True,False,False,"","",""
202363,Jarvis,Varnado,,,USA,,,False,True,True,2010.0,2.0,41.0
267624,Panagiotis,Vasilopoulos,,,"",,,"","","","","",""
202349,Greivis,Vasquez,,,Venezuela,,,True,False,False,2010.0,1.0,28.0
1630170,Devin,Vassell,,,,,,false,false,false,,,
78409,Charles,Vaughn,,,USA,,,True,False,False,1962.0,4.0,26.0
710,David,Vaughn,,,USA,,,False,True,False,1995.0,1.0,25.0
1521,Jacque,Vaughn,,,USA,,,True,False,False,1997.0,1.0,27.0
1626173,Rashad,Vaughn,,,USA,,,True,False,False,2015.0,1.0,17.0
78411,Virgil,Vaughn,,,USA,,,False,True,False,-1.0,-1.0,-1.0
78412,Loy,Vaught,,,"",,,"","","","","",""
919,Loy,Vaught,,,USA,,,False,True,True,1990.0,1.0,13.0
8015,Fran,Vazquez,,,"",,,"","","","","",""
569,Vazquez,Vazquez,,,"",,,"","","","","",""
41543,Novica,Velickovic,,,"",,,"","","","","",""
78413,Bob,Verga,,,USA,,,True,False,False,1967.0,3.0,25.0
78414,Peter,Verhoeven,,,USA,,,False,True,False,1981.0,4.0,85.0
1962936483,Jan,Vesely,,,"",,,"","","","","",""
202686,Jan,Vesely,,,Czech Republic,,,False,True,False,2011.0,1.0,6.0
41202,Jan,Vesely,,,"",,,"","","","","",""
43313,Jan,Vesely,,,"",,,False,False,False,"","",""
78415,Gundars,Vetra,,,Latvia,,,False,True,False,-1.0,-1.0,-1.0
1628426,Sasha,Vezenkov,,,Bulgaria,,,False,True,False,2017.0,2.0,57.0
78416,Joao,Vianna,,,Brazil,,,False,True,False,-1.0,-1.0,-1.0
41544,Sergi,Vidal,,,"",,,"","","","","",""
42538,Gasper,Vidmar,,,"",,,"","","","","",""
1966938172,Jose,Vildoza,,,"",,,"","","","","",""
1630492,Luca,Vildoza,,,Argentina,,,True,False,False,-1.0,-1.0,-1.0
101111,Charlie,Villanueva,,,USA,,,False,True,False,2005.0,1.0,7.0
1629216,Gabe,Vincent,,,,,,,,,,,
78418,Jay,Vincent,,,USA,,,False,True,False,1981.0,2.0,24.0
78417,Sam,Vincent,,,USA,,,True,False,False,1985.0,1.0,20.0
200790,Marcus,Vinicius,,,Brazil,,,False,True,False,2006.0,2.0,43.0
43216,Marcus,Vinicius,,,"",,,False,False,False,"","",""
1844,Fred,Vinson,,,USA,,,True,False,False,-1.0,-1.0,-1.0
101262,Cory,Violette,,,"",,,"","","","","",""
64155,Joao,Vitor,,,"",,,"","","","","",""
78419,Gary,Voce,,,USA,,,False,True,False,-1.0,-1.0,-1.0
1966938186,Tom,Vodanovich,,,"",,,"","","","","",""
78420,Floyd,Volker,,,USA,,,False,True,False,-1.0,-1.0,-1.0
78421,Alexander,Volkov,,,Ukraine,,,False,False,True,1986.0,6.0,134.0
78422,Whitey,Von Nieda,,,USA,,,"","","",-1.0,-1.0,-1.0
203943,Noah,Vonleh,,,USA,,,False,True,False,2014.0,1.0,9.0
536,Voroncevich,Voroncevich,,,"",,,"","","","","",""
9012,Andrey,Vorontsevich,,,"",,,"","","","","",""
2063,Jake,Voskuhl,,,USA,,,False,False,True,2000.0,2.0,33.0
78423,Danny,Vranes,,,USA,,,False,True,False,1981.0,1.0,5.0
2582,Slavko,Vranes,,,Montenegro,,,False,False,True,2003.0,2.0,39.0
41210,Slavko,Vranes,,,"",,,"","","","","",""
1037,Stojko,Vrankovic,,,Croatia,,,False,False,False,-22.0,-22.0,-22.0
42560,Zoran,Vrkic,,,"",,,"","","","","",""
78425,Brett,Vroman,,,USA,,,False,False,True,1978.0,4.0,87.0
2761,Jackson,Vroman,,,USA,,,False,False,False,2004.0,2.0,31.0
202696,Nikola,Vucevic,,,,,,false,false,false,,,
2756,Sasha,Vujacic,,,Slovenia,,,True,False,False,2004.0,1.0,27.0
2525,Milos,Vujanic,,,"",,,"","","","","",""
267619,Nikola,Vujcic,,,"",,,"","","","","",""
1641774,Tristan,Vukcevic,,,,,,,,,,,
196294557,Sam,Waardenburg,,,"",,,True,False,False,"","",""
1629731,Dean,Wade,,,,,,,,,,,
2548,Dwyane,Wade,,,USA,,,True,False,False,2003.0,1.0,5.0
78426,Mark,Wade,,,USA,,,True,False,False,-1.0,-1.0,-1.0
101144,Von,Wafer,,,USA,,,True,False,False,2005.0,2.0,39.0
267637,Von,Wafer,,,"",,,"","","","","",""
78427,Clint,Wager,,,USA,,,False,False,True,-1.0,-1.0,-1.0
2402,Dajuan,Wagner,,,USA,,,True,False,False,2002.0,1.0,6.0
78428,Danny,Wagner,,,USA,,,True,False,False,-1.0,-1.0,-1.0
1630532,Franz,Wagner,,,,,,false,false,false,,,
78429,Milt,Wagner,,,USA,,,True,False,False,1986.0,2.0,35.0
1629021,Moritz,Wagner,,,,,,,,,,,
43224,Moritz,Wagner,,,"",,,"","","","","",""
64041,Jesse,Wagstaff,,,"",,,"","","","","",""
1630688,Ish,Wainright,,,USA,,,False,True,False,-1.0,-1.0,-1.0
203079,Dion,Waiters,,,USA,,,True,False,False,2012.0,1.0,4.0
78430,Granville,Waiters,,,USA,,,False,False,True,1983.0,2.0,39.0
78431,Andre,Wakefield,,,USA,,,True,False,False,1978.0,5.0,107.0
1626258,Corey,Walden,,,"",,,"","","","","",""
78432,Neal,Walk,,,USA,,,False,False,True,1969.0,1.0,2.0
78433,Andy,Walker,,,USA,,,True,False,False,1976.0,7.0,111.0
952,Antoine,Walker,,,USA,,,False,True,False,1996.0,1.0,6.0
78434,Brady,Walker,,,USA,,,False,True,False,1948.0,"",""
78435,Chet,Walker,,,USA,,,False,True,False,1962.0,2.0,12.0
1626217,Chris,Walker,,,"",,,"","","","","",""
78437,Darrell,Walker,,,USA,,,True,False,False,1983.0,1.0,12.0
78436,Foots,Walker,,,USA,,,True,False,False,1974.0,3.0,38.0
201611,Henry,Walker,,,USA,,,False,True,False,2008.0,2.0,47.0
78438,Horace,Walker,,,USA,,,False,True,False,1960.0,4.0,30.0
1631133,Jabari,Walker,,,,,,,,,,,
1641716,Jarace,Walker,,,,,,,,,,,
78439,Jimmy,Walker,,,USA,,,True,False,False,1967.0,1.0,1.0
1641948,Jordan,Walker,,,USA,,,False,False,False,-22.0,-22.0,-22.0
202689,Kemba,Walker,,,USA,,,True,False,False,2011.0,1.0,9.0
78440,Kenny,Walker,,,USA,,,False,True,False,1986.0,1.0,5.0
1630640,MJ,Walker,,,,,,,,,,,
78441,Phil,Walker,,,USA,,,True,False,False,1977.0,2.0,39.0
955,Samaki,Walker,,,USA,,,False,True,False,1996.0,1.0,9.0
1629246,Tyrius,Walker,,,"",,,"","","","","",""
1642488,Tyson,Walker,,,,,,false,false,false,,,
78442,Wally,Walker,,,USA,,,False,True,False,1976.0,1.0,5.0
1629022,Lonnie,Walker IV,,,"",,,False,True,False,"","",""
1627843,Thomas,Walkup,,,"",,,"","","","","",""
202322,John,Wall,,,USA,,,True,False,False,2010.0,1.0,1.0
1112,Ben,Wallace,,,USA,,,False,True,True,-22.0,-22.0,-22.0
201204,Brandon,Wallace,,,"",,,"","","","","",""
56021,C.J.,Wallace,,,"",,,"","","","","",""
1641717,Cason,Wallace,,,,,,false,false,false,,,
2222,Gerald,Wallace,,,USA,,,False,True,False,2001.0,1.0,25.0
961,John,Wallace,,,USA,,,False,True,False,1996.0,1.0,18.0
1630811,Keaton,Wallace,,,,,,,,,,,
78443,Michael,Wallace,,,USA,,,True,False,False,-1.0,-1.0,-1.0
739,Rasheed,Wallace,,,USA,,,False,True,True,1995.0,1.0,4.0
1627820,Tyrone,Wallace,,,USA,,,True,False,False,2016.0,2.0,60.0
78444,Dwight,Waller,,,USA,,,False,True,False,1968.0,10.0,131.0
78445,Jamie,Waller,,,USA,,,False,True,False,1987.0,3.0,48.0
78446,Jim,Walsh,,,USA,,,False,True,False,1952.0,"",""
1641775,Jordan,Walsh,,,,,,,,,,,
101190,Matt,Walsh,,,USA,,,True,True,False,-1.0,-1.0,-1.0
1642266,Ja'Kobe,Walter,,,,,,,,,,,
777,Rex,Walters,,,USA,,,True,False,False,1993.0,1.0,16.0
78447,Paul,Walther,,,USA,,,True,False,False,-22.0,-22.0,-22.0
78448,Rabbit,Walthour,,,USA,,,True,False,False,-1.0,-1.0,-1.0
78450,Bill,Walton,,,USA,,,False,False,True,1974.0,1.0,1.0
78449,Lloyd,Walton,,,USA,,,True,False,False,1976.0,3.0,40.0
2575,Luke,Walton,,,USA,,,False,True,False,2003.0,2.0,32.0
1628476,Derrick,Walton Jr.,,,USA,,,True,False,False,-1.0,-1.0,-1.0
202954,Brad,Wanamaker,,,USA,,,True,False,False,-1.0,-1.0,-1.0
21008,Lei,Wang,,,"",,,"","","","","",""
21006,Shipeng,Wang,,,"",,,"","","","","",""
1962937926,Xiaohui,Wang,,,"",,,"","","","","",""
64123,Xinlei,Wang,,,"",,,"","","","","",""
64120,Xu,Wang,,,"",,,"","","","","",""
27003,Yue,Wang,,,"",,,"","","","","",""
21002,Zhizhi,Wang,,,"",,,"","","","","",""
78453,Bobby,Wanzer,,,USA,,,True,False,False,1948.0,1.0,10.0
78454,Perry,Warbington,,,USA,,,True,False,False,1974.0,9.0,145.0
369,Charlie,Ward,,,USA,,,True,False,False,1994.0,1.0,26.0
78455,Gerry,Ward,,,USA,,,True,False,False,1963.0,1.0,5.0
78456,Henry,Ward,,,USA,,,True,False,False,1975.0,6.0,99.0
203810,Casper,Ware,,,USA,,,"","","",-1.0,-1.0,-1.0
78457,Jim,Ware,,,USA,,,False,True,False,1966.0,3.0,26.0
1642276,Kel'el,Ware,,,,,,,,,,,
78458,Ben,Warley,,,USA,,,False,True,False,1961.0,1.0,6.0
78459,Bob,Warlick,,,USA,,,True,False,False,-22.0,-22.0,-22.0
78460,Cornell,Warner,,,USA,,,False,True,False,1970.0,2.0,24.0
1627866,Jameel,Warney,,,USA,,,False,True,False,-1.0,-1.0,-1.0
78461,Johnny,Warren,,,USA,,,True,False,False,1969.0,1.0,11.0
203933,T.J.,Warren,,,USA,,,False,True,False,2014.0,1.0,14.0
202378,Willie,Warren,,,USA,,,True,False,False,2010.0,2.0,54.0
78462,Bryan,Warrick,,,USA,,,True,False,False,1982.0,2.0,25.0
101124,Hakim,Warrick,,,USA,,,False,True,False,2005.0,1.0,19.0
78463,Chris,Washburn,,,USA,,,False,False,True,1986.0,1.0,3.0
1626279,Jason,Washburn,,,"",,,"","","","","",""
1627395,Julian,Washburn,,,USA,,,True,True,False,2015.0,"",""
78469,Bobby,Washington,,,USA,,,True,False,False,-1.0,-1.0,-1.0
200827,Darius,Washington,,,USA,,,True,False,False,-1.0,-1.0,-1.0
201622,Deron,Washington,,,"",,,"","","","","",""
78464,Duane,Washington,,,USA,,,True,False,False,1987.0,2.0,36.0
78465,Dwayne,Washington,,,USA,,,True,False,False,1986.0,1.0,13.0
1540,Eric,Washington,,,USA,,,True,True,False,1997.0,2.0,46.0
78466,Jim,Washington,,,USA,,,False,True,False,1965.0,1.0,6.0
78467,Kermit,Washington,,,USA,,,False,True,False,1973.0,1.0,5.0
1629023,P.J.,Washington,,,,,,,,,,,
78468,Richard,Washington,,,USA,,,False,True,False,1976.0,1.0,3.0
78470,Stan,Washington,,,USA,,,True,False,False,1974.0,4.0,66.0
1642514,Warren,Washington,,,USA,,,False,False,False,-22.0,-22.0,-22.0
78471,Wilson,Washington,,,USA,,,False,True,False,1977.0,2.0,25.0
1630613,Duane,Washington Jr.,,,Germany,,,True,False,False,-1.0,-1.0,-1.0
1631102,TyTy,Washington Jr.,,,,,,,,,,,
1629139,Yuta,Watanabe,,,Japan,,,True,True,False,-22.0,-22.0,-22.0
1629682,Tremont,Waters,,,USA,,,True,False,False,2019.0,2.0,51.0
1630322,Lindy,Waters III,,,,,,false,false,false,,,
204024,Christian,Watford,,,"",,,"","","","","",""
1630570,Trendon,Watford,,,,,,,,,,,
201208,Darryl,Watkins,,,USA,,,False,False,True,-1.0,-1.0,-1.0
2136,Jameel,Watkins,,,"",,,"","","","","",""
1642364,Jamir,Watkins,,,,,,,,,,,
1641817,Anton,Watson,,,,,,,,,,,
79635,Bobby,Watson,,,"",,,"","","","","",""
201228,C.J.,Watson,,,USA,,,True,False,False,-1.0,-1.0,-1.0
2248,Earl,Watson,,,USA,,,True,False,False,2001.0,2.0,39.0
1630801,Ibi,Watson,,,USA,,,False,False,False,-22.0,-22.0,-22.0
320,Jamie,Watson,,,USA,,,False,True,False,1994.0,2.0,47.0
1628778,Paul,Watson,,,USA,,,True,False,False,-1.0,-1.0,-1.0
1631212,Peyton,Watson,,,,,,,,,,,
204030,Mitchell,Watt,,,"",,,"","","","","",""
78474,Ron,Watts,,,USA,,,False,True,False,1965.0,2.0,17.0
78473,Slick,Watts,,,USA,,,True,False,False,-1.0,-1.0,-1.0
203146,Maalik,Wayns,,,USA,,,True,False,False,-1.0,-1.0,-1.0
204033,David,Wear,,,USA,,,False,True,False,-1.0,-1.0,-1.0
204037,Travis,Wear,,,USA,,,False,True,False,-1.0,-1.0,-1.0
221,Clar.,Weatherspoon,,,USA,,,False,True,False,1992.0,1.0,9.0
78475,Nick,Weatherspoon,,,USA,,,False,True,False,1973.0,1.0,13.0
1629683,Quinndary,Weatherspoon,,,USA,,,True,False,False,2019.0,2.0,49.0
196294597,Quinndary,Weatherspoon,,,"",,,True,False,False,"","",""
201602,Kyle,Weaver,,,USA,,,True,False,False,2008.0,2.0,38.0
78477,Jeff,Webb,,,USA,,,True,False,False,-1.0,-1.0,-1.0
78478,Marcus,Webb,,,USA,,,False,True,False,-1.0,-1.0,-1.0
892,Spud,Webb,,,USA,,,True,False,False,1985.0,4.0,87.0
1627821,James,Webb III,,,USA,,,False,True,False,2016.0,"",""
185,Chris,Webber,,,USA,,,False,True,True,1993.0,1.0,1.0
1627362,Briante,Weber,,,USA,,,True,False,False,-1.0,-1.0,-1.0
196294140,Briante,Weber,,,"",,,"","","","","",""
78479,Forest,Weber,,,USA,,,False,False,True,-1.0,-1.0,-1.0
1626290,Corey,Webster,,,"",,,"","","","","",""
1067,Jeff,Webster,,,USA,,,False,True,False,1994.0,2.0,40.0
101110,Martell,Webster,,,USA,,,True,True,False,2005.0,1.0,6.0
78481,Marvin,Webster,,,USA,,,False,False,True,1975.0,1.0,3.0
78482,Scott,Wedman,,,USA,,,False,True,False,1974.0,1.0,6.0
64086,Jarrad,Weeks,,,"",,,"","","","","",""
1630651,Romeo,Weems,,,USA,,,False,False,False,-22.0,-22.0,-22.0
201603,Sonny,Weems,,,USA,,,True,True,False,2008.0,2.0,39.0
42587,Sonny,Weems,,,"",,,"","","","","",""
78483,Dick,Wehr,,,USA,,,False,False,False,-22.0,-22.0,-22.0
64096,Lu,Wei,,,"",,,"","","","","",""
196295088,Nelson,Weidemann,,,"",,,"","","","","",""
78484,Brant,Weidner,,,USA,,,False,True,False,1983.0,4.0,90.0
78485,Bob,Weiss,,,USA,,,True,False,False,1965.0,3.0,22.0
78486,Rick,Weitzman,,,USA,,,True,False,False,1967.0,1.0,110.0
1719,Bonzi,Wells,,,USA,,,True,True,False,1998.0,1.0,11.0
1528,Bubba,Wells,,,USA,,,False,True,False,1997.0,2.0,34.0
1626190,Dez,Wells,,,"",,,"","","","","",""
1627361,Dez,Wells,,,"",,,"","","","","",""
1642377,Jaylen,Wells,,,,,,false,false,false,,,
78488,Owen,Wells,,,USA,,,False,True,False,1974.0,5.0,77.0
78489,Ralph,Wells,,,USA,,,True,False,False,-1.0,-1.0,-1.0
1846,Chris,Welp,,,USA,,,False,False,True,1987.0,1.0,16.0
2412,Jiri,Welsch,,,Czech Republic,,,False,True,False,2002.0,1.0,16.0
1629118,Thomas,Welsh,,,USA,,,False,False,True,2018.0,2.0,58.0
1641705,Victor,Wembanyama,,,,,,false,false,false,,,
196295530,Zhang,Wenjie,,,,,,,,,,,
82,Bill,Wennington,,,USA,,,False,False,True,1985.0,1.0,16.0
78492,Matt,Wenstrom,,,USA,,,False,False,True,-1.0,-1.0,-1.0
1962937773,Tseng,Wenting,,,"",,,"","","","","",""
438,Robert,Werdann,,,USA,,,False,False,True,1992.0,2.0,46.0
78493,Robert,Werdann,,,"",,,"","","","","",""
78494,Ray,Wertis,,,USA,,,True,False,False,-1.0,-1.0,-1.0
1631104,Blake,Wesley,,,,,,,,,,,
133,David,Wesley,,,USA,,,True,False,False,-1.0,-1.0,-1.0
27024,Tai,Wesley,,,"",,,False,False,False,"","",""
64085,Tai,Wesley,,,"",,,False,True,False,"","",""
78495,Walt,Wesley,,,USA,,,False,False,True,1966.0,1.0,6.0
1629700,Kaleb,Wesson,,,USA,,,False,False,False,-22.0,-22.0,-22.0
2561,David,West,,,USA,,,False,True,False,2003.0,1.0,18.0
2753,Delonte,West,,,USA,,,True,False,False,2004.0,1.0,24.0
28,Doug,West,,,USA,,,True,False,False,1989.0,2.0,38.0
78497,Jerry,West,,,USA,,,True,False,False,1960.0,1.0,2.0
201238,Mario,West,,,USA,,,True,False,False,-22.0,-22.0,-22.0
770,Mark,West,,,USA,,,False,False,False,1983.0,2.0,30.0
78499,Roland,West,,,USA,,,True,False,False,1967.0,20.0,162.0
203586,Charlie,Westbrook,,,"",,,"","","","","",""
201566,Russell,Westbrook,,,,,,,,,,,
78500,Paul,Westphal,,,USA,,,True,False,False,1972.0,1.0,10.0
78501,John,Wetzel,,,USA,,,True,False,False,1966.0,8.0,75.0
1631348,Isaiah,Whaley,,,USA,,,False,False,False,-22.0,-22.0,-22.0
101156,Robert,Whaley,,,USA,,,False,False,True,2005.0,2.0,51.0
941,Ennis,Whatley,,,USA,,,False,False,False,1983.0,1.0,13.0
1545,DeJuan,Wheat,,,USA,,,True,False,False,1997.0,2.0,51.0
78504,Clinton,Wheeler,,,USA,,,True,False,False,1981.0,7.0,150.0
1630762,Phillip,Wheeler,,,,,,,,,,,
1755,Tyson,Wheeler,,,USA,,,True,False,False,1998.0,2.0,47.0
78506,Lucian,Whitaker,,,USA,,,True,False,False,1952.0,"",""
1629632,Coby,White,,,,,,,,,,,
201591,DJ,White,,,USA,,,False,True,False,2008.0,1.0,29.0
200844,Davin,White,,,"",,,"","","","","",""
1628401,Derrick,White,,,,,,false,false,false,,,
78507,Eric,White,,,USA,,,False,True,False,1987.0,3.0,65.0
78508,Herb,White,,,USA,,,True,False,False,1970.0,8.0,133.0
78509,Hubie,White,,,USA,,,True,False,False,1962.0,2.0,14.0
1631298,Jack,White,,,Australia,,,False,True,False,-1.0,-1.0,-1.0
1751,Jahidi,White,,,USA,,,False,True,True,1998.0,2.0,43.0
200778,James,White,,,USA,,,True,True,False,2006.0,2.0,31.0
78510,Jojo,White,,,USA,,,True,False,False,1969.0,1.0,9.0
1966938146,Kevin,White,,,"",,,"","","","","",""
1627855,Okaro,White,,,USA,,,False,True,False,-1.0,-1.0,-1.0
196294139,Okaro,White,,,"",,,"","","","","",""
1839,Randy,White,,,USA,,,False,True,False,1989.0,1.0,8.0
2206,Rodney,White,,,USA,,,False,True,False,2001.0,1.0,9.0
78512,Rory,White,,,USA,,,False,True,False,1982.0,4.0,86.0
203091,Royce,White,,,USA,,,False,True,False,2012.0,1.0,16.0
78513,Rudy,White,,,USA,,,True,False,False,1975.0,3.0,47.0
202358,Terrico,White,,,USA,,,True,False,False,2010.0,2.0,36.0
78514,Tony,White,,,USA,,,True,False,False,1987.0,2.0,33.0
78515,Willie,White,,,USA,,,True,False,False,1984.0,2.0,42.0
1628510,Andrew,White III,,,USA,,,False,True,False,2017.0,"",""
1641727,Dariq,Whitehead,,,,,,,,,,,
1627785,Isaiah,Whitehead,,,USA,,,True,False,False,2016.0,2.0,42.0
78516,Jerome,Whitehead,,,USA,,,False,False,True,1978.0,2.0,41.0
1126,Donald,Whiteside,,,USA,,,True,False,False,-1.0,-1.0,-1.0
202355,Hassan,Whiteside,,,USA,,,False,False,True,2010.0,2.0,33.0
730,Dwayne,Whitfield,,,USA,,,False,True,False,1995.0,2.0,40.0
1641715,Cam,Whitmore,,,,,,,,,,,
78519,Charles,Whitney,,,USA,,,False,True,False,1980.0,1.0,16.0
43,Chris,Whitney,,,USA,,,True,False,False,1993.0,2.0,47.0
1630232,Kahlil,Whitney,,,USA,,,False,False,False,-22.0,-22.0,-22.0
204222,Greg,Whittington,,,USA,,,False,True,False,-1.0,-1.0,-1.0
203963,Shayne,Whittington,,,USA,,,False,True,True,-1.0,-1.0,-1.0
78520,Sidney,Wicks,,,USA,,,False,True,False,1971.0,1.0,2.0
78521,Murray,Wier,,,USA,,,True,False,False,1948.0,"",""
78522,Bob,Wiesenhahn,,,USA,,,False,True,False,1961.0,2.0,11.0
1630580,Joe,Wieskamp,,,USA,,,True,True,False,2021.0,2.0,41.0
1630598,Aaron,Wiggins,,,,,,false,false,false,,,
203952,Andrew,Wiggins,,,,,,false,false,false,,,
78523,Mitchell,Wiggins,,,USA,,,True,False,False,1983.0,1.0,23.0
204289,Nick,Wiggins,,,"",,,"","","","","",""
1629623,Lindell,Wigginton,,,Canada,,,True,False,False,2019.0,"",""
203959,Scottie,Wilbekin,,,"",,,"","","","","",""
78524,Ken,Wilburn,,,USA,,,False,True,False,1966.0,4.0,39.0
203912,C.J.,Wilcox,,,USA,,,True,False,False,2014.0,1.0,28.0
2404,Chris,Wilcox,,,USA,,,False,True,True,2002.0,1.0,8.0
78525,D.C.,Wilcutt,,,USA,,,True,False,False,1948.0,"",""
196295491,Austin,Wiley,,,,,,false,false,false,,,
78526,Gene,Wiley,,,USA,,,False,False,True,1962.0,2.0,15.0
1628451,Jacob,Wiley,,,USA,,,False,True,False,-1.0,-1.0,-1.0
78527,Michael,Wiley,,,USA,,,False,True,False,1980.0,2.0,39.0
78528,Morlon,Wiley,,,USA,,,True,False,False,1988.0,2.0,46.0
78529,Win,Wilfong,,,USA,,,True,False,False,1957.0,1.0,4.0
1966938173,Justin,Wiliams,,,"",,,False,True,False,"","",""
78530,Lenny,Wilkens,,,USA,,,True,False,False,1960.0,1.0,6.0
78531,Bob,Wilkerson,,,USA,,,True,False,False,1976.0,1.0,11.0
203174,Tyler,Wilkerson,,,"",,,"","","","","",""
78532,Jamaal,Wilkes,,,USA,,,False,True,False,1974.0,1.0,11.0
78533,James,Wilkes,,,USA,,,False,True,False,1980.0,3.0,50.0
1962936495,Damien,Wilkins,,,"",,,"","","","","",""
2863,Damien,Wilkins,,,USA,,,True,True,False,-1.0,-1.0,-1.0
1122,Dominique,Wilkins,,,USA,,,False,True,False,1982.0,1.0,3.0
78534,Eddielee,Wilkins,,,USA,,,False,False,True,1984.0,6.0,133.0
786,Gerald,Wilkins,,,USA,,,True,False,False,1985.0,2.0,47.0
1629145,Isaiah,Wilkins,,,"",,,"","","","","",""
78537,Jeff,Wilkins,,,USA,,,False,False,True,1977.0,2.0,37.0
78538,Dale,Wilkinson,,,USA,,,False,True,False,1982.0,10.0,221.0
2366,Mike,Wilks,,,USA,,,True,False,False,-1.0,-1.0,-1.0
1425,Aaron,Williams,,,USA,,,False,True,True,-1.0,-1.0,-1.0
2854,Ajani,Williams,,,"",,,"","","","","",""
1626210,Alan,Williams,,,USA,,,False,True,True,-1.0,-1.0,-1.0
1631214,Alondes,Williams,,,,,,,,,,,
1541,Alvin,Williams,,,USA,,,True,False,False,1997.0,2.0,47.0
1642873,Amari,Williams,,,,,,,,,,,
78539,Arthur,Williams,,,USA,,,True,False,False,-1.0,-1.0,-1.0
78540,Bernie,Williams,,,USA,,,True,False,False,1969.0,2.0,21.0
78564,Bob,Williams,,,USA,,,False,True,False,-1.0,-1.0,-1.0
1585,Brandon,Williams,,,USA,,,False,True,False,-1.0,-1.0,-1.0
1630314,Brandon,Williams,,,,,,,,,,,
1642924,Brice,Williams,,,,,,,,,,,
1631258,Bryson,Williams,,,USA,,,False,False,False,-22.0,-22.0,-22.0
433,Buck,Williams,,,USA,,,False,True,False,1981.0,1.0,3.0
203710,C.J.,Williams,,,USA,,,True,False,False,2012.0,0.0,0.0
78547,Chuck,Williams,,,USA,,,True,False,False,1968.0,6.0,76.0
78541,Chuckie,Williams,,,USA,,,True,False,False,1976.0,1.0,15.0
78543,Cliff,Williams,,,USA,,,True,False,False,-1.0,-1.0,-1.0
1642262,Cody,Williams,,,,,,,,,,,
101258,Corey,Williams,,,USA,,,True,False,False,1992.0,2.0,33.0
101114,Deron,Williams,,,USA,,,True,False,False,2005.0,1.0,3.0
202682,Derrick,Williams,,,USA,,,False,True,False,2011.0,1.0,2.0
1628241,Devin,Williams,,,"",,,"","","","","",""
78545,Don,Williams,,,USA,,,True,False,False,1978.0,5.0,96.0
1631495,Donovan,Williams,,,USA,,,False,False,False,-22.0,-22.0,-22.0
78546,Earl,Williams,,,USA,,,False,False,True,1974.0,3.0,49.0
202343,Elliot,Williams,,,USA,,,True,False,False,2010.0,1.0,22.0
677,Eric,Williams,,,USA,,,True,True,False,1995.0,1.0,14.0
2421,Frank,Williams,,,USA,,,True,False,False,2002.0,1.0,25.0
78548,Freeman,Williams,,,USA,,,True,False,False,1978.0,1.0,8.0
1629684,Grant,Williams,,,,,,,,,,,
78549,Gus,Williams,,,USA,,,True,False,False,1975.0,2.0,20.0
78550,Guy,Williams,,,USA,,,False,True,False,1983.0,2.0,34.0
1006,Herb,Williams,,,USA,,,False,False,True,1981.0,1.0,14.0
73,Hot Rod,Williams,,,USA,,,False,False,True,1985.0,2.0,45.0
1631114,Jalen,Williams,,,,,,false,false,false,,,
1715,Jason,Williams,,,USA,,,True,False,False,1998.0,1.0,7.0
101214,Jawad,Williams,,,USA,,,False,True,False,-1.0,-1.0,-1.0
2398,Jay,Williams,,,USA,,,True,False,False,2002.0,1.0,2.0
1631119,Jaylin,Williams,,,,,,false,false,false,,,
1642444,Jaylin,Williams,,,"",,,"","","","","",""
420,Jayson,Williams,,,USA,,,False,True,False,1990.0,1.0,21.0
966,Jerome,Williams,,,USA,,,False,True,True,1996.0,1.0,26.0
78554,John,Williams,,,USA,,,False,True,False,1986.0,1.0,12.0
1629140,Johnathan,Williams,,,USA,,,False,True,False,-1.0,-1.0,-1.0
202716,Jordan,Williams,,,USA,,,False,False,True,2011.0,2.0,36.0
200818,Justin,Williams,,,USA,,,False,False,False,-22.0,-22.0,-22.0
200962,Justin,Williams,,,"",,,"","","","","",""
78555,Kenny,Williams,,,USA,,,False,True,False,1990.0,2.0,46.0
1629026,Kenrich,Williams,,,,,,,,,,,
78556,Kevin,Williams,,,USA,,,True,False,False,1983.0,2.0,46.0
31,Lorenzo,Williams,,,USA,,,False,True,False,-1.0,-1.0,-1.0
101150,Lou,Williams,,,USA,,,True,False,False,2005.0,2.0,45.0
1642013,Malik,Williams,,,,,,,,,,,
200766,Marcus,Williams,,,USA,,,True,False,False,2006.0,1.0,22.0
201173,Marcus,Williams,,,USA,,,True,False,False,2007.0,2.0,33.0
1631109,Mark,Williams,,,,,,,,,,,
101107,Marvin,Williams,,,USA,,,False,True,False,2005.0,1.0,2.0
52,Micheal,Williams,,,USA,,,True,False,False,1988.0,2.0,48.0
78558,Mike,Williams,,,USA,,,True,False,False,1986.0,3.0,51.0
78560,Milt,Williams,,,USA,,,True,False,False,1968.0,17.0,202.0
2590,Mo,Williams,,,USA,,,True,False,False,2003.0,2.0,47.0
42,Monty,Williams,,,USA,,,False,True,False,1994.0,1.0,24.0
1631466,Nate,Williams,,,,,,,,,,,
2826,Nate,Williams,,,"",,,"","","","","",""
78561,Nate,Williams,,,USA,,,True,False,False,1976.0,5.0,69.0
1630172,Patrick,Williams,,,,,,,,,,,
78566,Pete,Williams,,,USA,,,False,True,False,1985.0,4.0,89.0
78571,Ray,Williams,,,USA,,,True,False,False,1977.0,1.0,10.0
199,Reggie,Williams,,,USA,,,"","","",1987.0,1.0,4.0
202130,Reggie,Williams,,,USA,,,False,True,False,-1.0,-1.0,-1.0
78563,Rickey,Williams,,,USA,,,True,False,False,1978.0,10.0,190.0
78565,Rob,Williams,,,USA,,,True,False,False,1982.0,1.0,19.0
203576,Rodney,Williams,,,"",,,"","","","","",""
78567,Ron,Williams,,,USA,,,True,False,False,1968.0,1.0,9.0
78568,Sam,Williams,,,USA,,,True,False,False,1968.0,3.0,35.0
78569,Samuel,Williams,,,USA,,,False,True,False,1981.0,2.0,33.0
281,Scott,Williams,,,USA,,,False,True,True,-1.0,-1.0,-1.0
201157,Sean,Williams,,,USA,,,False,True,True,2007.0,1.0,17.0
1742,Shammond,Williams,,,USA,,,True,False,False,1998.0,2.0,34.0
200761,Shawne,Williams,,,USA,,,False,True,False,2006.0,1.0,17.0
200749,Shelden,Williams,,,USA,,,False,True,True,2006.0,1.0,5.0
78570,Sly,Williams,,,USA,,,False,True,False,1979.0,1.0,21.0
1628494,T.J.,Williams,,,"",,,"","","","","",""
201944,Terrence,Williams,,,USA,,,True,True,False,2009.0,1.0,11.0
1576,Travis,Williams,,,USA,,,False,True,False,-1.0,-1.0,-1.0
1630652,Trevion,Williams,,,USA,,,False,False,False,-22.0,-22.0,-22.0
1627786,Troy,Williams,,,USA,,,False,True,False,-1.0,-1.0,-1.0
1005,Walt,Williams,,,USA,,,True,True,False,1992.0,1.0,7.0
78573,Ward,Williams,,,USA,,,False,True,False,1948.0,1.0,8.0
78574,Willie,Williams,,,USA,,,False,True,False,1970.0,3.0,38.0
1630533,Ziaire,Williams,,,,,,,,,,,
1629057,Robert,Williams III,,,,,,,,,,,
1628475,Matt,Williams Jr.,,,USA,,,True,False,False,-1.0,-1.0,-1.0
1631246,Vince,Williams Jr.,,,,,,,,,,,
1628430,Nigel,Williams-Goss,,,USA,,,True,False,False,2017.0,2.0,55.0
722,Corliss,Williamson,,,USA,,,False,True,False,1995.0,1.0,13.0
78575,John,Williamson,,,USA,,,True,False,False,1973.0,6.0,96.0
1631351,Lucas,Williamson,,,USA,,,False,False,False,-22.0,-22.0,-22.0
1629627,Zion,Williamson,,,,,,false,false,false,,,
1628491,Derek,Willis,,,"",,,"","","","","",""
788,Kevin,Willis,,,USA,,,False,True,True,1984.0,1.0,11.0
78577,Bill,Willoughby,,,USA,,,False,True,False,1975.0,2.0,19.0
2000,Dedric,Willoughby,,,USA,,,True,False,False,-1.0,-1.0,-1.0
1642113,Bryce,Wills,,,USA,,,False,False,False,-22.0,-22.0,-22.0
201233,Roderick,Wilmont,,,"",,,"","","","","",""
78586,Bob,Wilson,,,USA,,,True,False,False,-1.0,-1.0,-1.0
78585,Bobby,Wilson,,,USA,,,True,False,False,1974.0,3.0,52.0
1628391,D.J.,Wilson,,,USA,,,False,True,False,2017.0,1.0,17.0
78579,George,Wilson,,,USA,,,False,False,True,1964.0,"",""
78580,Isaiah,Wilson,,,USA,,,True,False,False,1971.0,2.0,29.0
1630592,Jalen,Wilson,,,,,,,,,,,
203966,Jamil,Wilson,,,USA,,,False,True,False,-1.0,-1.0,-1.0
78581,Mike,Wilson,,,USA,,,True,False,False,1982.0,3.0,47.0
78582,Nikita,Wilson,,,USA,,,False,True,False,1987.0,2.0,30.0
78578,Othell,Wilson,,,USA,,,True,False,False,1984.0,2.0,35.0
78583,Rick,Wilson,,,USA,,,True,False,False,1978.0,2.0,25.0
78584,Ricky,Wilson,,,USA,,,True,False,False,1986.0,3.0,52.0
78587,Thomas,Wilson,,,USA,,,True,False,False,1978.0,5.0,101.0
196295484,Tom,Wilson,,,,,,,,,,,
64051,Tomer,Wilson,,,"",,,"","","","","",""
1027,Trevor,Wilson,,,USA,,,False,True,False,1990.0,2.0,36.0
1627787,Kyle,Wiltjer,,,Canada,,,False,True,False,-22.0,-22.0,-22.0
78589,Kennard,Winchester,,,USA,,,False,True,False,-1.0,-1.0,-1.0
78590,Tony,Windis,,,USA,,,True,False,False,1959.0,5.0,32.0
1629685,Dylan,Windler,,,USA,,,True,True,False,2019.0,1.0,26.0
78591,John,Windsor,,,USA,,,False,True,False,1962.0,5.0,39.0
78592,Lee,Winfield,,,USA,,,True,False,False,1969.0,3.0,32.0
766,David,Wingate,,,USA,,,True,True,False,1986.0,2.0,44.0
30002,Major,Wingate,,,"",,,"","","","","",""
112,Dontonio,Wingfield,,,USA,,,False,True,False,1994.0,2.0,37.0
78596,Harthorne,Wingo,,,USA,,,False,True,False,-1.0,-1.0,-1.0
78597,Marv,Winkler,,,USA,,,True,False,False,1970.0,3.0,50.0
1626159,Justise,Winslow,,,USA,,,True,True,False,2015.0,1.0,10.0
1984,Rickie,Winslow,,,USA,,,False,True,False,1987.0,2.0,28.0
1630216,Cassius,Winston,,,,,,,,,,,
101227,Kennedy,Winston,,,"",,,"","","","","",""
1868,Trevor,Winter,,,USA,,,False,False,True,-1.0,-1.0,-1.0
78600,Brian,Winters,,,USA,,,True,False,False,1974.0,1.0,12.0
78601,Voise,Winters,,,USA,,,False,True,False,1985.0,2.0,44.0
202217,Jeremy,Wise,,,"",,,"","","","","",""
78602,Willie,Wise,,,USA,,,False,True,False,1969.0,5.0,64.0
1630164,James,Wiseman,,,,,,,,,,,
41624,Andrew,Wisniewski,,,"",,,"","","","","",""
1629270,Todd,Withers,,,"",,,"","","","","",""
203178,Wesley,Witherspoon,,,"",,,"","","","","",""
203481,Jeff,Withey,,,USA,,,False,False,True,2013.0,2.0,39.0
78603,Luke,Witte,,,USA,,,False,False,True,1973.0,4.0,57.0
1456,Randy,Wittman,,,USA,,,True,False,False,1983.0,1.0,22.0
78605,Garry,Witts,,,USA,,,True,False,False,1981.0,5.0,103.0
78606,Dave,Wohl,,,USA,,,True,False,False,1971.0,3.0,46.0
43202,Jonas,Wohlfarth Botterman,,,"",,,"","","","","",""
43223,Kevin,Wohlrath,,,"",,,"","","","","",""
1642874,Danny,Wolf,,,,,,,,,,,
341,Joe,Wolf,,,USA,,,False,False,False,1987.0,1.0,13.0
2106,Ruben,Wolkowyski,,,Argentina,,,False,True,False,-1.0,-1.0,-1.0
524,Wolkowyski,Wolkowyski,,,"",,,"","","","","",""
203489,Nate,Wolters,,,USA,,,True,False,False,2013.0,2.0,38.0
1631209,Isaiah,Wong,,,"",,,"","","","","",""
78610,Al,Wood,,,USA,,,True,False,False,1981.0,1.0,4.0
78612,Bob,Wood,,,USA,,,True,False,False,-1.0,-1.0,-1.0
1626174,Christian,Wood,,,"",,,"","","","","",""
56081,Dashaun,Wood,,,"",,,"","","","","",""
116,David,Wood,,,USA,,,False,True,False,-1.0,-1.0,-1.0
78609,Howard,Wood,,,USA,,,False,True,False,1981.0,2.0,27.0
78611,Leon,Wood,,,USA,,,True,False,False,1984.0,1.0,10.0
1642473,Moses,Wood,,,USA,,,False,False,False,-22.0,-22.0,-22.0
1627954,Scott,Wood,,,"",,,"","","","","",""
1630218,Robert,Woodard II,,,USA,,,False,True,False,2020.0,2.0,40.0
2254,Loren,Woods,,,USA,,,False,False,True,2001.0,2.0,45.0
40003,Loren,Woods,,,"",,,"","","","","",""
2417,Qyntel,Woods,,,USA,,,True,True,False,2002.0,1.0,21.0
1010,Randy,Woods,,,USA,,,True,False,False,1992.0,1.0,16.0
78614,Mike,Woodson,,,USA,,,True,False,False,1980.0,1.0,12.0
78615,Orlando,Woolridge,,,USA,,,False,True,False,1981.0,1.0,6.0
1629624,Kenny,Wooten,,,USA,,,False,True,False,-1.0,-1.0,-1.0
906,Haywoode,Workman,,,USA,,,True,False,False,1989.0,2.0,49.0
78616,Mark,Workman,,,USA,,,False,False,True,1952.0,1.0,1.0
78617,Tom,Workman,,,USA,,,False,True,False,1967.0,1.0,8.0
1962937553,Willy,Workman,,,"",,,False,False,False,"","",""
196294136,Willy,Workman,,,"",,,False,False,False,"","",""
64015,Willy,Workman,,,"",,,False,False,False,"","",""
1897,Metta,World Peace,,,USA,,,False,True,False,1999.0,1.0,16.0
78618,Sam,Worthen,,,USA,,,True,False,False,1980.0,2.0,26.0
1460,James,Worthy,,,USA,,,False,True,False,1982.0,1.0,1.0
101120,Antoine,Wright,,,USA,,,True,True,False,2005.0,1.0,15.0
101152,Bracey,Wright,,,USA,,,True,False,False,2005.0,2.0,47.0
78620,Brad,Wright,,,USA,,,False,True,False,1985.0,3.0,49.0
201148,Brandan,Wright,,,USA,,,False,False,False,2007.0,1.0,8.0
202874,Chris,Wright,,,USA,,,False,True,False,-1.0,-1.0,-1.0
203203,Chris,Wright,,,USA,,,True,False,False,-1.0,-1.0,-1.0
1626153,Delon,Wright,,,,,,,,,,,
2748,Dorell,Wright,,,USA,,,True,True,False,2004.0,1.0,19.0
78621,Howard,Wright,,,USA,,,False,True,False,-1.0,-1.0,-1.0
78622,Joby,Wright,,,USA,,,False,True,False,1972.0,2.0,18.0
201153,Julian,Wright,,,USA,,,False,True,False,2007.0,1.0,13.0
78623,Larry,Wright,,,USA,,,True,False,False,1976.0,1.0,14.0
953,Lorenzen,Wright,,,USA,,,False,True,True,1996.0,1.0,7.0
1007,Luther,Wright,,,USA,,,False,False,True,1993.0,1.0,18.0
1630589,Moses,Wright,,,USA,,,False,True,False,-1.0,-1.0,-1.0
2787,Rashad,Wright,,,"",,,"","","","","",""
40002,Rashad,Wright,,,"",,,"","","","","",""
412,Sharone,Wright,,,USA,,,False,False,True,1994.0,1.0,6.0
1630593,McKinley,Wright IV,,,USA,,,True,False,False,-1.0,-1.0,-1.0
1629625,Justin,Wright-Foreman,,,USA,,,True,False,False,2019.0,2.0,53.0
203100,Tony,Wroten,,,USA,,,True,False,False,2012.0,1.0,25.0
1966938127,Yongsheng,Wu,,,"",,,"","","","","",""
203579,Khalif,Wyatt,,,"",,,"","","","","",""
78627,A.J.,Wynder,,,USA,,,True,False,False,-1.0,-1.0,-1.0
196295528,Li,Xiangbo,,,,,,false,false,false,,,
196295529,Li,Xiaotong,,,,,,,,,,,
1962937760,Huang,Xu,,,"",,,"","","","","",""
64092,Huang,Xu,,,"",,,"","","","","",""
64097,Luo,Xudong,,,"",,,True,False,False,"","",""
1627824,Guerschon,Yabusele,,,,,,,,,,,
196294542,Guerschon,Yabusele,,,"",,,False,True,False,"","",""
196295539,Liu,Yancheng,,,,,,false,false,false,,,
1642905,Hansen,Yang,,,,,,,,,,,
196295533,Pang,Yanjun,,,,,,,,,,,
2832,Neil,Yanke,,,"",,,"","","","","",""
196295527,Liu,Yanthenz,,,,,,false,false,false,,,
64136,Tianyi,Yao,,,"",,,"","","","","",""
1966938197,Tianyo,Yao,,,"",,,"","","","","",""
2428,Vincent,Yarbrough,,,USA,,,False,True,False,2002.0,2.0,32.0
78628,George,Yardley,,,USA,,,False,True,False,1950.0,1.0,7.0
78629,Barry,Yates,,,USA,,,False,True,False,1971.0,8.0,131.0
78630,Wayne,Yates,,,USA,,,False,False,True,1961.0,1.0,5.0
78631,Charlie,Yelverton,,,USA,,,True,False,False,1971.0,2.0,25.0
201146,Jianlian,Yi,,,China,,,False,True,False,2007.0,1.0,6.0
1962937765,Zhai,Yi,,,"",,,"","","","","",""
64099,Zhu,Ying,,,"",,,"","","","","",""
43241,Dagan,Yivzori,,,"",,,"","","","","",""
42573,Dagan,Yivzuri,,,"",,,"","","","","",""
78632,Rich,Yonakor,,,USA,,,False,True,False,1980.0,3.0,61.0
1642385,Cui,Yongxi,,,China,,,False,False,False,-22.0,-22.0,-22.0
1628221,Gabe,York,,,USA,,,True,False,False,-1.0,-1.0,-1.0
78633,Danny,Young,,,USA,,,True,False,False,1984.0,2.0,39.0
1929,Galen,Young,,,"",,,"","","","","",""
1642443,Jahmir,Young,,,,,,,,,,,
203923,James,Young,,,USA,,,False,False,False,2014.0,1.0,17.0
1962936105,Jesse,Young,,,"",,,"","","","","",""
1626202,Joe,Young,,,USA,,,True,False,False,2015.0,2.0,43.0
1748,Korleone,Young,,,USA,,,False,True,False,1998.0,2.0,40.0
78634,Michael,Young,,,USA,,,True,False,False,1984.0,1.0,24.0
1628454,Mike,Young,,,"",,,"","","","","",""
201156,Nick,Young,,,USA,,,True,True,False,2007.0,1.0,16.0
203942,Patric,Young,,,"",,,"","","","","",""
78635,Perry,Young,,,USA,,,True,False,False,1985.0,3.0,61.0
2674,Ray,Young,,,"",,,"","","","","",""
201970,Sam,Young,,,USA,,,True,True,False,2009.0,2.0,36.0
201152,Thaddeus,Young,,,USA,,,False,True,False,2007.0,1.0,12.0
1937,Tim,Young,,,USA,,,False,False,True,1999.0,2.0,56.0
1629027,Trae,Young,,,,,,false,false,false,,,
1642959,Chris,Youngblood,,,,,,,,,,,
1962937772,Shi,Yuchen,,,"",,,"","","","","",""
64095,Tian,Yuchen,,,"",,,"","","","","",""
43307,Omer,Yurseven,,,"",,,"","","","","",""
1630209,Omer,Yurtseven,,,Turkey,,,False,False,True,-1.0,-1.0,-1.0
1962936724,Omer,Yurtseven,,,"",,,"","","","","",""
9013,Artem,Zabelin,,,"",,,"","","","","",""
1627825,Rade,Zagorac,,,"",,,"","","","","",""
204075,Talib,Zanna,,,"",,,"","","","","",""
78638,Max,Zaslofsky,,,USA,,,True,False,False,-1.0,-1.0,-1.0
41006,Donatas,Zavackas,,,"",,,"","","","","",""
78639,Robert,Zawoluk,,,USA,,,False,True,False,1952.0,"",""
1627878,Nick,Zeisloft,,,"",,,"","","","","",""
203469,Cody,Zeller,,,USA,,,False,True,True,2013.0,1.0,4.0
78640,Dave,Zeller,,,USA,,,True,False,False,1961.0,7.0,61.0
78641,Gary,Zeller,,,USA,,,True,False,False,1970.0,5.0,83.0
78642,Hank,Zeller,,,USA,,,False,False,True,-1.0,-1.0,-1.0
202545,Luke,Zeller,,,USA,,,False,True,True,-1.0,-1.0,-1.0
203092,Tyler,Zeller,,,USA,,,False,True,True,2012.0,1.0,17.0
1630855,Fanbo,Zeng,,,,,,,,,,,
78643,Tony,Zeno,,,USA,,,False,True,False,1979.0,2.0,32.0
78644,Phil,Zevenbergen,,,USA,,,False,True,False,1987.0,3.0,50.0
64111,Xiaochuan,Zhai,,,"",,,"","","","","",""
64119,Cairen,Zhang,,,"",,,"","","","","",""
1966938126,Chunjun,Zhang,,,"",,,"","","","","",""
1962937729,Fan,Zhang,,,"",,,"","","","","",""
201654,Kai,Zhang,,,"",,,"","","","","",""
21013,Songtao,Zhang,,,"",,,"","","","","",""
64117,Songtao,Zhang,,,"",,,"","","","","",""
64133,Yongpeng,Zhang,,,"",,,False,False,True,"","",""
64125,Zhuo,Zhang,,,"",,,"","","","","",""
64128,Yanman,Zhao,,,"",,,"","","","","",""
64124,Ziyi,Zhao,,,"",,,"","","","","",""
1962937766,Zhang,Zhaoxu,,,"",,,False,False,False,"","",""
64100,Zhang,Zhaoxu,,,"",,,"","","","","",""
27007,Zhun,Zheng,,,"",,,"","","","","",""
64137,Zhun,Zheng,,,"",,,"","","","","",""
1962937768,Luo,Zhi,,,"",,,"","","","","",""
64102,Luo,Zhi,,,"",,,"","","","","",""
1917,Wang,Zhi-zhi,,,China,,,False,False,True,1999.0,2.0,36.0
21007,Fangyu,Zhu,,,"",,,"","","","","",""
27006,Xuhang,Zhu,,,"",,,"","","","","",""
64113,Yanxi,Zhu,,,"",,,"","","","","",""
678,George,Zidek,,,USA,,,False,False,True,1995.0,1.0,22.0
1962937762,Tang,Zihao,,,"",,,"","","","","",""
64094,Tang,Zihao,,,"",,,"","","","","",""
1642911,Rocco,Zikarsky,,,,,,,,,,,
2583,Derrick,Zimmerman,,,USA,,,True,False,False,2003.0,2.0,40.0
1627757,Stephen,Zimmerman,,,USA,,,False,False,True,2016.0,2.0,41.0
1627835,Paul,Zipser,,,Germany,,,False,True,False,2016.0,2.0,48.0
40090,Nikos,Zisis,,,"",,,"","","","","",""
43242,Yiftach,Ziv,,,"",,,"","","","","",""
196295532,Guan,Ziyu,,,,,,,,,,,
1627790,Ante,Zizic,,,Croatia,,,False,False,True,2016.0,1.0,23.0
78647,Jim,Zoet,,,USA,,,False,False,True,-1.0,-1.0,-1.0
196295493,Yovel,Zoosman,,,,,,false,false,false,,,
78648,Bill,Zopf,,,USA,,,True,False,False,1970.0,2.0,33.0
42540,Luka,Zoric,,,"",,,"","","","","",""
43311,Luka,Zoric,,,"",,,"","","","","",""
42588,Aleksey,Zozulin,,,"",,,"","","","","",""
1627826,Ivica,Zubac,,,,,,false,false,false,,,
1441,Aurelijius,Zukauskas,,,"",,,"","","","","",""
78650,Matt,Zunic,,,USA,,,True,False,False,1947.0,"",""
1641783,Tristan,da Silva,,,,,,false,false,false,,,
1628437,George,de Paula,,,"",,,"","","","","",""
1962936150,Maurillioh,de Rosa,,,"",,,"","","","","",""
560,de la Fuente,de la Fuente,,,"",,,"","","","","",""
1642365,Nikola,Đurisic,,,,,,,,,,,
